GCCSA_CODE_2021,C16_P_25_29_Em_FT,C16_P_25_29_Em_PT,C16_P_25_29_Em_AFW,C16_P_25_29_Em_Hrs_NS,C16_P_25_29_Em_Tot,C16_P_25_29_Unem_Look_FT,C16_P_25_29_Unem_Look_PT,C16_P_25_29_Unem_Tot,C16_P_25_29_Tot_LF,C16_P_25_29_Not_LF,C16_P_25_29_LF_NS,C16_P_25_29_Tot,C16_P_30_34_Em_FT,C16_P_30_34_Em_PT,C16_P_30_34_Em_AFW,C16_P_30_34_Em_Hrs_NS,C16_P_30_34_Em_Tot,C16_P_30_34_Unem_Look_FT,C16_P_30_34_Unem_Look_PT,C16_P_30_34_Unem_Tot,C16_P_30_34_Tot_LF,C16_P_30_34_Not_LF,C16_P_30_34_LF_NS,C16_P_30_34_Tot,C16_P_35_39_Em_FT,C16_P_35_39_Em_PT,C16_P_35_39_Em_AFW,C16_P_35_39_Em_Hrs_NS,C16_P_35_39_Em_Tot,C16_P_35_39_Unem_Look_FT,C16_P_35_39_Unem_Look_PT,C16_P_35_39_Unem_Tot,C16_P_35_39_Tot_LF,C16_P_35_39_Not_LF,C16_P_35_39_LF_NS,C16_P_35_39_Tot,C16_P_40_44_Em_FT,C16_P_40_44_Em_PT,C16_P_40_44_Em_AFW,C16_P_40_44_Em_Hrs_NS,C16_P_40_44_Em_Tot,C16_P_40_44_Unem_Look_FT,C16_P_40_44_Unem_Look_PT,C16_P_40_44_Unem_Tot,C16_P_40_44_Tot_LF,C16_P_40_44_Not_LF,C16_P_40_44_LF_NS,C16_P_40_44_Tot,C16_P_45_49_Em_FT,C16_P_45_49_Em_PT,C16_P_45_49_Em_AFW,C16_P_45_49_Em_Hrs_NS,C16_P_45_49_Em_Tot,C16_P_45_49_Unem_Look_FT,C16_P_45_49_Unem_Look_PT,C16_P_45_49_Unem_Tot,C16_P_45_49_Tot_LF,C16_P_45_49_Not_LF,C16_P_45_49_LF_NS,C16_P_45_49_Tot,C16_P_50_54_Em_FT,C16_P_50_54_Em_PT,C16_P_50_54_Em_AFW,C16_P_50_54_Em_Hrs_NS,C16_P_50_54_Em_Tot,C16_P_50_54_Unem_Look_FT,C16_P_50_54_Unem_Look_PT,C16_P_50_54_Unem_Tot,C16_P_50_54_Tot_LF,C16_P_50_54_Not_LF,C16_P_50_54_LF_NS,C16_P_50_54_Tot,C16_P_55_59_Em_FT,C16_P_55_59_Em_PT,C16_P_55_59_Em_AFW,C16_P_55_59_Em_Hrs_NS,C16_P_55_59_Em_Tot,C16_P_55_59_Unem_Look_FT,C16_P_55_59_Unem_Look_PT,C16_P_55_59_Unem_Tot,C16_P_55_59_Tot_LF,C16_P_55_59_Not_LF,C16_P_55_59_LF_NS,C16_P_55_59_Tot,C16_P_60_64_Em_FT,C16_P_60_64_Em_PT,C16_P_60_64_Em_AFW,C16_P_60_64_Em_Hrs_NS,C16_P_60_64_Em_Tot,C16_P_60_64_Unem_Look_FT,C16_P_60_64_Unem_Look_PT,C16_P_60_64_Unem_Tot,C16_P_60_64_Tot_LF,C16_P_60_64_Not_LF,C16_P_60_64_LF_NS,C16_P_60_64_Tot,C16_P_65_69_Em_FT,C16_P_65_69_Em_PT,C16_P_65_69_Em_AFW,C16_P_65_69_Em_Hrs_NS,C16_P_65_69_Em_Tot,C16_P_65_69_Unem_Look_FT,C16_P_65_69_Unem_Look_PT,C16_P_65_69_Unem_Tot,C16_P_65_69_Tot_LF,C16_P_65_69_Not_LF,C16_P_65_69_LF_NS,C16_P_65_69_Tot,C16_P_70_74_Em_FT,C16_P_70_74_Em_PT,C16_P_70_74_Em_AFW,C16_P_70_74_Em_Hrs_NS,C16_P_70_74_Em_Tot,C16_P_70_74_Unem_Look_FT,C16_P_70_74_Unem_Look_PT,C16_P_70_74_Unem_Tot,C16_P_70_74_Tot_LF,C16_P_70_74_Not_LF,C16_P_70_74_LF_NS,C16_P_70_74_Tot,C16_P_75over_Em_FT,C16_P_75over_Em_PT,C16_P_75over_Emp_Aw_fr_w,C16_P_75over_Emp_Hou_w_ns,C16_P_75over_Em_Tot,C16_P_75over_Unem_Lo_ft_wor,C16_P_75over_Unem_Lo_pt_wor,C16_P_75over_Unemp_Tot,C16_P_75over_Tot_lab_for,C16_P_75over_N_lab_forc,C16_P_75over_LF_NS,C16_P_75over_Tot,C16_P_Tot_Em_FT,C16_P_Tot_Em_PT,C16_P_Tot_Em_AFW,C16_P_Tot_Em_Hrs_NS,C16_P_Tot_Em_Tot,C16_P_Tot_Unem_Look_FT,C16_P_Tot_Unem_Look_PT,C16_P_Tot_Unem_Tot,C16_P_Tot_Tot_labo_for,C16_P_Tot_Not_LF,C16_P_Tot_LF_NS,C16_P_Tot_Tot,C21_P_15_19_Em_FT,C21_P_15_19_Em_PT,C21_P_15_19_Em_AFW,C21_P_15_19_Em_Hrs_NS,C21_P_15_19_Em_Tot,C21_P_15_19_Unem_Look_FT,C21_P_15_19_Unem_Look_PT,C21_P_15_19_Unem_Tot,C21_P_15_19_Tot_LF,C21_P_15_19_Not_LF,C21_P_15_19_LF_NS,C21_P_15_19_Tot,C21_P_20_24_Em_FT,C21_P_20_24_Em_PT,C21_P_20_24_Em_AFW,C21_P_20_24_Em_Hrs_NS,C21_P_20_24_Em_Tot,C21_P_20_24_Unem_Look_FT,C21_P_20_24_Unem_Look_PT,C21_P_20_24_Unem_Tot,C21_P_20_24_Tot_LF,C21_P_20_24_Not_LF,C21_P_20_24_LF_NS,C21_P_20_24_Tot,C21_P_25_29_Em_FT,C21_P_25_29_Em_PT,C21_P_25_29_Em_AFW,C21_P_25_29_Em_Hrs_NS,C21_P_25_29_Em_Tot,C21_P_25_29_Unem_Look_FT,C21_P_25_29_Unem_Look_PT,C21_P_25_29_Unem_Tot,C21_P_25_29_Tot_LF,C21_P_25_29_Not_LF,C21_P_25_29_LF_NS,C21_P_25_29_Tot,C21_P_30_34_Em_FT,C21_P_30_34_Em_PT,C21_P_30_34_Em_AFW,C21_P_30_34_Em_Hrs_NS,C21_P_30_34_Em_Tot,C21_P_30_34_Unem_Look_FT,C21_P_30_34_Unem_Look_PT,C21_P_30_34_Unem_Tot,C21_P_30_34_Tot_LF,C21_P_30_34_Not_LF,C21_P_30_34_LF_NS,C21_P_30_34_Tot,C21_P_35_39_Em_FT,C21_P_35_39_Em_PT,C21_P_35_39_Em_AFW,C21_P_35_39_Em_Hrs_NS,C21_P_35_39_Em_Tot,C21_P_35_39_Unem_Look_FT,C21_P_35_39_Unem_Look_PT,C21_P_35_39_Unem_Tot
1GSYD,198634,64684,7600,6318,277236,11184,6973,18154,295395,59409,26650,381453,212447,63559,12145,5816,293965,9375,5101,14478,308443,59014,25491,392946,190009,64299,8910,4710,267929,7928,4686,12615,280539,54195,20727,355461,184173,65966,5361,4176,259681,7343,4662,12002,271687,50610,18279,340581,173087,61345,4303,4099,242838,7343,4144,11488,254322,50328,17109,321766,159095,56401,4813,3779,224085,6916,3782,10699,234792,54928,16106,305816,127464,51494,5171,2896,187019,5734,3782,9512,196535,69956,15069,281554,72520,43103,4174,2012,121802,3925,3255,7180,128981,100211,13264,242452,27208,26882,2303,1030,57423,630,1056,1684,59110,141828,12588,213529,7110,11919,841,496,20369,149,403,552,20915,127598,10449,158956,2617,6024,481,596,9725,123,218,340,10065,261287,28721,300077,1480218,682604,65070,44830,2272715,77148,69041,146187,2418898,1266781,238020,3923699,13884,57965,24837,1606,98284,3307,11941,15247,113531,168796,12438,294764,90477,89561,36776,5097,221909,9914,10768,20685,242589,81732,18740,343064,178808,70841,28601,6606,284859,10703,5928,16626,301489,67310,24732,393535,196119,71926,32729,6617,307390,9150,4581,13729,321119,72436,24229,417779,199353,74845,28641,5522,308367,8454,3973,12421
1RNSW,67564,27680,4441,1995,101678,5196,2629,7822,109503,24870,9763,144133,66738,31340,5546,1857,105485,4125,2305,6431,111913,24909,9429,146252,65983,33295,3773,1809,104856,3940,2112,6054,110912,23610,8780,143293,78030,37115,3138,1972,120253,4160,2166,6327,126582,24923,10119,161625,82918,37186,3320,2057,125485,4318,2018,6334,131818,26927,11037,169779,82681,38306,4029,1999,127022,4188,2025,6215,133232,33621,11922,178772,72910,38865,5020,1800,118601,3770,2251,6023,124625,49993,12667,187283,42450,31814,4033,1377,79678,2684,2147,4828,84507,79817,12353,176683,15566,17374,1940,870,35755,273,591,866,36617,120802,12669,170094,5131,7563,745,583,14015,79,212,287,14302,107772,11066,133138,3285,4365,523,979,9146,91,117,206,9359,200906,29863,240131,652283,387476,42393,22016,1104163,46138,32281,78415,1182577,817220,158475,2158269,19702,52438,7014,1932,81082,3312,7100,10415,91498,60985,10116,162601,56536,42252,7017,2542,108351,5061,3783,8841,117188,24909,10195,152295,75948,34113,7920,2633,120614,4095,2235,6329,126941,23607,10770,161317,77306,38494,9118,2456,127372,3088,1871,4960,132336,24001,10872,167210,78667,39930,7010,2093,127701,2702,1712,4415
19499,429,174,20,33,660,96,43,147,807,310,442,1561,275,117,23,16,431,105,28,134,561,261,317,1139,223,86,7,15,331,81,20,105,431,232,299,959,188,83,10,14,299,50,10,66,364,207,363,938,155,78,8,9,246,68,12,84,331,253,295,878,138,90,17,11,255,51,12,68,316,283,319,920,124,76,16,6,222,48,20,60,291,329,236,857,72,64,13,5,145,32,17,50,199,459,211,866,29,30,6,0,69,5,6,6,76,532,168,781,5,7,0,0,15,0,0,3,24,319,75,417,3,4,0,4,10,0,0,0,9,254,94,358,1976,1048,146,156,3327,701,238,939,4275,4059,3215,11549,31,66,17,6,123,22,26,46,169,186,175,532,112,97,24,10,245,50,41,86,336,224,266,829,226,153,40,11,430,50,27,79,517,233,372,1118,185,137,52,10,381,45,24,72,449,252,369,1068,157,78,27,9,269,57,13,74
19799,6,0,0,0,11,0,0,0,11,0,0,17,8,0,3,0,9,0,0,0,9,4,3,19,3,0,3,0,6,0,0,0,6,0,0,7,5,3,9,0,18,0,0,0,18,0,4,24,5,0,3,0,11,0,0,0,11,3,0,16,12,5,6,0,18,0,0,0,18,6,3,36,5,0,5,4,12,0,0,0,12,17,8,35,4,7,5,0,12,0,0,0,13,24,5,45,0,6,3,0,9,0,0,0,9,45,17,64,0,0,0,0,4,0,0,0,4,29,6,40,0,0,0,0,0,0,0,0,3,34,20,53,47,27,44,8,130,3,3,3,133,184,62,377,0,0,0,0,0,0,0,0,0,0,0,0,0,0,0,0,0,0,0,0,0,0,0,0,0,0,0,0,0,0,0,0,0,0,0,0,0,0,0,0,0,0,0,0,0,0,0,0,0,0,0,0,0,0,0,0
2GMEL,183544,66506,7339,5772,263165,12633,7301,19935,283103,55993,23337,362435,194419,63865,12094,5046,275419,9906,5035,14936,290356,54907,22649,367915,166825,64896,8914,4075,244709,8027,4492,12518,257225,50080,18013,325322,160932,68170,5421,3767,238300,7834,4670,12502,250802,46469,16491,313771,159443,66123,4688,3804,234054,7452,4043,11495,245554,46241,15789,307587,141543,57089,4881,3335,206848,6788,3320,10111,216954,47949,14828,279732,111961,51920,5184,2600,171666,5510,3136,8652,180316,61793,13713,255821,64066,42798,4449,1784,113101,3633,2734,6367,119469,89330,12286,221079,22563,25499,2261,962,51286,562,972,1530,52818,132202,11981,197002,5770,10584,852,528,17727,121,367,492,18222,119150,9919,147282,2322,5167,475,665,8628,87,179,262,8896,248821,27486,285205,1315640,695178,64513,40160,2115493,79708,73915,153627,2269121,1179144,217247,3665512,12937,78137,11506,1627,104206,3027,20341,23372,127580,136422,10699,274698,92307,116253,15108,5156,228826,10036,12835,22874,251692,60554,16291,328543,192502,83509,12999,6572,295578,10685,6126,16810,312389,48225,22523,383135,211865,80389,18559,6164,316980,8793,4757,13552,330530,53916,21107,405556,206474,84308,15244,5202,311223,7604,4461,12065
2RVIC,37521,14764,2505,1113,55905,2672,1279,3949,59855,12735,5255,77839,35465,17158,3224,1006,56863,2120,1094,3213,60076,13933,5145,79157,34724,18885,2375,966,56953,1907,1035,2935,59887,13301,4819,78018,40555,21539,1992,1121,65205,2060,1202,3267,68463,13512,5545,87524,44552,22314,2075,1142,70091,2160,1049,3211,73302,14368,6273,93935,45101,22457,2785,1169,71518,2134,993,3126,74650,16947,6588,98181,40055,23006,3316,1115,67482,1996,1081,3080,70561,23941,6862,101367,24889,19924,2980,905,48704,1487,1156,2648,51345,39885,7133,98369,9095,10900,1544,517,22062,127,311,441,22502,64230,7352,94090,2935,4404,542,379,8253,27,118,144,8397,56131,6220,70744,2018,2746,383,551,5697,50,53,99,5798,106594,15238,127634,353706,225059,27006,12815,618584,23012,16218,39222,657811,428696,86842,1173346,9222,29128,3972,1153,43470,1300,3942,5242,48713,34197,5135,88042,30974,23551,3309,1401,59238,2396,1798,4195,63432,12503,5187,81124,44550,19728,3984,1529,69793,2106,1227,3333,73128,12390,5956,91470,43651,21667,5024,1409,71756,1601,956,2561,74317,13546,5644,93507,42872,23965,3782,1271,71885,1363,872,2237
29499,270,127,14,13,426,71,33,110,532,230,236,988,212,63,15,11,299,76,20,90,392,217,243,855,146,47,7,9,215,45,16,58,276,171,245,691,103,41,14,12,171,38,18,56,224,142,234,599,85,53,13,10,163,37,14,51,214,132,171,523,87,32,5,11,136,39,8,40,174,125,148,455,68,47,9,4,123,16,11,21,149,161,112,422,39,39,9,0,86,20,6,29,119,176,93,393,5,18,4,0,25,6,0,4,31,224,50,313,9,0,0,0,11,0,0,6,16,128,29,174,5,0,0,0,8,0,0,0,8,123,25,162,1196,641,109,84,2028,411,202,615,2647,2293,1886,6821,25,44,9,6,82,18,29,45,130,165,172,459,91,99,21,7,217,41,31,68,282,173,214,671,169,120,23,6,315,45,25,70,388,203,332,928,153,97,25,8,286,44,14,61,342,202,351,892,119,57,13,5,192,47,10,61
29799,0,0,0,0,0,0,0,0,0,0,0,0,0,0,0,0,0,0,0,0,0,0,0,0,0,0,0,0,0,0,0,0,0,0,0,4,3,0,0,0,3,0,0,0,3,0,0,3,7,0,0,0,7,0,0,0,7,0,0,7,7,0,0,0,7,0,0,0,7,0,0,0,0,0,0,0,4,0,0,0,4,0,0,0,0,0,0,0,5,0,0,0,5,0,0,3,0,0,0,0,0,0,0,0,0,0,0,0,0,0,0,0,0,0,0,0,0,0,0,0,0,0,0,0,0,0,0,0,0,0,0,0,18,0,0,0,24,0,0,0,24,0,5,27,0,0,0,0,0,0,0,0,0,0,0,0,0,0,0,0,0,0,0,0,0,0,0,0,0,0,0,0,0,0,0,0,0,0,0,0,0,0,0,0,0,0,0,0,0,0,0,6,0,0,0,0,0,0,0,0
3GBRI,85509,31756,4220,2353,123837,6645,3468,10120,133952,25789,10917,170663,89516,31203,6097,2072,128890,5326,2637,7961,136850,25303,10417,172567,81992,31243,4222,1796,119256,4279,2251,6532,125787,22967,8570,157316,86363,32511,2841,1821,123542,4493,2214,6707,130247,21844,8524,160612,85016,30588,2653,1726,119989,4319,1812,6130,126118,21255,8493,155861,75855,26531,2919,1398,106697,3928,1532,5462,112164,23195,7839,143194,59235,24117,3093,1122,87574,3364,1450,4813,92386,31017,7109,130517,34264,19449,2443,763,56918,2188,1381,3562,60483,47216,6576,114275,11440,11312,1099,407,24259,298,508,804,25063,71821,6234,103116,2746,4494,337,220,7795,74,177,258,8049,62031,5011,75091,986,2044,150,312,3501,65,64,132,3626,108068,14161,125854,681705,339298,34815,17963,1073783,49161,36486,85643,1159426,556411,110567,1826399,10917,47549,11774,1208,71448,3239,10889,14128,85572,65129,6416,157117,57105,51617,13291,2662,124682,6669,5611,12283,136968,28445,9227,174643,88813,37702,10718,2902,140130,5540,3081,8621,148748,25324,10937,185017,94758,37682,11874,2721,147030,4337,2303,6642,153670,25286,10096,189055,98126,39301,9738,2244,149402,3738,2168,5904
3RQLD,70314,27089,4324,2053,103786,6214,2748,8963,112748,23080,12908,148736,71291,29864,5250,1948,108358,5062,2543,7608,115961,24115,12347,152425,69313,31636,3716,1858,106514,4656,2294,6951,113463,22461,11229,147154,79334,34715,3177,2134,119361,5115,2412,7529,126892,22632,12017,161536,83305,34176,3225,2031,122734,5264,2118,7381,130113,23552,12688,166353,78465,32875,3768,1787,116898,5420,1930,7348,124246,27686,12670,164606,65605,31051,4077,1560,102300,4783,2083,6871,109164,39022,12393,160584,39701,25270,3189,1209,69371,3482,2000,5486,74857,59153,11096,145106,14770,14434,1490,719,31415,441,675,1115,32528,94343,10928,137806,4633,6274,559,426,11893,109,259,369,12260,83458,8932,104641,2405,3143,330,620,6500,92,124,211,6711,142063,20274,169052,649704,351456,37979,20382,1059524,55618,33414,89032,1148559,644432,159269,1952261,16536,52777,7340,1829,78477,3542,8268,11809,90285,55593,9950,155824,55963,38247,7484,2799,104482,5254,3636,8898,113381,22040,12728,148151,73627,32868,8235,2992,117720,4413,2461,6874,124603,21714,14930,161241,74685,35099,8935,2832,121550,3456,2083,5537,127090,22483,14136,163714,78576,37824,7277,2417,126090,3018,1904,4921
39499,383,183,27,28,622,90,31,120,745,289,316,1348,233,112,20,19,386,98,19,114,503,219,226,941,145,52,14,22,234,77,15,96,331,210,198,737,144,60,15,14,239,73,22,91,329,175,237,741,146,61,11,13,239,70,19,90,324,233,194,750,158,79,26,11,277,69,14,84,356,333,225,913,132,84,26,0,243,57,20,84,328,549,207,1081,83,73,24,9,186,51,15,71,255,815,226,1297,25,32,6,6,65,3,6,15,82,1002,166,1253,4,7,0,0,11,0,5,5,11,549,101,662,5,0,0,3,11,0,0,0,7,332,80,417,1750,980,194,160,3083,754,234,985,4073,5144,2470,11690,23,72,23,8,128,37,41,76,204,229,124,566,161,118,35,15,325,69,30,96,426,236,267,934,328,182,39,16,570,89,33,126,692,316,403,1404,246,154,43,17,465,71,26,94,550,330,357,1242,171,123,40,11,349,62,23,82
39799,0,5,0,0,3,0,0,0,3,0,0,6,0,3,0,0,4,0,0,0,4,0,0,4,5,0,0,0,5,0,0,0,5,0,0,9,3,0,0,0,7,0,0,0,7,0,0,6,9,0,0,0,9,0,0,0,9,0,0,9,0,0,3,0,5,0,0,0,3,6,0,12,8,4,4,0,12,0,0,0,14,5,0,16,3,0,0,0,9,0,0,0,9,3,0,11,0,0,0,0,0,0,0,0,0,13,5,17,0,0,0,0,0,0,0,0,0,12,0,12,0,0,0,0,0,0,0,0,0,16,5,16,37,20,12,0,67,6,0,5,65,58,20,144,0,0,0,0,0,0,0,0,0,0,0,0,0,0,0,0,4,0,0,0,4,0,14,16,3,0,4,0,3,0,0,0,5,3,21,25,0,0,0,0,0,0,0,0,5,0,18,24,6,0,0,0,6,0,0,0
4GADE,40873,18139,2483,1128,62626,3856,1933,5797,68421,15088,4301,87812,42887,19286,3604,1033,66806,3252,1406,4661,71470,14681,4345,90497,38898,19510,2468,843,61724,2838,1408,4246,65968,13283,3786,83038,41259,20268,1658,818,64007,2645,1219,3866,67877,12718,3631,84219,44024,20255,1649,879,66806,2684,1170,3853,70659,13359,3922,87945,41939,19028,1938,724,63625,2381,1048,3431,67051,15251,3829,86135,35311,17904,2081,585,55879,2097,947,3048,58924,20572,3910,83408,21011,14485,1624,466,37596,1237,899,2137,39735,31122,3463,74318,6812,8249,822,263,16149,138,254,389,16533,49239,3511,69277,1542,3278,251,143,5222,34,71,104,5324,43268,2945,51540,651,1523,151,201,2518,37,59,93,2611,91644,8417,102666,343558,213171,21448,8890,587057,27928,21120,49051,636107,380754,52905,1069765,4561,27869,1766,535,34743,1274,5355,6628,41373,34448,2460,78280,27603,33395,2619,1168,64798,3360,3397,6763,71553,16102,3408,91070,46721,23914,3191,1334,75153,2939,1824,4758,79914,12889,4054,96852,47463,23118,4382,1090,76053,2233,1322,3554,79613,13406,3842,96859,48410,24715,3361,972,77455,2010,1286,3297
4RSAU,8712,3672,686,248,13316,791,302,1091,14405,3564,1275,19251,8487,4498,738,280,14002,668,294,963,14972,3774,1257,19999,8417,4750,555,228,13940,585,263,850,14796,3536,1229,19560,10231,5316,560,262,16361,685,282,966,17330,3581,1318,22229,11922,5936,580,287,18727,711,283,991,19719,4101,1614,25433,11864,6093,730,324,19012,763,308,1076,20084,5040,1775,26899,10863,6261,890,278,18289,682,319,995,19287,7116,1882,28284,7281,5171,819,219,13486,472,321,792,14278,11408,1822,27512,2683,2912,414,138,6147,41,75,117,6263,18691,1865,26828,924,1345,157,106,2539,9,28,39,2574,16753,1611,20940,598,825,120,185,1728,12,23,38,1767,29615,3611,34987,91145,56995,7037,3127,158312,7286,3851,11134,169443,120195,21589,311231,2492,6904,494,358,10244,382,706,1088,11332,8060,1291,20686,7276,4504,490,351,12616,723,412,1136,13752,2964,1184,17897,9126,4185,837,338,14490,576,288,866,15349,3302,1371,20035,8949,4997,934,308,15191,484,243,725,15915,3591,1416,20918,9355,5401,683,261,15700,401,232,632
49499,88,42,8,6,140,32,11,42,185,71,52,300,61,31,7,9,98,26,4,31,130,77,54,254,41,18,0,0,61,28,8,34,98,60,59,219,26,27,9,6,64,18,3,23,87,58,58,205,41,19,6,4,73,23,5,27,99,54,85,240,34,22,4,0,59,14,3,21,76,94,59,232,37,23,3,0,58,18,9,28,88,78,39,202,20,10,0,3,39,13,0,13,53,108,45,203,8,10,5,0,19,0,0,0,18,133,26,184,0,0,0,0,4,5,0,5,0,69,17,88,0,0,0,0,0,0,0,0,0,67,10,82,402,246,48,35,733,242,68,305,1037,1039,573,2648,3,18,4,0,32,11,25,35,65,86,30,186,19,34,3,3,61,10,15,29,87,80,39,206,44,42,6,6,101,22,12,34,131,101,73,309,63,37,11,0,113,16,12,32,144,91,85,318,55,21,9,0,86,21,11,30
49799,0,0,0,0,0,0,0,0,0,0,0,0,0,0,0,0,0,0,0,0,0,0,0,0,0,0,0,0,0,0,0,0,0,0,0,0,0,0,0,0,0,0,0,0,0,0,0,0,0,0,0,0,0,0,0,0,0,0,0,0,0,0,0,0,0,0,0,0,0,0,0,0,0,0,0,0,0,0,0,0,0,0,0,0,0,0,0,0,0,0,0,0,0,0,0,0,0,0,0,0,0,0,0,0,0,0,0,0,0,0,0,0,0,0,0,0,0,0,0,0,0,0,0,0,0,0,0,0,0,0,0,0,8,0,0,0,8,0,0,0,8,0,0,8,0,0,0,0,0,0,0,0,0,0,0,0,0,0,0,0,0,0,0,0,0,0,0,0,0,0,0,0,0,0,0,0,0,0,0,0,0,0,0,0,0,0,0,0,0,0,0,0,0,0,0,0,0,0,0,0
5GPER,74965,27282,4149,2041,108440,6283,3132,9416,117854,21481,11003,150333,78102,28395,5459,1857,113819,5502,2676,8175,121992,23761,10598,156351,66647,28408,3947,1523,100526,4741,2426,7174,107693,21545,8384,137621,67239,29436,2818,1476,100969,4865,2346,7217,108186,18914,7885,134982,69426,28547,2788,1477,102243,4957,1856,6817,109055,17446,7689,134190,63299,25556,2994,1220,93065,4466,1529,5994,99063,18268,7172,124500,50128,23407,3057,996,77579,3697,1460,5155,82738,23673,6601,113021,29901,20360,2538,660,53456,2625,1366,3993,57454,36524,5968,99948,10294,12088,1234,342,23961,408,566,972,24924,58366,5477,88769,2309,4890,407,197,7800,91,216,314,8111,50940,4546,63602,853,2384,200,200,3637,61,97,156,3791,99142,13724,116656,565146,306273,33646,15133,920201,48357,33126,81484,1001684,469291,102559,1573532,9836,44866,1891,900,57492,2318,9433,11752,69241,49683,4391,123315,45038,47636,3121,2150,97947,4337,4054,8393,106342,19600,6694,132631,73195,30761,4788,2416,111156,3881,2226,6110,117267,17956,8632,143850,81170,33252,7414,2368,124199,3155,2145,5304,129503,21453,9095,160051,83404,36942,6026,1912,128288,3013,1976,4992
5RWAU,16115,4693,1196,422,22423,1203,456,1661,24085,5835,3917,33836,16830,6365,1582,473,25252,1042,514,1553,26804,6340,4079,37228,16041,6798,1178,428,24444,1028,442,1471,25910,5442,3552,34906,17556,7501,1007,470,26534,1069,463,1529,28064,4811,3615,36492,18726,7384,1192,513,27814,1055,367,1429,29242,4868,3713,37816,18015,6883,1335,504,26737,1102,346,1446,28183,5490,3714,37383,15440,6812,1454,419,24120,920,405,1322,25446,7329,3572,36346,9393,5841,1162,302,16693,631,388,1021,17712,11031,2964,31707,3649,3352,537,179,7710,91,141,236,7953,17026,2567,27542,1151,1582,214,111,3062,24,50,72,3133,14113,1870,19114,666,933,124,157,1886,9,19,28,1911,23937,3895,29750,148695,69861,12047,4822,235428,10777,5254,16033,251462,124293,42446,418203,4368,8952,612,395,14326,655,1124,1784,16104,10954,2609,29670,11217,4678,765,509,17168,874,431,1302,18463,4139,2989,25595,14801,4929,1291,554,21571,703,348,1049,22615,4857,3918,31391,15876,6591,1742,530,24737,595,351,940,25680,5546,4202,35428,16697,7854,1458,510,26516,520,349,868
59499,228,80,20,8,333,58,12,68,405,116,182,701,185,49,22,12,268,40,4,47,314,118,173,608,117,39,18,10,181,32,5,37,215,98,136,450,103,29,17,3,150,35,11,45,190,98,166,454,99,32,19,3,156,40,3,40,199,79,173,454,98,35,11,3,150,34,8,43,194,151,161,509,112,47,7,0,165,31,12,41,204,184,109,503,62,30,11,4,101,25,9,33,136,256,83,473,20,12,5,0,36,0,0,0,36,319,84,440,0,4,0,0,4,0,0,0,6,143,32,185,0,0,0,0,0,0,0,0,3,92,20,114,1143,435,141,60,1772,352,91,446,2217,1846,1490,5558,16,33,0,3,53,13,13,24,72,89,98,261,90,73,17,4,185,31,18,48,235,93,230,562,176,64,18,7,260,45,13,60,314,120,310,744,152,64,28,9,246,27,9,39,282,142,342,773,100,52,36,3,193,29,12,42
59799,35,0,0,0,36,0,0,0,37,0,5,49,57,0,0,0,63,0,0,0,63,0,15,83,43,0,5,0,49,0,0,0,50,0,10,62,46,4,3,0,51,0,0,0,51,5,7,63,40,4,0,0,43,0,0,0,43,0,14,57,33,0,4,0,36,0,0,0,36,0,7,45,22,0,3,0,20,0,0,0,20,0,3,26,12,0,0,0,12,0,0,0,12,4,0,15,0,0,0,0,0,0,0,0,0,0,0,4,0,0,0,0,0,0,0,0,0,0,0,0,0,0,0,0,0,0,0,0,0,4,0,3,301,16,13,7,332,3,0,3,337,22,75,431,0,0,0,0,5,0,0,0,5,0,3,6,20,0,0,0,17,0,0,0,17,0,15,31,32,0,4,0,36,0,0,0,36,0,24,54,30,0,0,0,32,0,0,0,32,0,22,54,45,4,0,4,52,0,0,0
6GHOB,6256,3054,432,169,9913,578,323,901,10810,2602,781,14196,6490,3301,601,168,10563,396,220,616,11181,2364,753,14292,6037,3443,433,119,10036,333,186,524,10556,2131,646,13334,6846,3698,341,118,11008,320,158,476,11487,2061,703,14247,7335,3529,307,132,11300,302,147,444,11753,2272,759,14783,7203,3351,401,142,11098,271,152,425,11526,2519,771,14817,6307,3443,436,118,10305,229,169,393,10697,3910,855,15458,3369,2787,340,77,6570,157,166,327,6898,6278,805,13981,1050,1520,132,51,2748,13,58,67,2814,9225,756,12795,226,576,61,26,884,7,7,19,903,7772,712,9389,89,304,24,44,462,6,8,12,474,15319,1568,17368,56177,37187,4078,1444,98886,3682,3111,6785,105671,66157,10429,182260,917,4164,260,96,5436,311,1069,1373,6813,5976,533,13323,4551,4967,369,221,10110,720,680,1400,11507,2698,614,14817,8602,5518,585,316,15016,834,555,1392,16405,2615,903,19919,8816,5545,823,289,15470,581,374,958,16419,2583,833,19837,7965,4773,619,174,13536,363,257,618
6RTAS,6223,2911,460,181,9774,593,303,898,10677,2813,909,14394,6286,3435,602,178,10501,459,248,709,11215,2827,902,14943,6168,3775,429,183,10553,477,213,693,11243,2784,886,14912,7463,4350,407,206,12421,544,249,793,13215,2929,1032,17175,8829,4668,505,260,14264,573,275,848,15113,3365,1176,19656,8842,4689,581,218,14324,590,256,845,15167,4158,1321,20650,7752,4777,716,228,13473,525,243,769,14238,6207,1412,21860,4607,3913,588,160,9267,391,279,663,9934,9363,1432,20736,1487,1992,260,98,3837,42,55,96,3930,14622,1529,20086,459,820,72,70,1421,10,18,31,1443,12330,1240,15019,254,487,55,84,878,9,15,32,902,20678,2404,23989,65466,44315,5320,2295,117399,5866,3611,9481,126881,93557,16151,236588,1814,5173,360,191,7538,423,797,1219,8753,7049,847,16655,6267,4202,405,305,11181,801,478,1275,12455,2681,948,16081,8383,4514,708,306,13915,643,329,973,14891,2791,1035,18716,7833,4556,759,233,13384,470,265,740,14121,2789,1037,17955,7778,4601,599,205,13184,357,231,591
69499,33,13,0,0,48,8,3,13,60,15,26,102,26,12,0,0,38,3,5,10,50,16,17,80,15,14,4,0,36,10,0,7,45,25,15,84,7,10,0,0,11,6,3,9,21,28,14,64,16,12,0,0,24,0,0,9,31,17,22,70,13,7,0,0,23,7,0,4,32,27,12,71,4,9,5,0,13,7,0,8,22,31,12,56,7,4,0,0,11,0,4,3,19,36,5,52,0,3,0,0,3,0,0,0,3,46,9,61,0,0,0,0,0,0,0,0,0,19,0,26,0,0,0,0,0,0,0,0,0,9,3,17,136,89,15,9,247,69,30,97,341,324,169,836,3,7,3,0,12,12,9,18,31,42,19,95,17,21,3,0,33,21,7,27,58,43,16,119,22,9,9,0,35,9,11,20,59,34,18,111,23,11,3,0,35,7,6,15,53,31,29,114,15,14,4,0,39,6,0,0
69799,6,0,0,0,8,0,0,0,8,0,0,12,11,0,4,0,9,0,0,0,9,0,0,15,0,0,0,0,0,0,0,0,0,0,0,0,4,0,0,0,6,0,0,0,6,0,3,6,3,0,0,0,7,0,0,0,6,0,0,9,10,0,0,0,10,0,0,0,7,0,0,7,3,0,0,0,5,0,0,0,5,0,0,4,0,0,0,0,0,0,0,0,0,3,0,5,0,0,0,0,0,0,0,0,0,0,0,0,0,0,0,0,0,0,0,0,0,0,0,0,0,0,0,0,0,0,0,0,0,0,0,0,39,3,3,0,48,4,0,4,53,13,9,72,0,0,0,0,0,0,0,0,0,0,0,0,0,0,0,0,0,0,0,0,0,0,0,0,0,0,0,0,0,0,0,0,0,0,0,0,0,0,0,0,0,0,0,0,0,0,0,0,4,0,0,0,4,0,0,0
7GDAR,7417,1675,411,232,9732,298,139,438,10171,1533,1771,13470,7419,1716,509,210,9852,243,106,352,10202,1594,1594,13392,6428,1542,344,142,8453,236,110,336,8796,1348,1295,11438,6084,1362,277,137,7863,207,74,283,8142,1071,1137,10345,5978,1228,274,143,7620,219,70,292,7915,1014,1136,10068,5187,1031,297,143,6648,199,68,266,6916,989,980,8889,4076,1007,279,95,5455,151,42,190,5647,1217,908,7773,2519,777,178,64,3543,111,63,180,3718,1772,775,6266,974,503,81,33,1588,34,24,61,1644,2486,541,4669,230,193,22,10,467,9,10,17,484,1938,321,2741,81,86,11,13,192,0,5,5,192,2535,368,3097,51905,14812,3080,1566,71358,2258,1206,3466,74821,21857,12624,109301,886,2434,138,103,3549,192,385,576,4124,2925,602,7651,4071,2062,231,177,6544,268,158,425,6968,1200,876,9046,6744,2238,445,230,9656,258,142,400,10055,1331,1196,12582,7159,2379,603,195,10339,231,124,351,10694,1471,1200,13367,6636,2038,488,152,9305,162,81,246
7RNTE,2837,639,179,132,3790,452,128,578,4369,2423,1186,7976,2718,809,186,139,3851,418,133,549,4402,2285,1029,7715,2300,748,176,105,3325,322,98,420,3747,1824,823,6393,2306,695,118,86,3209,312,98,408,3620,1662,763,6039,2538,648,132,82,3402,267,84,353,3754,1519,878,6154,2485,553,133,90,3264,241,56,299,3559,1367,803,5733,2154,491,136,61,2851,111,42,146,2996,1200,698,4894,1391,418,113,44,1965,76,48,123,2091,1269,556,3912,534,256,42,28,863,23,9,37,900,1253,354,2502,139,96,12,14,263,10,4,6,273,981,222,1469,63,48,6,10,127,3,0,3,130,1197,244,1575,21787,6582,1375,1018,30754,3198,938,4142,34896,23238,9573,67701,554,718,59,64,1396,244,151,395,1793,4096,537,6424,1703,587,107,107,2505,372,139,506,3013,2909,635,6550,2908,765,200,124,3986,305,136,448,4436,2722,868,8025,3103,885,272,136,4391,326,107,434,4817,2589,836,8236,2707,891,215,99,3917,243,85,330
79499,66,14,13,4,96,4,0,10,105,41,107,254,46,13,9,5,68,6,3,8,81,48,82,208,35,9,4,3,44,9,0,7,56,53,70,179,37,7,7,0,52,5,4,13,64,71,79,215,46,9,7,0,60,5,3,15,72,70,84,227,39,13,0,4,53,7,0,6,59,86,89,233,31,10,0,0,49,8,5,9,60,106,53,211,27,9,4,0,38,4,0,4,48,131,51,225,9,0,0,0,13,0,0,0,13,141,34,191,0,0,0,0,3,0,0,0,3,70,18,89,0,0,0,0,0,0,0,0,0,27,11,34,401,96,54,14,574,59,25,77,649,886,744,2286,9,8,0,0,13,3,0,7,15,35,43,95,21,7,0,0,34,13,0,14,50,55,81,183,54,21,12,7,96,16,6,22,116,104,107,320,45,20,11,3,86,13,6,23,101,111,120,336,31,19,11,4,61,15,8,22
79799,3,0,0,0,3,0,0,0,3,6,0,7,7,0,0,0,8,0,0,0,8,8,8,17,0,0,0,0,4,0,0,0,4,5,0,7,0,0,0,0,4,0,0,0,4,4,3,12,0,0,0,0,6,0,0,0,4,0,0,6,0,0,0,6,3,0,0,0,3,0,0,7,0,0,0,0,0,0,0,0,0,0,0,6,0,0,0,0,0,0,0,0,0,0,0,4,0,0,0,0,0,0,0,0,0,0,0,0,0,0,0,0,0,0,0,0,0,0,0,0,0,0,0,0,0,0,0,0,0,0,0,3,16,0,0,7,28,0,0,0,30,28,14,70,0,0,0,0,0,0,0,0,0,0,6,4,5,0,0,0,5,0,0,0,5,0,0,6,5,0,0,0,3,0,0,0,3,0,0,3,12,0,0,0,12,0,0,0,12,0,6,17,3,0,0,0,3,0,0,0
8ACTE,19036,4971,1029,369,25405,673,430,1101,26505,3929,1991,32426,19399,5698,1719,352,27173,609,336,947,28119,3493,1966,33581,17411,5853,1172,330,24760,526,267,792,25554,3067,1517,30129,17146,5284,697,249,23375,483,249,729,24102,2657,1404,28165,16791,4523,562,254,22126,383,182,561,22689,2506,1328,26527,14907,3853,708,202,19670,389,180,571,20237,2967,1180,24389,10989,3533,652,151,15327,333,227,559,15890,5294,1140,22318,5746,3128,479,104,9452,206,181,385,9835,8237,1032,19110,2039,2067,255,63,4420,47,112,166,4585,11751,931,17267,462,822,73,35,1399,25,43,64,1467,9891,804,12163,169,415,44,38,672,10,23,35,705,17436,2372,20506,136935,56998,8472,3014,205419,4863,5301,10168,215585,88427,18399,322413,2192,9811,707,129,12850,326,2065,2391,15233,9923,1128,26286,13190,11817,882,394,26280,736,970,1708,27985,4335,1851,34174,23413,7406,1176,521,32512,796,478,1272,33785,3570,1857,39217,22709,7370,1917,434,32429,596,301,891,33323,3379,1717,38419,22492,7416,1712,299,31921,516,294,808
89499,27,5,0,0,36,6,0,10,46,8,4,63,14,3,4,5,21,6,0,7,26,14,5,47,21,6,3,0,26,4,0,4,30,14,19,61,16,0,0,0,14,3,0,5,18,18,12,48,7,3,0,0,4,0,0,0,10,11,8,26,11,9,0,5,17,6,0,6,23,9,12,48,13,3,0,0,16,0,0,0,18,8,12,37,6,7,0,0,11,0,0,0,12,11,12,38,0,0,0,0,0,0,0,0,0,17,4,19,0,0,0,0,0,0,0,0,0,3,0,10,0,0,0,0,0,0,0,0,0,6,0,10,126,59,11,6,201,33,10,39,247,153,110,506,8,13,6,0,22,4,7,8,34,25,0,58,17,20,0,0,36,4,7,14,50,26,9,82,19,9,3,0,33,3,4,8,39,16,8,63,13,9,8,0,26,0,0,0,26,8,15,45,13,3,0,0,17,0,0,0
89799,0,0,0,0,0,0,0,0,0,0,0,0,0,0,0,0,0,0,0,0,0,0,0,0,0,0,0,0,0,0,0,0,0,0,0,0,0,0,0,0,0,0,0,0,0,0,0,0,0,0,0,0,0,0,0,0,0,0,0,0,0,0,0,0,0,0,0,0,0,0,0,0,0,0,0,0,0,0,0,0,0,0,0,0,0,0,0,0,0,0,0,0,0,0,0,0,0,0,0,0,0,0,0,0,0,0,0,0,0,0,0,0,0,0,0,0,0,0,0,0,0,0,0,0,0,0,0,0,0,0,0,0,0,0,0,0,0,0,0,0,0,0,0,0,0,0,0,0,0,0,0,0,0,0,0,0,0,0,0,0,0,0,0,0,0,0,0,0,0,0,0,0,0,0,0,0,0,0,0,0,0,0,0,0,0,0,0,0,0,0,0,0,0,0,0,0,0,0,0,0
9OTER,100,27,10,3,144,0,3,5,151,74,31,260,118,54,14,5,188,0,0,0,194,83,38,308,147,51,18,10,220,0,0,0,221,72,17,316,159,41,13,3,221,10,5,9,232,59,27,318,169,50,8,3,239,3,0,5,245,54,36,334,180,67,7,6,268,4,0,4,267,55,49,377,164,59,22,10,249,5,9,13,263,66,47,370,132,46,12,5,197,4,0,9,199,82,44,322,87,51,8,3,152,0,0,0,150,95,38,287,27,21,0,0,47,0,0,0,47,109,17,175,9,18,0,5,36,0,0,0,36,169,35,239,1396,566,120,69,2150,36,19,51,2206,1085,427,3720,29,70,7,4,110,0,0,0,109,57,21,189,83,41,6,5,132,0,0,6,140,39,32,218,111,44,9,3,164,0,0,0,164,63,46,277,102,44,13,5,168,0,0,0,168,73,58,299,141,75,12,0,228,7,0,3
99499,0,0,0,0,0,0,0,0,0,0,0,0,0,0,0,0,0,0,0,0,0,0,0,0,0,0,0,0,0,0,0,0,0,0,0,5,5,0,0,0,5,0,0,0,4,0,0,6,0,0,0,0,3,0,0,0,3,0,0,3,0,0,0,0,0,0,0,0,3,3,0,3,0,0,0,0,0,0,0,0,0,0,0,0,0,0,0,0,0,0,0,0,0,3,0,5,0,0,0,0,0,0,0,0,0,7,0,9,0,0,0,0,0,0,0,0,0,0,0,3,0,0,0,0,0,0,0,0,0,0,0,0,6,0,4,0,13,3,3,5,17,22,10,45,0,0,0,0,0,0,0,0,0,0,0,0,0,0,0,0,0,0,0,0,0,0,0,0,0,0,0,0,0,0,0,0,0,0,0,0,0,0,0,0,0,0,0,0,0,0,0,4,0,0,0,0,0,0,0,0
99799,0,0,0,0,0,0,0,0,0,0,0,0,3,0,0,0,3,0,0,0,3,0,0,3,0,0,0,0,0,0,0,0,0,0,0,0,0,0,0,0,0,0,0,0,0,0,0,0,0,0,0,0,0,0,0,0,0,0,0,0,0,0,0,0,0,0,0,0,0,0,0,0,0,0,0,0,0,0,0,0,0,0,0,0,0,0,0,0,0,0,0,0,0,0,0,0,0,0,0,0,0,0,0,0,0,0,0,0,0,0,0,0,0,0,0,0,0,0,0,0,0,0,0,0,0,0,0,0,0,0,0,0,7,0,0,0,4,0,0,0,4,0,0,4,0,0,0,0,0,0,0,0,0,0,0,0,0,0,0,0,0,0,0,0,0,0,0,0,0,0,0,0,0,0,0,0,0,0,0,0,0,0,0,0,0,0,0,0,0,0,0,0,0,0,0,0,0,0,0,0
