GCCSA_CODE_2021,C16_F_a_4_8_FH_One_PFam,C16_F_a_4_8_FH_oth_fa,C16_F_a_4_8_FH_Tot,C16_F_a_4_8_LP_H,C16_F_a_4_8_GH,C16_F_a_4_8_OH,C16_F_a_4_8_Tot,C16_F_a_9m_FH_CF_no_ch,C16_F_a_9m_FH_CF_w_ch,C16_F_a_9m_FH_One_PFam,C16_F_a_9m_FH_oth_fa,C16_F_a_9m_FH_Tot,C16_F_a_9m_LP_H,C16_F_a_9m_GH,C16_F_a_9m_OH,C16_F_a_9m_Tot,C16_F_a_a_h_FH_CF_no_ch,C16_F_a_a_h_FH_CF_w_ch,C16_F_a_a_h_FH_One_PFam,C16_F_a_a_h_FH_oth_fa,C16_F_a_a_h_FH_Tot,C16_F_a_a_h_LP_H,C16_F_a_a_h_GH,C16_F_a_a_h_OH,C16_F_a_a_h_Tot,C16_F_a_Tot_FH_CF_no_ch,C16_F_a_Tot_FH_CF_w_ch,C16_F_a_Tot_FH_One_PFam,C16_F_a_Tot_FH_oth_fa,C16_F_a_Tot_FH_Tot,C16_F_a_Tot_LP_H,C16_F_a_Tot_GH,C16_F_a_Tot_OH,C16_F_a_Tot_Tot,C16_OD_C_c_hb_FH_CF_no_ch,C16_OD_C_c_hb_FH_CF_w_ch,C16_OD_C_c_hb_FH_One_PFam,C16_OD_C_c_hb_FH_oth_fa,C16_OD_C_c_hb_FH_Tot,C16_OD_C_c_hb_LP_H,C16_OD_C_c_hb_GH,C16_OD_C_c_hb_OH,C16_OD_C_c_hb_Tot,C16_OD_Ih_t_s_FH_CF_no_ch,C16_OD_Ih_t_s_FH_CF_w_ch,C16_OD_Ih_t_s_FH_One_PFam,C16_OD_Ih_t_s_FH_oth_fa,C16_OD_Ih_t_s_FH_Tot,C16_OD_Ih_t_s_LP_H,C16_OD_Ih_t_s_GH,C16_OD_Ih_t_s_OH,C16_OD_Ih_t_s_Tot,C16_OD_H_f_so_FH_CF_no_ch,C16_OD_H_f_so_FH_CF_w_ch,C16_OD_H_f_so_FH_One_PFam,C16_OD_H_f_so_FH_oth_fa,C16_OD_H_f_so_FH_Tot,C16_OD_H_f_so_LP_H,C16_OD_H_f_so_GH,C16_OD_H_f_so_OH,C16_OD_H_f_so_Tot,C16_OD_Tot_FH_CF_no_ch,C16_OD_Tot_FH_CF_w_ch,C16_OD_Tot_FH_One_PFam,C16_OD_Tot_FH_oth_fa,C16_OD_Tot_FH_Tot,C16_OD_Tot_LP_H,C16_OD_Tot_GH,C16_OD_Tot_OH,C16_OD_Tot_Tot,C16_DS_ns_FH_CF_no_ch,C16_DS_ns_FH_CF_w_ch,C16_DS_ns_FH_One_PFam,C16_DS_ns_FH_oth_fa,C16_DS_ns_FH_Tot,C16_DS_ns_LP_H,C16_DS_ns_GH,C16_DS_ns_OH,C16_DS_NS_Tot,C16_Tot_FH_CF_no_ch,C16_Tot_FH_CF_w_ch,C16_Tot_FH_One_PFam,C16_Tot_FH_oth_fa,C16_Tot_FH_Tot,C16_Tot_LP_H,C16_Tot_GH,C16_Tot_OH,C16_Tot_Tot,C21_S_h_FH_CF_no_ch,C21_S_h_FH_CF_w_ch,C21_S_h_FH_One_PFam,C21_S_h_FH_oth_fa,C21_S_h_FH_Tot,C21_S_h_LP_H,C21_S_h_GH,C21_S_h_OH,C21_S_h_Tot,C21_SDRTHT1S_FH_CF_no_ch,C21_SDRTHT1S_FH_CF_w_ch,C21_SDRTHT1S_FH_One_PFam,C21_SDRTHT1S_FH_oth_fa,C21_SDRTHT1S_FH_Tot,C21_SDRTHT1S_LP_H,C21_SDRTHT1S_GH,C21_SDRTHT1S_OH,C21_SDRTHT1S_Tot,C21_SDRTHT2S_FH_CF_no_ch,C21_SDRTHT2S_FH_CF_w_ch,C21_SDRTHT2S_FH_One_PFam,C21_SDRTHT2S_FH_oth_fa,C21_SDRTHT2S_FH_Tot,C21_SDRTHT2S_LP_H,C21_SDRTHT2S_GH,C21_SDRTHT2S_OH,C21_SDRTHT2S_Tot,C21_SDRTHT_Tot_FH_CF_no_ch,C21_SDRTHT_Tot_FH_CF_w_ch,C21_SDRTHT_Tot_FH_One_PFam,C21_SDRTHT_Tot_FH_oth_fa,C21_SDRTHT_Tot_FH_Tot,C21_SDRTHT_Tot_LP_H,C21_SDRTHT_Tot_GH,C21_SDRTHT_Tot_OH,C21_SDRTHT_Tot_Tot,C21_F_a_1_2_FH_CF_no_ch,C21_F_a_1_2_FH_CF_w_ch,C21_F_a_1_2_FH_One_PFam,C21_F_a_1_2_FH_oth_fa,C21_F_a_1_2_FH_Tot,C21_F_a_1_2_LP_H,C21_F_a_1_2_GH,C21_F_a_1_2_OH,C21_F_a_1_2_Tot,C21_F_a_3_FH_CF_no_ch,C21_F_a_3_FH_CF_w_ch,C21_F_a_3_FH_One_PFam,C21_F_a_3_FH_oth_fa,C21_F_a_3_FH_Tot,C21_F_a_3_LP_H,C21_F_a_3_GH,C21_F_a_3_OH,C21_F_a_3_Tot,C21_F_a_4_8_FH_CF_no_ch,C21_F_a_4_8_FH_CF_w_ch,C21_F_a_4_8_FH_One_PFam,C21_F_a_4_8_FH_oth_fa,C21_F_a_4_8_FH_Tot,C21_F_a_4_8_LP_H,C21_F_a_4_8_GH,C21_F_a_4_8_OH,C21_F_a_4_8_Tot,C21_F_a_9m_FH_CF_no_ch,C21_F_a_9m_FH_CF_w_ch,C21_F_a_9m_FH_One_PFam,C21_F_a_9m_FH_oth_fa,C21_F_a_9m_FH_Tot,C21_F_a_9m_LP_H,C21_F_a_9m_GH,C21_F_a_9m_OH,C21_F_a_9m_Tot,C21_F_a_a_h_FH_CF_no_ch,C21_F_a_a_h_FH_CF_w_ch,C21_F_a_a_h_FH_One_PFam,C21_F_a_a_h_FH_oth_fa,C21_F_a_a_h_FH_Tot,C21_F_a_a_h_LP_H,C21_F_a_a_h_GH,C21_F_a_a_h_OH,C21_F_a_a_h_Tot,C21_F_a_Tot_FH_CF_no_ch,C21_F_a_Tot_FH_CF_w_ch,C21_F_a_Tot_FH_One_PFam,C21_F_a_Tot_FH_oth_fa,C21_F_a_Tot_FH_Tot,C21_F_a_Tot_LP_H,C21_F_a_Tot_GH,C21_F_a_Tot_OH,C21_F_a_Tot_Tot,C21_OD_C_c_hb_FH_CF_no_ch,C21_OD_C_c_hb_FH_CF_w_ch,C21_OD_C_c_hb_FH_One_PFam,C21_OD_C_c_hb_FH_oth_fa,C21_OD_C_c_hb_FH_Tot,C21_OD_C_c_hb_LP_H,C21_OD_C_c_hb_GH,C21_OD_C_c_hb_OH,C21_OD_C_c_hb_Tot,C21_OD_Ih_t_s_FH_CF_no_ch,C21_OD_Ih_t_s_FH_CF_w_ch,C21_OD_Ih_t_s_FH_One_PFam,C21_OD_Ih_t_s_FH_oth_fa,C21_OD_Ih_t_s_FH_Tot,C21_OD_Ih_t_s_LP_H,C21_OD_Ih_t_s_GH,C21_OD_Ih_t_s_OH,C21_OD_Ih_t_s_Tot,C21_OD_H_f_so_FH_CF_no_ch,C21_OD_H_f_so_FH_CF_w_ch,C21_OD_H_f_so_FH_One_PFam,C21_OD_H_f_so_FH_oth_fa
1GSYD,13991,4128,118942,66733,21994,22753,230422,..,..,..,..,..,..,..,..,..,402,369,185,28,978,675,145,228,2023,122613,88239,37861,8353,257064,156818,42349,45564,501793,387,170,196,27,779,1349,88,919,3130,43,93,38,4,180,171,15,1101,1473,1452,1559,735,135,3881,1864,799,954,7497,1889,1821,965,169,4843,3387,898,2978,12104,1477,1605,548,98,3728,2851,469,672,7717,385865,607342,179463,22991,1195658,351418,76791,95803,1719676,239791,476280,123598,11119,850794,147223,22612,34728,1055358,17991,20627,8883,903,48400,27852,3148,3985,83390,33818,55229,20756,1806,111610,35879,7106,7111,161710,51813,75853,29641,2709,160012,63727,10256,11092,245095,20048,15948,8545,1444,45991,41731,6089,6604,100413,38104,28024,14770,2634,83527,59559,11657,8596,163343,54062,37105,14591,3021,108774,64521,13101,11408,197804,37668,20244,7014,2230,67158,40224,11233,7903,126518,1893,2498,1006,132,5527,2459,436,596,9016,151774,103822,45933,9457,310981,208498,42512,35105,597093,303,75,121,13,516,1077,68,479,2141,18,15,6,0,41,35,0,143,219,1452,1108,591,146
1RNSW,677,113,4947,4601,846,1403,11799,..,..,..,..,..,..,..,..,..,76,46,43,10,179,239,28,48,488,11951,4690,5929,719,23285,35830,4032,8362,71515,2543,455,485,71,3547,6268,289,8402,18506,208,146,77,6,436,469,37,1379,2323,888,706,478,53,2123,1101,186,472,3886,3633,1305,1049,123,6111,7840,507,10254,24713,1853,1249,555,54,3712,3031,286,1489,8515,285008,267924,116487,9448,678867,269360,32215,74737,1055184,275361,266367,106386,8541,656654,199896,25547,51588,933689,14728,5857,7332,705,28620,38121,2482,5482,74711,8951,5442,5156,454,20004,15009,2332,2780,40130,23683,11298,12487,1160,48631,53135,4813,8260,114840,6473,2908,3593,432,13407,24052,2005,4388,43855,2525,841,884,107,4360,5782,856,1256,12250,3383,804,678,123,4983,5063,726,773,11542,1682,391,229,37,2339,1973,367,381,5059,554,348,233,28,1164,863,110,192,2318,14626,5291,5615,717,26249,37727,4064,6989,75032,2017,286,370,64,2742,5082,279,5613,13712,102,42,39,3,188,258,25,847,1316,626,449,254,43
19499,0,0,0,0,0,0,0,..,..,..,..,..,..,..,..,..,0,0,0,0,0,0,0,0,0,0,0,0,0,0,0,0,0,0,0,0,0,0,0,0,0,0,0,0,0,0,0,0,0,0,0,0,0,0,0,0,0,0,0,0,0,0,0,0,0,0,0,0,0,0,0,0,0,0,0,0,0,0,0,0,0,0,0,0,0,0,0,0,0,0,0,0,0,0,0,0,0,0,0,0,0,0,0,0,0,0,0,0,0,0,0,0,0,0,0,0,0,0,0,0,0,0,0,0,0,0,0,0,0,0,0,0,0,0,0,0,0,0,0,0,0,0,0,0,0,0,0,0,0,0,0,0,0,0,0,0,0,0,0,0,0,0,0,0,0,0,0,0,0,0,0,0,0,0,0,0,0,0,0,0,0,0,0,0,0,0,0,0,0,0,0,0,0,0,0,0,0,0,0,0
19799,0,0,0,0,0,0,0,..,..,..,..,..,..,..,..,..,0,0,0,0,0,0,0,0,0,0,0,0,0,0,0,0,0,0,0,0,0,0,0,0,0,0,0,0,0,0,0,0,0,0,0,0,0,0,0,0,0,0,0,0,0,0,0,0,0,0,0,0,0,0,0,0,0,0,0,0,0,0,0,0,0,0,0,0,0,0,0,0,0,0,0,0,0,0,0,0,0,0,0,0,0,0,0,0,0,0,0,0,0,0,0,0,0,0,0,0,0,0,0,0,0,0,0,0,0,0,0,0,0,0,0,0,0,0,0,0,0,0,0,0,0,0,0,0,0,0,0,0,0,0,0,0,0,0,0,0,0,0,0,0,0,0,0,0,0,0,0,0,0,0,0,0,0,0,0,0,0,0,0,0,0,0,0,0,0,0,0,0,0,0,0,0,0,0,0,0,0,0,0,0
2GMEL,4744,2771,39803,38865,14453,13421,106544,..,..,..,..,..,..,..,..,..,79,49,35,9,164,151,25,44,380,59055,23154,14318,5362,101893,101280,28129,27926,259220,374,92,118,13,604,1822,53,848,3324,20,26,3,0,52,103,4,731,890,882,743,385,85,2095,1226,452,634,4396,1276,868,507,98,2744,3144,500,2215,8608,1029,1035,361,74,2503,1863,375,411,5154,381683,557251,167593,23029,1129553,366009,78913,90067,1664544,292408,519629,140904,14067,967008,205364,35527,42410,1250313,38287,32079,16028,2059,88457,64333,8240,7481,168510,34443,37262,14679,2083,88460,29779,9264,5276,132774,72734,69343,30704,4139,176917,94109,17497,12761,301290,18975,11324,6931,1288,38522,42577,5543,5547,92183,13020,3967,2888,812,20690,27729,4386,3492,56291,17255,4576,3319,964,26107,31975,4657,4156,66890,19984,5442,3691,1790,30910,35051,8363,6927,81248,189,217,104,14,523,463,24,176,1185,69420,25531,16930,4869,116746,137800,22969,20287,297802,248,27,72,12,359,1477,24,593,2458,3,4,5,0,17,14,0,696,721,916,451,260,59
2RVIC,10,0,100,194,18,288,601,..,..,..,..,..,..,..,..,..,12,4,4,0,18,29,0,11,48,2193,759,1125,113,4189,9890,668,2628,17375,588,127,129,16,854,2015,88,2348,5302,35,37,16,0,95,103,5,346,551,423,394,132,11,953,518,70,202,1738,1053,555,273,27,1910,2632,162,2887,7590,847,598,239,26,1711,1147,107,546,3507,156379,146220,58365,4770,365733,155821,16672,39509,577736,170159,155421,60665,5088,391345,140629,15545,31189,578704,6542,2489,3198,378,12609,24483,1343,3383,41823,1401,676,672,66,2808,2121,355,570,5854,7937,3168,3867,444,15412,26603,1700,3954,47674,1532,531,810,96,2962,7109,381,1221,11675,105,31,30,3,169,294,27,158,643,77,21,13,3,115,208,23,111,454,70,8,6,5,88,63,7,39,191,34,22,12,0,69,95,0,31,203,1818,606,864,114,3402,7763,435,1561,13167,816,150,151,18,1139,2365,126,2414,6047,45,22,9,0,69,76,9,368,527,304,192,80,12
29499,0,0,0,0,0,0,0,..,..,..,..,..,..,..,..,..,0,0,0,0,0,0,0,0,0,0,0,0,0,0,0,0,0,0,0,0,0,0,0,0,0,0,0,0,0,0,0,0,0,0,0,0,0,0,0,0,0,0,0,0,0,0,0,0,0,0,0,0,0,0,0,0,0,0,0,0,0,0,0,0,0,0,0,0,0,0,0,0,0,0,0,0,0,0,0,0,0,0,0,0,0,0,0,0,0,0,0,0,0,0,0,0,0,0,0,0,0,0,0,0,0,0,0,0,0,0,0,0,0,0,0,0,0,0,0,0,0,0,0,0,0,0,0,0,0,0,0,0,0,0,0,0,0,0,0,0,0,0,0,0,0,0,0,0,0,0,0,0,0,0,0,0,0,0,0,0,0,0,0,0,0,0,0,0,0,0,0,0,0,0,0,0,0,0,0,0,0,0,0,0
29799,0,0,0,0,0,0,0,..,..,..,..,..,..,..,..,..,0,0,0,0,0,0,0,0,0,0,0,0,0,0,0,0,0,0,0,0,0,0,0,0,0,0,0,0,0,0,0,0,0,0,0,0,0,0,0,0,0,0,0,0,0,0,0,0,0,0,0,0,0,0,0,0,0,0,0,0,0,0,0,0,0,0,0,0,0,0,0,0,0,0,0,0,0,0,0,0,0,0,0,0,0,0,0,0,0,0,0,0,0,0,0,0,0,0,0,0,0,0,0,0,0,0,0,0,0,0,0,0,0,0,0,0,0,0,0,0,0,0,0,0,0,0,0,0,0,0,0,0,0,0,0,0,0,0,0,0,0,0,0,0,0,0,0,0,0,0,0,0,0,0,0,0,0,0,0,0,0,0,0,0,0,0,0,0,0,0,0,0,0,0,0,0,0,0,0,0,0,0,0,0
3GBRI,1513,695,16346,12654,4547,4518,38065,..,..,..,..,..,..,..,..,..,39,24,23,4,85,72,30,29,209,26151,8720,6294,2029,43185,44654,11833,10241,109917,697,142,178,24,1037,2549,115,1585,5280,37,33,13,0,83,88,10,368,541,167,202,116,15,499,220,67,135,925,900,378,303,33,1616,2854,191,2091,6749,655,496,258,31,1439,1309,213,494,3458,207547,263949,91822,11121,574439,173426,41610,43935,833400,181331,264565,83272,7884,537056,109242,22940,21175,690414,6679,2760,3903,374,13717,17435,1042,2199,34390,15886,13790,12279,1386,43341,22985,5034,4245,75610,22570,16548,16176,1761,57058,40421,6080,6443,110003,6420,2894,3116,609,13039,19782,2689,2539,38046,8773,2986,2491,755,15006,16313,3585,1734,36640,9728,2885,1736,555,14909,12740,3404,1995,33045,9880,2502,1447,502,14321,13046,3367,2327,33068,471,214,134,29,850,699,136,297,1990,35282,11474,8916,2448,58123,62584,13185,8894,142788,615,111,166,12,898,2272,82,1162,4410,16,20,11,0,56,32,3,544,633,84,61,27,3
3RQLD,1893,296,14562,10424,2435,5124,32542,..,..,..,..,..,..,..,..,..,34,20,22,0,78,117,10,35,234,21918,7552,8593,1078,39136,40655,7318,14103,101206,2467,350,343,44,3202,5984,348,19696,29229,295,197,80,8,579,554,46,2307,3491,411,314,136,21,885,469,91,312,1757,3174,863,555,74,4664,7008,484,22319,34479,1400,1007,392,33,2832,2601,217,2789,8436,256359,249770,100514,8774,615421,215656,36291,90972,958336,227891,239730,86894,7371,561885,142594,24198,43336,772014,12982,5696,6992,661,26334,30393,2490,5083,64301,14156,9234,8835,715,32938,19081,3750,4542,60318,27142,14932,15827,1375,59275,49477,6235,9626,124615,6711,2973,4354,483,14518,20236,2263,4482,41499,6316,2050,2260,319,10947,10411,2212,2551,26125,6532,1583,1585,264,9966,7267,1458,2311,21010,7559,1620,1220,171,10565,7670,1199,3542,22971,271,154,91,3,509,374,27,264,1172,27387,8372,9510,1243,46515,45955,7167,13144,112782,2317,392,325,59,3096,4625,263,16964,24946,200,97,62,4,368,522,33,2263,3184,281,151,99,9
39499,0,0,0,0,0,0,0,..,..,..,..,..,..,..,..,..,0,0,0,0,0,0,0,0,0,0,0,0,0,0,0,0,0,0,0,0,0,0,0,0,0,0,0,0,0,0,0,0,0,0,0,0,0,0,0,0,0,0,0,0,0,0,0,0,0,0,0,0,0,0,0,0,0,0,0,0,0,0,0,0,0,0,0,0,0,0,0,0,0,0,0,0,0,0,0,0,0,0,0,0,0,0,0,0,0,0,0,0,0,0,0,0,0,0,0,0,0,0,0,0,0,0,0,0,0,0,0,0,0,0,0,0,0,0,0,0,0,0,0,0,0,0,0,0,0,0,0,0,0,0,0,0,0,0,0,0,0,0,0,0,0,0,0,0,0,0,0,0,0,0,0,0,0,0,0,0,0,0,0,0,0,0,0,0,0,0,0,0,0,0,0,0,0,0,0,0,0,0,0,0
39799,0,0,0,0,0,0,0,..,..,..,..,..,..,..,..,..,0,0,0,0,0,0,0,0,0,0,0,0,0,0,0,0,0,0,0,0,0,0,0,0,0,0,0,0,0,0,0,0,0,0,0,0,0,0,0,0,0,0,0,0,0,0,0,0,0,0,0,0,0,0,0,0,0,0,0,0,0,0,0,0,0,0,0,0,0,0,0,0,0,0,0,0,0,0,0,0,0,0,0,0,0,0,0,0,0,0,0,0,0,0,0,0,0,0,0,0,0,0,0,0,0,0,0,0,0,0,0,0,0,0,0,0,0,0,0,0,0,0,0,0,0,0,0,0,0,0,0,0,0,0,0,0,0,0,0,0,0,0,0,0,0,0,0,0,0,0,0,0,0,0,0,0,0,0,0,0,0,0,0,0,0,0,0,0,0,0,3,0,0,0,0,0,0,0,0,0,0,0,0,0
4GADE,237,124,2257,2602,763,747,6370,..,..,..,..,..,..,..,..,..,13,17,6,5,39,38,7,7,103,7593,4059,2501,630,14777,20652,2870,3313,41626,180,51,36,0,265,509,17,427,1226,10,14,9,0,24,34,4,168,230,126,120,57,15,316,157,58,67,600,312,182,96,20,608,702,76,664,2050,371,336,134,11,862,583,71,154,1664,127480,147637,56894,6166,338177,134827,19438,22290,514742,110491,141131,49535,4518,305674,84066,12395,10069,412207,13274,8308,7112,871,29563,31601,2628,3145,66938,6151,4640,2843,408,14040,7902,1793,968,24706,19419,12947,9961,1285,43604,39502,4426,4113,91645,5879,3141,2189,421,11631,16659,1561,1554,31404,1008,297,221,78,1603,2402,339,315,4665,1600,395,263,104,2352,2770,478,368,5970,1047,203,116,69,1436,1746,500,365,4043,70,61,27,4,167,104,15,86,378,9599,4089,2819,675,17183,23687,2892,2691,46455,203,36,37,0,274,601,23,526,1426,0,0,0,0,8,5,0,149,160,98,77,46,5
4RSAU,0,0,16,17,0,6,32,..,..,..,..,..,..,..,..,..,3,4,0,0,3,4,0,0,11,508,153,213,35,917,2668,106,465,4164,329,37,23,6,404,659,35,2099,3191,30,16,9,0,49,110,4,620,791,125,74,28,3,230,134,12,47,417,485,128,60,10,687,904,49,2769,4409,264,198,74,5,537,390,17,320,1265,47094,36129,14304,1112,98636,44289,3416,12466,158807,47064,34340,13361,1139,95902,37876,3077,8910,145772,2253,1072,1616,126,5074,7136,369,1360,13942,191,72,45,7,312,188,19,86,611,2446,1140,1663,137,5386,7327,391,1447,14550,346,114,180,39,683,2287,97,389,3452,25,4,4,0,31,71,5,32,138,13,0,0,0,18,16,0,7,44,0,0,0,0,4,0,0,0,7,13,14,3,0,33,18,0,21,72,398,133,192,42,765,2394,103,447,3709,306,59,37,5,410,594,73,2154,3229,15,17,6,0,38,29,0,271,345,76,63,20,4
49499,0,0,0,0,0,0,0,..,..,..,..,..,..,..,..,..,0,0,0,0,0,0,0,0,0,0,0,0,0,0,0,0,0,0,0,0,0,0,0,0,0,0,0,0,0,0,0,0,0,0,0,0,0,0,0,0,0,0,0,0,0,0,0,0,0,0,0,0,0,0,0,0,0,0,0,0,0,0,0,0,0,0,0,0,0,0,0,0,0,0,0,0,0,0,0,0,0,0,0,0,0,0,0,0,0,0,0,0,0,0,0,0,0,0,0,0,0,0,0,0,0,0,0,0,0,0,0,0,0,0,0,0,0,0,0,0,0,0,0,0,0,0,0,0,0,0,0,0,0,0,0,0,0,0,0,0,0,0,0,0,0,0,0,0,0,0,0,0,0,0,0,0,0,0,0,0,0,0,0,0,0,0,0,0,0,0,0,0,0,0,0,0,0,0,0,0,0,0,0,0
49799,0,0,0,0,0,0,0,..,..,..,..,..,..,..,..,..,0,0,0,0,0,0,0,0,0,0,0,0,0,0,0,0,0,0,0,0,0,0,0,0,0,0,0,0,0,0,0,0,0,0,0,0,0,0,0,0,0,0,0,0,0,0,0,0,0,0,0,0,0,0,0,0,0,0,0,0,0,0,0,0,0,0,0,0,0,0,0,0,0,0,0,0,0,0,0,0,0,0,0,0,0,0,0,0,0,0,0,0,0,0,0,0,0,0,0,0,0,0,0,0,0,0,0,0,0,0,0,0,0,0,0,0,0,0,0,0,0,0,0,0,0,0,0,0,0,0,0,0,0,0,0,0,0,0,0,0,0,0,0,0,0,0,0,0,0,0,0,0,0,0,0,0,0,0,0,0,0,0,0,0,0,0,0,0,0,0,0,0,0,0,0,0,0,0,0,0,0,0,0,0
5GPER,589,292,7942,7523,1360,3211,20039,..,..,..,..,..,..,..,..,..,11,3,4,0,18,31,0,10,66,12446,3892,2182,773,19303,22678,3438,7169,52586,401,56,68,3,538,1026,46,738,2344,35,37,7,0,86,29,4,551,668,135,148,47,11,343,133,37,90,599,579,244,134,14,962,1190,84,1372,3614,415,368,118,19,914,623,96,200,1840,186135,236472,71822,9215,503641,159004,27642,42067,732349,163242,236560,69160,6774,475733,111931,17788,17990,623446,17417,11610,8263,1062,38352,37386,3608,4086,83428,8462,5333,2963,520,17278,11481,2224,1623,32599,25877,16944,11225,1583,55625,48866,5836,5710,116033,3919,1679,1229,262,7092,10785,1024,1409,20304,3403,1047,765,201,5406,7990,969,1133,15501,4726,1219,749,187,6881,8219,1023,1463,17585,3116,877,396,133,4515,4097,692,841,10139,203,147,67,11,431,348,20,58,863,15355,4971,3211,796,24327,31438,3724,4899,64395,532,41,79,3,661,1326,32,588,2608,25,21,3,0,47,48,0,1514,1610,130,68,28,8
5RWAU,0,0,62,63,9,105,242,..,..,..,..,..,..,..,..,..,9,0,3,0,11,20,0,7,40,814,290,234,28,1371,2130,162,1069,4732,959,117,84,7,1174,1845,63,9167,12249,118,65,23,0,217,219,18,1402,1850,169,122,51,5,343,180,33,106,661,1253,301,156,21,1734,2240,113,10671,14763,389,274,87,16,762,554,30,855,2202,53571,53115,17897,1655,126241,45207,5044,29249,205740,51623,50094,17391,1531,120637,38614,4331,15935,179520,2420,1266,1213,146,5045,7376,420,2160,14998,657,383,183,14,1235,925,128,485,2768,3071,1652,1395,160,6279,8301,539,2644,17764,394,171,144,23,720,1337,84,659,2804,72,22,20,3,113,175,14,78,376,48,18,4,0,71,71,4,96,249,49,9,5,0,64,98,6,69,237,25,13,10,0,49,42,8,14,116,587,233,174,28,1022,1733,114,917,3785,856,151,91,21,1122,1566,85,11348,14115,61,30,8,6,110,122,6,1236,1478,101,69,25,3
59499,0,0,0,0,0,0,0,..,..,..,..,..,..,..,..,..,0,0,0,0,0,0,0,0,0,0,0,0,0,0,0,0,0,0,0,0,0,0,0,0,0,0,0,0,0,0,0,0,0,0,0,0,0,0,0,0,0,0,0,0,0,0,0,0,0,0,0,0,0,0,0,0,0,0,0,0,0,0,0,0,0,0,0,0,0,0,0,0,0,0,0,0,0,0,0,0,0,0,0,0,0,0,0,0,0,0,0,0,0,0,0,0,0,0,0,0,0,0,0,0,0,0,0,0,0,0,0,0,0,0,0,0,0,0,0,0,0,0,0,0,0,0,0,0,0,0,0,0,0,0,0,0,0,0,0,0,0,0,0,0,0,0,0,0,0,0,0,0,0,0,0,0,0,0,0,0,0,0,0,0,0,0,0,0,0,0,0,0,0,0,0,0,0,0,0,0,0,0,0,0
59799,0,0,0,0,0,0,0,..,..,..,..,..,..,..,..,..,0,0,0,0,0,0,0,0,0,0,0,0,0,0,0,0,0,0,0,0,0,0,0,0,0,0,0,0,0,0,0,0,0,0,0,0,0,0,0,0,0,0,0,0,0,0,0,0,0,0,0,0,0,0,0,0,0,0,0,0,0,0,0,0,0,0,0,0,0,0,0,0,0,0,0,0,0,0,0,0,0,0,0,0,0,0,0,0,0,0,0,0,0,0,0,0,0,0,0,0,0,0,0,0,0,0,0,0,0,0,0,0,0,0,0,0,0,0,0,0,0,0,0,0,0,0,0,0,0,0,0,0,0,0,0,0,0,0,0,0,0,0,0,0,0,0,0,0,0,0,0,0,0,0,0,0,0,0,0,0,0,0,0,0,0,0,0,0,0,6,5,0,0,0,0,0,0,0,0,0,0,0,0,0
6GHOB,24,8,195,363,61,101,730,..,..,..,..,..,..,..,..,..,12,7,0,0,24,33,6,14,76,1291,463,641,99,2499,4251,587,756,8095,53,10,3,0,66,78,0,76,222,7,3,0,0,15,18,0,66,101,39,42,18,0,104,47,22,24,196,96,56,23,3,179,152,23,159,520,54,46,25,0,116,94,15,13,244,22879,23043,10603,879,57410,24847,3370,4584,90213,23280,24153,10451,881,58765,19082,2995,2604,83446,571,260,303,37,1169,1898,181,239,3477,715,316,228,37,1288,1004,233,120,2656,1280,575,532,72,2456,2901,415,356,6130,1309,562,553,66,2483,3074,401,402,6363,252,62,39,15,375,569,91,89,1122,162,35,43,11,254,276,63,46,634,14,0,0,0,12,16,0,0,31,44,22,13,4,83,59,9,19,167,1774,681,648,94,3204,4000,561,558,8322,53,15,8,0,77,117,3,124,324,5,0,0,0,5,3,0,97,108,52,34,15,7
6RTAS,9,0,28,156,9,32,227,..,..,..,..,..,..,..,..,..,9,11,11,0,33,59,6,8,104,583,201,335,31,1157,2606,163,500,4424,122,23,19,0,167,302,18,270,754,25,12,0,0,35,36,6,46,113,77,49,36,5,165,102,19,46,336,222,85,51,3,365,441,38,359,1209,120,96,35,0,257,224,22,53,556,34003,28036,12226,904,75164,33662,3122,7451,119403,36143,28638,12610,966,78361,29439,2922,5628,116349,1010,336,596,54,1997,4037,188,527,6758,363,210,154,18,750,565,86,86,1491,1379,545,747,69,2741,4608,276,614,8249,617,201,297,25,1143,2142,152,239,3676,19,15,10,0,44,106,6,16,167,20,0,3,0,23,51,4,7,85,6,0,0,0,4,3,0,0,11,23,16,18,0,65,73,6,26,159,682,236,329,24,1272,2371,172,282,4099,176,30,36,3,251,418,24,381,1072,10,13,4,0,22,24,4,159,202,69,34,24,8
69499,0,0,0,0,0,0,0,..,..,..,..,..,..,..,..,..,0,0,0,0,0,0,0,0,0,0,0,0,0,0,0,0,0,0,0,0,0,0,0,0,0,0,0,0,0,0,0,0,0,0,0,0,0,0,0,0,0,0,0,0,0,0,0,0,0,0,0,0,0,0,0,0,0,0,0,0,0,0,0,0,0,0,0,0,0,0,0,0,0,0,0,0,0,0,0,0,0,0,0,0,0,0,0,0,0,0,0,0,0,0,0,0,0,0,0,0,0,0,0,0,0,0,0,0,0,0,0,0,0,0,0,0,0,0,0,0,0,0,0,0,0,0,0,0,0,0,0,0,0,0,0,0,0,0,0,0,0,0,0,0,0,0,0,0,0,0,0,0,0,0,0,0,0,0,0,0,0,0,0,0,0,0,0,0,0,0,0,0,0,0,0,0,0,0,0,0,0,0,0,0
69799,0,0,0,0,0,0,0,..,..,..,..,..,..,..,..,..,0,0,0,0,0,0,0,0,0,0,0,0,0,0,0,0,0,0,0,0,0,0,0,0,0,0,0,0,0,0,0,0,0,0,0,0,0,0,0,0,0,0,0,0,0,0,0,0,0,0,0,0,0,0,0,0,0,0,0,0,0,0,0,0,0,0,0,0,0,0,0,0,0,0,0,0,0,0,0,0,0,0,0,0,0,0,0,0,0,0,0,0,0,0,0,0,0,0,0,0,0,0,0,0,0,0,0,0,0,0,0,0,0,0,0,0,0,0,0,0,0,0,0,0,0,0,0,0,0,0,0,0,0,0,0,0,0,0,0,0,0,0,0,0,0,0,0,0,0,0,0,0,0,0,0,0,0,0,0,0,0,0,0,0,0,0,0,0,0,0,0,0,0,0,0,0,0,0,0,0,0,0,0,0
7GDAR,191,51,2513,1423,508,823,5271,..,..,..,..,..,..,..,..,..,3,4,0,0,10,3,3,6,17,2984,1835,706,127,5649,3446,963,1654,11716,243,55,20,0,319,278,23,1415,2032,23,14,9,4,49,26,10,348,428,41,40,9,5,98,40,10,22,173,309,113,39,5,463,338,41,1785,2635,67,57,14,7,148,102,9,87,342,11679,14954,4368,514,31518,8955,2572,6721,49768,7628,12546,3803,317,24294,4369,1278,2214,32155,569,446,351,51,1417,1216,123,276,3037,554,419,294,35,1301,704,184,209,2397,1128,863,643,91,2718,1922,304,484,5427,918,702,414,67,2093,1668,273,399,4434,469,403,131,25,1034,727,162,223,2143,887,584,271,44,1799,1110,351,321,3581,881,352,106,24,1374,949,271,366,2959,5,3,3,0,11,15,0,4,33,3165,2048,925,168,6308,4466,1055,1323,13148,129,31,10,4,179,190,7,1666,2034,8,3,0,0,13,19,3,258,303,10,4,0,0
7RNTE,5,0,16,42,0,27,91,..,..,..,..,..,..,..,..,..,5,0,0,0,6,11,0,3,22,224,125,83,25,465,746,106,472,1779,225,51,17,3,296,435,15,3083,3830,59,33,11,10,119,105,6,597,830,78,107,41,0,223,106,22,83,430,366,187,69,12,635,646,45,3759,5089,78,61,29,0,171,133,14,192,510,5112,7383,2884,498,15882,5267,864,7462,29478,3837,6542,2751,439,13578,3011,691,2079,19359,588,641,349,56,1630,1248,122,414,3413,237,189,116,12,557,392,69,127,1142,826,828,462,75,2181,1637,193,536,4557,168,74,61,13,314,419,30,173,939,3,0,6,0,11,16,0,39,68,3,5,4,0,7,5,0,5,18,0,0,0,0,0,0,0,0,0,3,6,5,0,6,3,0,9,23,171,85,65,18,342,445,27,228,1048,168,45,31,4,249,304,17,3923,4488,42,13,9,3,68,69,3,603,741,17,3,0,0
79499,0,0,0,0,0,0,0,..,..,..,..,..,..,..,..,..,0,0,0,0,0,0,0,0,0,0,0,0,0,0,0,0,0,0,0,0,0,0,0,0,0,0,0,0,0,0,0,0,0,0,0,0,0,0,0,0,0,0,0,0,0,0,0,0,0,0,0,0,0,0,0,0,0,0,0,0,0,0,0,0,0,0,0,0,0,0,0,0,0,0,0,0,0,0,0,0,0,0,0,0,0,0,0,0,0,0,0,0,0,0,0,0,0,0,0,0,0,0,0,0,0,0,0,0,0,0,0,0,0,0,0,0,0,0,0,0,0,0,0,0,0,0,0,0,0,0,0,0,0,0,0,0,0,0,0,0,0,0,0,0,0,0,0,0,0,0,0,0,0,0,0,0,0,0,0,0,0,0,0,0,0,0,0,0,0,0,0,0,0,0,0,0,0,0,0,0,0,0,0,0
79799,0,0,0,0,0,0,0,..,..,..,..,..,..,..,..,..,0,0,0,0,0,0,0,0,0,0,0,0,0,0,0,0,0,0,0,0,0,0,0,0,0,0,0,0,0,0,0,0,0,0,0,0,0,0,0,0,0,0,0,0,0,0,0,0,0,0,0,0,0,0,0,0,0,0,0,0,0,0,0,0,0,0,0,0,0,0,0,0,0,0,0,0,0,0,0,0,0,0,0,0,0,0,0,0,0,0,0,0,0,0,0,0,0,0,0,0,0,0,0,0,0,0,0,0,0,0,0,0,0,0,0,0,0,0,0,0,0,0,0,0,0,0,0,0,0,0,0,0,0,0,0,0,0,0,0,0,0,0,0,0,0,0,0,0,0,0,0,0,0,0,0,0,0,0,0,0,0,0,0,0,0,0,0,0,0,4,6,0,0,0,0,0,0,0,0,0,0,0,0,0
8ACTE,289,105,4137,4241,922,1273,10573,..,..,..,..,..,..,..,..,..,36,19,12,4,67,114,16,21,211,5931,2107,938,278,9259,10042,2100,2660,24071,13,5,15,0,35,87,10,53,191,0,0,0,0,0,6,0,55,59,7,18,10,0,37,15,0,4,50,21,29,23,0,72,111,10,115,301,57,42,19,0,115,126,30,27,298,37354,47746,13743,1466,100312,35416,6937,8034,150697,28306,44820,11282,983,85385,17682,3365,2659,109097,3065,2265,1618,148,7105,6103,546,566,14320,4074,3449,1672,240,9435,4431,1301,663,15823,7138,5716,3294,387,16540,10536,1845,1225,30145,1330,666,432,46,2473,2745,409,387,6015,2147,882,428,112,3571,3476,697,450,8201,4037,1181,569,143,5928,5810,904,1021,13663,2047,538,258,88,2929,2697,578,493,6695,115,62,28,3,214,198,26,76,519,9675,3330,1726,391,15117,14932,2612,2429,35098,28,15,14,6,55,86,5,148,300,0,0,0,0,0,0,0,51,58,3,5,0,0
89499,0,0,0,0,0,0,0,..,..,..,..,..,..,..,..,..,0,0,0,0,0,0,0,0,0,0,0,0,0,0,0,0,0,0,0,0,0,0,0,0,0,0,0,0,0,0,0,0,0,0,0,0,0,0,0,0,0,0,0,0,0,0,0,0,0,0,0,0,0,0,0,0,0,0,0,0,0,0,0,0,0,0,0,0,0,0,0,0,0,0,0,0,0,0,0,0,0,0,0,0,0,0,0,0,0,0,0,0,0,0,0,0,0,0,0,0,0,0,0,0,0,0,0,0,0,0,0,0,0,0,0,0,0,0,0,0,0,0,0,0,0,0,0,0,0,0,0,0,0,0,0,0,0,0,0,0,0,0,0,0,0,0,0,0,0,0,0,0,0,0,0,0,0,0,0,0,0,0,0,0,0,0,0,0,0,0,0,0,0,0,0,0,0,0,0,0,0,0,0,0
89799,0,0,0,0,0,0,0,..,..,..,..,..,..,..,..,..,0,0,0,0,0,0,0,0,0,0,0,0,0,0,0,0,0,0,0,0,0,0,0,0,0,0,0,0,0,0,0,0,0,0,0,0,0,0,0,0,0,0,0,0,0,0,0,0,0,0,0,0,0,0,0,0,0,0,0,0,0,0,0,0,0,0,0,0,0,0,0,0,0,0,0,0,0,0,0,0,0,0,0,0,0,0,0,0,0,0,0,0,0,0,0,0,0,0,0,0,0,0,0,0,0,0,0,0,0,0,0,0,0,0,0,0,0,0,0,0,0,0,0,0,0,0,0,0,0,0,0,0,0,0,0,0,0,0,0,0,0,0,0,0,0,0,0,0,0,0,0,0,0,0,0,0,0,0,0,0,0,0,0,0,0,0,0,0,0,0,0,0,0,0,0,0,0,0,0,0,0,0,0,0
9OTER,0,0,0,5,0,0,5,..,..,..,..,..,..,..,..,..,0,0,0,0,0,0,0,0,5,19,39,12,4,69,41,3,45,157,0,0,0,0,0,0,0,11,11,0,0,0,0,0,4,0,9,10,5,0,0,0,4,9,0,0,10,7,0,0,0,4,12,0,13,33,5,6,0,0,11,10,0,3,21,411,418,137,9,976,368,16,197,1560,386,336,116,19,850,384,21,198,1456,23,31,6,0,57,33,0,6,102,3,4,3,0,5,3,0,4,17,21,36,15,0,68,40,0,13,125,22,10,3,0,35,44,6,17,102,10,22,9,3,36,8,0,4,54,0,3,0,0,3,0,0,5,9,0,0,0,0,0,0,0,0,0,5,0,0,0,5,7,0,4,13,33,33,7,3,74,63,6,30,176,0,0,0,0,0,0,0,0,4,0,0,0,0,0,0,0,6,6,0,0,0,0
99499,0,0,0,0,0,0,0,..,..,..,..,..,..,..,..,..,0,0,0,0,0,0,0,0,0,0,0,0,0,0,0,0,0,0,0,0,0,0,0,0,0,0,0,0,0,0,0,0,0,0,0,0,0,0,0,0,0,0,0,0,0,0,0,0,0,0,0,0,0,0,0,0,0,0,0,0,0,0,0,0,0,0,0,0,0,0,0,0,0,0,0,0,0,0,0,0,0,0,0,0,0,0,0,0,0,0,0,0,0,0,0,0,0,0,0,0,0,0,0,0,0,0,0,0,0,0,0,0,0,0,0,0,0,0,0,0,0,0,0,0,0,0,0,0,0,0,0,0,0,0,0,0,0,0,0,0,0,0,0,0,0,0,0,0,0,0,0,0,0,0,0,0,0,0,0,0,0,0,0,0,0,0,0,0,0,0,0,0,0,0,0,0,0,0,0,0,0,0,0,0
99799,0,0,0,0,0,0,0,..,..,..,..,..,..,..,..,..,0,0,0,0,0,0,0,0,0,0,0,0,0,0,0,0,0,0,0,0,0,0,0,0,0,0,0,0,0,0,0,0,0,0,0,0,0,0,0,0,0,0,0,0,0,0,0,0,0,0,0,0,0,0,0,0,0,0,0,0,0,0,0,0,0,0,0,0,0,0,0,0,0,0,0,0,0,0,0,0,0,0,0,0,0,0,0,0,0,0,0,0,0,0,0,0,0,0,0,0,0,0,0,0,0,0,0,0,0,0,0,0,0,0,0,0,0,0,0,0,0,0,0,0,0,0,0,0,0,0,0,0,0,0,0,0,0,0,0,0,0,0,0,0,0,0,0,0,0,0,0,0,0,0,0,0,0,0,0,0,0,0,0,0,0,0,0,0,0,0,0,0,0,0,0,0,0,0,0,0,0,0,0,0
