GCCSA_CODE_2021,Pre_sch_C11_M,Pre_sch_C11_F,Pre_sch_C11_P,Pre_sch_C16_M,Pre_sch_C16_F,Pre_sch_C16_P,Pre_sch_C21_M,Pre_sch_C21_F,Pre_sch_C21_P,Prim_Govt_C11_M,Prim_Govt_C11_F,Prim_Govt_C11_P,Prim_Govt_C16_M,Prim_Govt_C16_F,Prim_Govt_C16_P,Prim_Govt_C21_M,Prim_Govt_C21_F,Prim_Govt_C21_P,Prim_Cath_C11_M,Prim_Cath_C11_F,Prim_Cath_C11_P,Prim_Cath_C16_M,Prim_Cath_C16_F,Prim_Cath_C16_P,Prim_Cath_C21_M,Prim_Cath_C21_F,Prim_Cath_C21_P,Pri_Oth_No_Gov_C11_M,Pri_Oth_No_Gov_C11_F,Pri_Oth_No_Gov_C11_P,Pri_Oth_No_Gov_C16_M,Pri_Oth_No_Gov_C16_F,Pri_Oth_No_Gov_C16_P,Pri_Oth_No_Gov_C21_M,Pri_Oth_No_Gov_C21_F,Pri_Oth_No_Gov_C21_P,Primary_Tot_Prim_C11_M,Primary_Tot_Prim_C11_F,Primary_Tot_Prim_C11_P,Primary_Tot_Prim_C16_M,Primary_Tot_Prim_C16_F,Primary_Tot_Prim_C16_P,Primary_Tot_Prim_C21_M,Primary_Tot_Prim_C21_F,Primary_Tot_Prim_C21_P,Sec_Govern_C11_M,Sec_Govern_C11_F,Sec_Govern_C11_P,Sec_Govern_C16_M,Sec_Govern_C16_F,Sec_Govern_C16_P,Sec_Govern_C21_M,Sec_Govern_C21_F,Sec_Govern_C21_P,Sec_Catholic_C11_M,Sec_Catholic_C11_F,Sec_Catholic_C11_P,Sec_Catholic_C16_M,Sec_Catholic_C16_F,Sec_Catholic_C16_P,Sec_Catholic_C21_M,Sec_Catholic_C21_F,Sec_Catholic_C21_P,Sec_Oth_Non_Gov_C11_M,Sec_Oth_Non_Gov_C11_F,Sec_Oth_Non_Gov_C11_P,Sec_Oth_Non_Gov_C16_M,Sec_Oth_Non_Gov_C16_F,Sec_Oth_Non_Gov_C16_P,Sec_Oth_Non_Gov_C21_M,Sec_Oth_Non_Gov_C21_F,Sec_Oth_Non_Gov_C21_P,Sec_Tot_Sec_C11_M,Sec_Tot_Sec_C11_F,Sec_Tot_Sec_C11_P,Sec_Tot_Sec_C16_M,Sec_Tot_Sec_C16_F,Sec_Tot_Sec_C16_P,Sec_Tot_Sec_C21_M,Sec_Tot_Sec_C21_F,Sec_Tot_Sec_C21_P,Tert_Voc_TPTP_FTS_15_24_C11_M,Tert_Voc_TPTP_FTS_15_24_C11_F,Tert_Voc_TPTP_FTS_15_24_C11_P,Tert_Voc_TPTP_FTS_15_24_C16_M,Tert_Voc_TPTP_FTS_15_24_C16_F,Tert_Voc_TPTP_FTS_15_24_C16_P,Tert_Voc_TPTP_FTS_15_24_C21_M,Tert_Voc_TPTP_FTS_15_24_C21_F,Tert_Voc_TPTP_FTS_15_24_C21_P,Tert_Voc_TPTP_FTS_25ove_C11_M,Tert_Voc_TPTP_FTS_25ove_C11_F,Tert_Voc_TPTP_FTS_25ove_C11_P,Tert_Voc_TPTP_FTS_25ove_C16_M,Tert_Voc_TPTP_FTS_25ove_C16_F,Tert_Voc_TPTP_FTS_25ove_C16_P,Tert_Voc_TPTP_FTS_25ove_C21_M,Tert_Voc_TPTP_FTS_25ove_C21_F,Tert_Voc_TPTP_FTS_25ove_C21_P,Tert_Voc_TPTP_PTS_15_24_C11_M,Tert_Voc_TPTP_PTS_15_24_C11_F,Tert_Voc_TPTP_PTS_15_24_C11_P,Tert_Voc_TPTP_PTS_15_24_C16_M,Tert_Voc_TPTP_PTS_15_24_C16_F,Tert_Voc_TPTP_PTS_15_24_C16_P,Tert_Voc_TPTP_PTS_15_24_C21_M,Tert_Voc_TPTP_PTS_15_24_C21_F,Tert_Voc_TPTP_PTS_15_24_C21_P,Tert_Voc_TPTP_PTS_25ov_C11_M,Tert_Voc_TPTP_PTS_25ov_C11_F,Tert_Voc_TPTP_PTS_25ov_C11_P,Tert_Voc_TPTP_PTS_25ov_C16_M,Tert_Voc_TPTP_PTS_25ov_C16_F,Tert_Voc_TPTP_PTS_25ov_C16_P,Tert_Voc_TPTP_PTS_25ov_C21_M,Tert_Voc_TPTP_PTS_25ov_C21_F,Tert_Voc_TPTP_PTS_25ov_C21_P,Tert_Voc_F_Pt_stu_st_ns_C11_M,Tert_Voc_F_Pt_stu_st_ns_C11_F,Tert_Voc_F_Pt_stu_st_ns_C11_P,Tert_Voc_F_Pt_stu_st_ns_C16_M,Tert_Voc_F_Pt_stu_st_ns_C16_F,Tert_Voc_F_Pt_stu_st_ns_C16_P,Tert_Voc_F_Pt_stu_st_ns_C21_M,Tert_Voc_F_Pt_stu_st_ns_C21_F,Tert_Voc_F_Pt_stu_st_ns_C21_P,Tert_Voc_Tot_C11_M,Tert_Voc_Tot_C11_F,Tert_Voc_Tot_C11_P,Tert_Voc_Tot_C16_M,Tert_Voc_Tot_C16_F,Tert_Voc_Tot_C16_P,Tert_Voc_Tot_C21_M,Tert_Voc_Tot_C21_F,Tert_Voc_Tot_C21_P,Tert_U_Ft_s_15_24_C11_M,Tert_U_Ft_s_15_24_C11_F,Tert_U_Ft_s_15_24_C11_P,Tert_U_Ft_s_15_24_C16_M,Tert_U_Ft_s_15_24_C16_F,Tert_U_Ft_s_15_24_C16_P,Tert_U_Ft_s_15_24_C21_M,Tert_U_Ft_s_15_24_C21_F,Tert_U_Ft_s_15_24_C21_P,Tert_U_Ft_s_25over_C11_M,Tert_U_Ft_s_25over_C11_F,Tert_U_Ft_s_25over_C11_P,Tert_U_Ft_s_25over_C16_M,Tert_U_Ft_s_25over_C16_F,Tert_U_Ft_s_25over_C16_P,Tert_U_Ft_s_25over_C21_M,Tert_U_Ft_s_25over_C21_F,Tert_U_Ft_s_25over_C21_P,Tert_U_Pt_s_15_24_C11_M,Tert_U_Pt_s_15_24_C11_F,Tert_U_Pt_s_15_24_C11_P,Tert_U_Pt_s_15_24_C16_M,Tert_U_Pt_s_15_24_C16_F,Tert_U_Pt_s_15_24_C16_P,Tert_U_Pt_s_15_24_C21_M,Tert_U_Pt_s_15_24_C21_F,Tert_U_Pt_s_15_24_C21_P,Tert_U_Pt_s_25over_C11_M,Tert_U_Pt_s_25over_C11_F,Tert_U_Pt_s_25over_C11_P,Tert_U_Pt_s_25over_C16_M,Tert_U_Pt_s_25over_C16_F,Tert_U_Pt_s_25over_C16_P,Tert_U_Pt_s_25over_C21_M,Tert_U_Pt_s_25over_C21_F,Tert_U_Pt_s_25over_C21_P,Tert_U_F_Pt_s_s_ns_C11_M,Tert_U_F_Pt_s_s_ns_C11_F,Tert_U_F_Pt_s_s_ns_C11_P,Tert_U_F_Pt_s_s_ns_C16_M,Tert_U_F_Pt_s_s_ns_C16_F,Tert_U_F_Pt_s_s_ns_C16_P,Tert_U_F_Pt_s_s_ns_C21_M,Tert_U_F_Pt_s_s_ns_C21_F,Tert_U_F_Pt_s_s_ns_C21_P,Tert_U_Tot_C11_M,Tert_U_Tot_C11_F,Tert_U_Tot_C11_P,Tert_U_Tot_C16_M,Tert_U_Tot_C16_F,Tert_U_Tot_C16_P,Tert_U_Tot_C21_M,Tert_U_Tot_C21_F,Tert_U_Tot_C21_P,Tert_Tot_Tert_C11_M,Tert_Tot_Tert_C11_F,Tert_Tot_Tert_C11_P,Tert_Tot_Tert_C16_M,Tert_Tot_Tert_C16_F,Tert_Tot_Tert_C16_P,Tert_Tot_Tert_C21_M,Tert_Tot_Tert_C21_F,Tert_Tot_Tert_C21_P,Ot_ty_Ed_Ins_Ft_st_C11_M,Ot_ty_Ed_Ins_Ft_st_C11_F
1GSYD,41157,37792,78951,43887,40030,83913,56934,51574,108505,117653,109826,227479,137582,128646,266229,150726,140417,291148,36784,35909,72695,38895,38494,77390,40549,40154,80701,21912,20600,42516,24636,23183,47819,27791,27113,54908,176347,166335,342686,201118,190319,391435,219467,208040,427508,80333,78421,158755,83703,81892,165596,94406,89467,183872,37398,36164,73556,40858,39204,80065,42924,42894,85818,25895,25051,50945,29661,28474,58132,34821,34157,68980,143634,139627,283262,154229,149573,303793,172448,166776,339220,10463,10010,20468,7697,7951,15648,9559,9686,19240,6647,11346,17991,7428,12324,19754,11936,17456,29388,16855,8394,25244,14391,6890,21283,19137,9556,28695,16328,23974,40308,13563,21649,35207,23107,36785,59890,736,634,1375,442,444,890,269,258,523,51033,54354,105388,43518,49265,92778,64012,73730,137739,56482,66905,123384,76334,86118,162456,71182,82998,154180,17708,19606,37319,27126,29391,56520,25190,29773,54966,6819,7920,14737,9113,10022,19135,9758,11134,20889,22440,29923,52365,22261,32359,54624,22946,35031,57980,748,826,1569,577,709,1290,354,363,711,104197,125180,229378,135420,158603,294021,129427,159300,288727,155222,179537,334762,178938,207860,386803,193824,233457,427287,6241,7299
1RNSW,24670,22911,47578,25155,22923,48072,30481,28137,58613,74204,70094,144304,77720,73319,151036,79607,74002,153604,21925,21074,42999,22552,22134,44691,23640,23113,46751,9803,9178,18993,10135,9621,19755,11579,11352,22934,105943,100351,206291,110404,105077,215483,114962,108600,223560,57027,55154,112186,52579,50972,103551,54329,52044,106376,17317,18500,35817,18454,19153,37603,19687,20644,40330,9954,10417,20368,10749,11004,21759,12709,13170,25881,84297,84072,168373,81777,81130,162911,86799,85947,172748,3983,4497,8480,2924,3746,6670,3582,4148,7731,2178,4657,6837,1971,4248,6221,2923,5298,8228,11917,6914,18830,9491,6284,15776,12888,8435,21326,10047,17338,27375,7617,14271,21889,11405,20588,31991,410,367,782,285,263,546,196,172,371,28537,33772,62306,22293,28812,51103,30997,38637,69642,13558,19610,33171,15063,20087,35155,13472,21043,34515,5088,7248,12326,6442,8860,15299,6071,9604,15674,2121,3205,5328,2398,3877,6272,2752,4705,7462,7613,14427,22044,8149,16444,24596,9002,19186,28189,141,197,339,128,187,321,89,123,212,28518,44685,73211,32189,49455,81645,31386,54665,86050,57056,78461,135516,54479,78268,132748,62475,93395,155871,1281,1589
19499,37,39,76,34,17,53,37,31,72,155,138,295,81,104,184,109,126,237,19,14,33,13,9,20,14,12,30,25,17,39,19,19,35,20,17,36,197,174,367,112,136,245,146,161,310,121,118,238,64,34,97,73,93,167,16,13,29,7,8,18,15,15,34,16,14,29,12,18,29,19,8,29,157,145,299,77,55,136,107,124,229,37,39,75,20,23,41,13,16,31,21,31,57,14,25,43,11,34,46,29,34,64,26,13,47,16,20,31,38,71,104,28,50,81,38,54,96,4,0,7,6,0,6,0,0,0,130,175,306,100,120,215,84,123,205,99,135,230,103,126,233,37,60,96,60,60,121,66,74,134,25,50,74,10,11,29,7,11,18,10,7,17,44,65,111,26,44,69,23,44,67,0,7,8,0,8,3,0,0,3,207,281,490,202,256,465,97,158,254,342,456,793,306,379,678,176,286,459,24,32
19799,0,0,0,0,0,0,0,0,0,3,0,3,5,8,9,0,0,0,0,0,0,0,0,0,0,0,0,0,0,0,0,0,0,0,0,0,3,0,3,11,8,16,0,0,0,0,0,0,0,10,12,0,0,0,0,0,0,0,0,0,0,0,0,0,0,0,0,0,0,0,0,0,0,0,0,3,9,16,0,0,0,0,0,0,0,0,0,0,0,0,0,0,0,0,0,0,0,0,0,0,0,0,0,0,0,0,0,0,4,0,4,0,0,0,0,0,0,0,0,0,0,0,0,0,0,0,4,0,4,0,4,4,0,0,0,0,0,0,0,0,0,0,0,0,0,0,0,0,0,0,0,0,0,0,0,0,0,0,0,0,0,0,0,0,0,0,3,3,0,0,0,0,0,0,0,0,0,0,0,0,0,0,0,0,0,5,0,0,0,5,0,5,0,6,6,0,0,0,0,0
2GMEL,35130,32767,67899,37936,35106,73038,56282,51519,107797,102782,94543,197321,123037,114097,237129,141710,131630,273337,34173,33848,68017,37712,37066,74781,38323,37359,75677,18156,18839,36999,20571,21288,41860,23235,24209,47445,155114,147224,302338,181326,172452,353774,203585,193470,397053,70724,66524,137244,77297,72619,149906,91638,84687,176329,28680,29928,58607,31439,32605,64047,34133,35108,69238,27561,28687,56249,29567,30529,60097,33871,34888,68761,126966,125137,252102,138299,135752,274053,159876,154900,314772,13587,11922,25506,10866,9962,20828,12149,10599,22751,6623,8360,14974,7296,10431,17728,12069,16200,28269,13024,6123,19146,10745,4961,15706,15090,6786,21868,11960,16074,28041,11248,14651,25906,19840,28317,48159,640,453,1093,384,308,689,244,180,427,45833,42934,88766,40536,40320,80855,59398,62084,121479,55605,66416,122026,78263,89365,167625,67849,81917,149764,16697,19441,36139,26771,30166,56937,25968,32252,58221,4576,6493,11065,6370,8022,14391,8032,9725,17755,16845,26326,43168,18240,28814,47053,21438,35462,56898,634,621,1252,477,638,1112,297,328,629,94351,119293,213651,130119,157004,287128,123581,159688,283275,140182,162229,302415,170660,197326,367981,183288,222060,405351,6406,7162
2RVIC,11430,10420,21850,11421,10464,21880,16484,15148,31630,38424,36025,74447,39750,36852,76603,42089,38836,80935,12587,12543,25132,14144,13842,27983,15580,15556,31139,4412,4416,8826,5111,5046,10161,5459,5261,10722,55422,52985,108407,59000,55743,114745,63191,59707,122899,28654,27748,56400,26190,24967,51159,27651,26335,53982,11423,12190,23609,12199,12748,24946,13219,14087,27305,6588,6609,13199,6926,6926,13846,7954,7968,15923,46660,46547,93211,45314,44636,89954,48855,48421,97279,2584,2934,5512,2146,2424,4573,2226,2694,4928,994,2108,3103,939,2059,3002,1709,3313,5027,4983,3136,8114,4010,2444,6455,5935,3518,9450,4375,7560,11931,3150,5286,8432,5286,8822,14108,181,137,317,114,113,229,119,92,216,13119,15871,28986,10353,12332,22687,15284,18438,33727,5991,9616,15606,6993,10430,17423,6490,10675,17158,1780,3397,5177,2462,4195,6663,2905,5233,8131,704,1306,2007,921,1661,2579,1063,1958,3025,3085,6473,9555,3255,7474,10728,4119,9863,13984,80,82,161,54,112,169,54,86,140,11641,20873,32509,13688,23869,37558,14637,27812,42445,24751,36745,61501,24042,36204,60250,29961,46304,76267,1409,1428
29499,39,33,72,30,26,51,45,31,78,113,112,229,65,80,142,137,129,266,9,12,20,9,11,15,10,10,20,14,12,23,13,9,18,9,11,18,137,137,272,76,102,178,155,154,303,63,61,124,44,52,100,63,78,137,3,9,9,3,3,8,6,4,17,7,11,17,18,11,24,3,14,14,74,79,153,68,68,137,73,97,172,23,33,61,22,25,46,12,26,36,23,26,49,11,24,31,6,29,37,27,22,51,6,4,15,13,4,20,18,21,41,20,27,43,24,27,52,4,5,3,0,3,3,4,0,3,95,113,203,58,79,140,54,92,146,71,122,193,83,127,210,39,50,90,53,59,115,41,45,89,23,41,69,9,9,15,10,11,19,5,20,21,20,51,68,15,34,44,22,42,64,0,0,0,0,0,3,0,0,0,157,237,392,148,214,365,91,152,244,242,347,594,206,296,505,148,246,391,24,30
29799,0,0,0,0,0,0,0,0,0,0,0,0,0,0,0,0,0,0,0,0,0,0,0,0,0,0,0,0,0,0,0,0,0,0,0,0,0,0,0,0,0,0,0,0,0,0,0,0,0,0,0,0,0,0,0,0,0,0,0,0,0,0,0,0,0,0,0,0,0,0,0,0,0,0,0,0,0,0,0,0,0,0,0,0,0,0,0,0,0,0,0,0,0,0,0,0,0,0,0,0,0,0,0,0,0,0,0,0,0,0,0,0,0,0,0,0,0,0,0,0,0,0,0,0,0,0,0,0,0,0,0,0,0,0,0,0,0,0,0,0,0,0,0,0,0,0,0,0,0,0,0,0,0,0,0,0,0,0,0,0,0,0,0,0,0,0,0,0,0,0,0,0,0,0,0,0,0,0,0,0,0,0,0,0,0,0,0,0,0,0,0,0,0,0,0,0,0,0,0,0
3GBRI,13153,12328,25487,14974,13781,28758,23450,21511,44957,63261,58833,122099,69852,65540,135388,76730,73285,150019,17837,17183,35019,18310,17894,36199,19770,19025,38796,11006,11141,22148,11595,11626,23219,13011,12612,25626,92104,87158,179269,99757,95059,194815,109686,105114,214799,35326,33519,68845,41983,39767,81750,52873,49767,102637,13286,12904,26185,16738,15768,32501,19886,18426,38314,13892,14262,28155,15461,15366,30825,17580,18148,35728,62510,60684,123190,74181,70897,145078,90490,86479,176965,4289,4512,8803,3968,4543,8508,4481,4581,9057,2479,3990,6473,3165,5950,9114,4819,7866,12689,4928,3718,8646,4053,3356,7416,5806,4748,10553,5957,10055,16007,5414,9607,15020,9405,16284,25693,251,213,462,131,165,297,97,101,198,17904,22489,40390,16734,23617,40356,24610,33577,58186,25559,33210,58768,32109,39252,71364,28850,37443,66295,8503,10592,19098,11896,14254,26154,11994,16045,28046,2632,3741,6377,3328,4566,7894,4541,6178,10719,9386,14245,23630,10668,16710,27379,12409,21199,33604,223,248,479,159,235,402,90,113,205,46302,62044,108348,58165,75021,133188,57887,80985,138872,64206,84530,148737,74906,98639,173547,82604,114677,197281,2555,2758
3RQLD,13012,12079,25087,14429,13421,27848,20586,18923,39504,70738,65522,136258,73080,67809,140892,73015,68613,141632,19274,18391,37665,18693,18932,37620,20573,20118,40690,13269,12980,26244,13602,13317,26917,14070,14056,28125,103278,96900,200177,105371,100053,205432,107826,102963,210789,43315,41862,85174,48359,45933,94292,54726,51905,106627,12767,12991,25758,15578,14987,30563,17037,17626,34666,11965,12310,24274,14097,13981,28079,17108,16723,33831,68044,67161,135207,78032,74903,152936,88981,86372,175353,2595,2766,5363,2353,2933,5288,3470,3186,6656,1459,3325,4787,1999,4413,6412,3420,5438,8855,5229,4569,9795,4367,4058,8420,6038,4949,10991,5880,12424,18306,5167,10859,16025,8415,16643,25058,224,226,447,170,179,352,116,124,239,15391,23314,38704,14057,22445,36499,21460,30340,51796,10646,16960,27604,13841,20079,33923,11842,20378,32223,4584,7884,12467,6185,10032,16219,6529,11629,18153,1904,3322,5227,2235,3985,6215,2753,4813,7572,6348,12816,19170,7390,15652,23051,8330,18200,26533,141,190,338,127,196,323,78,103,184,23629,41181,64799,29780,49950,79732,29537,55129,84667,39018,64490,103508,43841,72393,116234,51070,85581,136652,1545,1888
39499,17,25,44,19,15,32,39,35,76,122,127,250,90,92,182,196,200,400,11,12,22,6,12,19,12,6,26,25,33,55,38,29,63,43,53,97,159,170,323,134,136,263,257,265,518,53,48,105,51,45,95,94,100,197,5,6,18,7,4,5,14,16,32,6,13,24,13,15,25,31,32,60,63,74,136,66,61,127,142,144,293,10,21,30,11,16,26,13,14,28,20,14,32,13,16,27,24,38,65,18,16,29,11,21,30,9,20,26,23,27,49,16,24,47,37,74,113,0,0,0,3,5,9,0,9,9,64,76,145,58,75,135,77,154,238,46,74,111,53,78,129,28,47,79,39,34,73,38,57,101,29,34,63,8,15,23,10,6,19,5,19,28,20,43,62,24,22,45,31,50,74,0,7,7,3,4,9,0,0,0,110,167,276,129,170,300,92,148,239,173,244,417,183,252,434,177,303,483,25,20
39799,0,3,3,0,0,0,0,0,0,9,0,9,0,0,0,0,0,0,0,0,3,0,0,0,0,0,0,0,0,0,0,0,0,0,0,0,12,0,13,0,0,0,0,0,0,3,5,12,0,4,4,0,0,0,0,0,4,0,0,0,0,0,0,0,0,0,0,0,0,0,0,0,6,10,12,3,4,4,0,0,0,0,0,0,0,0,0,0,0,0,0,0,0,0,0,0,0,0,0,0,0,0,0,0,0,0,0,0,0,3,4,0,0,0,0,0,0,0,0,0,0,0,0,0,0,0,4,3,11,0,0,0,0,0,0,4,4,5,0,0,0,0,0,0,0,0,0,0,0,0,0,0,0,4,0,4,0,0,0,0,0,0,0,0,0,0,0,0,0,0,0,0,0,0,0,0,0,0,0,0,4,5,8,0,0,0,0,0,0,12,9,15,0,6,6,0,0,0,0,0
4GADE,7995,7726,15718,8148,7801,15949,11719,10786,22500,32737,30144,62886,36381,33912,70299,39876,36753,76623,10986,10856,21843,11050,10864,21916,11211,10836,22051,9059,8932,17983,9055,9032,18089,9396,9277,18670,52785,49932,102719,56491,53806,110299,60561,56949,117510,18683,17830,36507,19274,18068,37340,21352,19940,41289,8049,8396,16449,8446,8704,17152,9800,10035,19832,8383,8496,16880,9240,8999,18239,10122,10251,20372,35113,34717,69832,36958,35772,72731,41309,40275,81582,2679,2682,5361,2353,2362,4715,2447,1901,4347,1943,3064,5011,2207,3559,5766,2799,4117,6912,3343,2356,5703,2568,1989,4557,3353,2220,5576,4601,6761,11362,4016,6476,10495,5810,8709,14520,176,128,304,94,96,195,75,61,136,12747,14986,27731,11237,14482,25722,14486,17009,31492,14877,18509,33389,18295,21818,40112,16946,21590,38536,5505,6386,11898,7325,8461,15783,7589,9623,17213,1260,1981,3244,1786,2241,4025,2158,2770,4925,5070,7764,12833,5178,8426,13603,6079,10374,16452,149,164,319,102,171,266,72,79,146,26868,34807,61676,32673,41118,73789,32844,44431,77275,39616,49797,89409,43911,55598,99517,47385,61518,108906,1369,1632
4RSAU,2493,2351,4845,2265,2070,4327,2704,2607,5307,12813,11990,24799,12614,11557,24169,11992,11187,23181,2178,2133,4309,2213,2064,4275,2268,2224,4490,2293,2293,4590,2272,2218,4489,2203,2220,4424,17285,16423,33701,17100,15835,32935,16485,15644,32128,7935,7743,15674,7782,7529,15310,7849,7410,15267,1210,1245,2451,1157,1174,2330,1234,1297,2529,1399,1545,2941,1334,1472,2807,1578,1673,3248,10547,10525,21068,10271,10172,20447,10672,10392,21062,380,469,847,292,388,682,260,329,583,201,629,827,218,611,824,233,559,796,1072,875,1949,789,722,1508,1045,701,1747,1102,2236,3332,856,1684,2540,1092,2070,3161,40,48,90,31,30,64,24,27,54,2789,4248,7040,2188,3438,5626,2658,3684,6344,360,817,1172,528,1122,1652,566,1381,1948,162,529,690,269,672,941,312,872,1190,123,241,365,103,231,343,140,356,491,594,1338,1926,538,1408,1947,552,1716,2269,15,19,34,7,24,34,5,14,20,1250,2938,4191,1446,3463,4907,1575,4343,5921,4038,7189,11229,3635,6901,10532,4241,8028,12269,205,256
49499,5,8,17,6,9,12,13,13,31,48,45,88,26,32,55,60,64,122,8,0,6,0,3,3,11,8,17,11,16,20,3,6,11,9,8,17,58,60,121,28,41,70,77,80,156,19,19,39,28,36,73,26,61,87,0,7,3,0,0,4,3,3,4,3,0,8,7,6,12,8,15,21,27,24,50,37,47,85,38,70,111,8,3,17,4,8,10,8,3,6,3,11,16,7,9,17,5,8,14,5,5,7,0,0,3,3,4,10,9,17,31,7,3,10,12,12,20,0,0,0,0,0,0,0,0,0,28,39,69,22,24,43,22,25,50,18,21,42,17,12,31,13,7,16,13,15,26,15,17,34,7,10,16,5,0,8,0,0,0,0,8,8,9,11,13,0,5,9,11,13,19,0,0,0,0,0,0,0,0,0,38,50,89,39,36,79,26,40,71,76,88,156,59,61,118,49,66,117,0,4
49799,0,0,0,0,0,0,0,0,0,0,0,0,0,0,0,0,0,0,0,0,0,0,0,0,0,0,0,0,0,0,0,0,0,0,0,0,0,0,0,0,0,0,0,0,0,0,0,0,0,0,0,0,0,0,0,0,0,0,0,0,0,0,0,0,0,0,0,0,0,0,0,0,0,0,0,0,0,0,0,0,0,0,0,0,0,0,0,0,0,0,0,0,0,0,0,0,0,0,0,0,0,0,0,0,0,0,0,0,0,0,0,0,0,0,0,0,0,0,0,0,0,0,0,0,0,0,0,0,0,0,0,0,0,0,0,0,0,0,0,0,0,0,0,0,0,0,0,0,0,0,0,0,0,0,0,0,0,0,0,0,0,0,0,0,0,0,0,0,0,0,0,0,0,0,0,0,0,0,0,0,0,0,0,0,0,0,0,0,0,0,0,0,0,0,0,0,0,0,0,0
5GPER,12703,11975,24681,12205,11572,23780,19258,17696,36950,49279,45706,94986,57959,53607,111570,64084,60099,124182,12865,12736,25596,14685,14482,29162,14594,14510,29111,10749,10616,21368,11727,11690,23413,12464,12339,24803,72889,69065,141951,84373,79775,164145,91288,87115,178400,24561,22975,47531,34319,32326,66649,41628,38662,80293,12428,12645,25075,14192,14266,28456,15253,15012,30261,12756,13307,26062,15156,15215,30370,16294,15915,32214,49741,48920,98669,63669,61807,125473,73256,69686,142947,5007,4465,9472,4782,4217,9000,4910,4619,9529,2644,3999,6647,3461,5137,8596,3932,6637,10571,5776,2995,8769,4719,2701,7420,6250,3632,9882,5361,8048,13408,4958,7854,12807,6992,12073,19062,228,156,388,178,142,319,97,90,184,19014,19670,38681,18097,20049,38147,22177,27052,49233,21213,25944,47153,24179,27707,51880,22430,28806,51234,6346,7699,14042,9074,10982,20056,8964,11892,20860,2202,3234,5437,2932,3858,6783,3756,4728,8480,7236,11154,18393,7899,12554,20453,8837,14629,23467,197,204,399,164,255,417,104,126,227,37200,48233,85431,44241,55345,99590,44088,60179,104270,56210,67897,124108,62341,75392,137737,66394,87359,153748,1840,1854
5RWAU,3920,3802,7723,3423,3027,6454,4300,4157,8461,17592,16589,34181,17078,16243,33318,16510,15182,31697,3991,3973,7958,3829,3849,7681,3841,3718,7561,2176,2163,4336,2306,2299,4601,2336,2252,4590,23757,22726,46477,23215,22392,45608,22724,21194,43915,8621,7872,16493,11123,10354,21477,11281,10708,21991,2208,2457,4660,2724,2871,5599,2963,3192,6156,1951,1842,3795,2196,2205,4399,2169,2436,4609,12782,12162,24951,16041,15433,31477,16431,16357,32786,773,779,1545,627,672,1293,727,696,1426,280,671,946,283,664,947,386,826,1219,1641,1131,2772,1249,983,2230,1771,1079,2848,1498,3120,4623,1296,2747,4042,1569,3432,5005,62,49,110,44,54,101,34,24,60,4246,5753,9996,3500,5115,8615,4495,6060,10557,521,913,1431,544,1014,1556,509,1109,1623,292,790,1086,430,973,1404,435,1129,1562,141,364,510,153,381,534,178,442,627,1096,2185,3278,1078,2490,3565,1058,2778,3840,19,17,34,18,18,31,7,16,23,2069,4275,6341,2214,4874,7089,2191,5474,7669,6311,10020,16333,5717,9987,15701,6695,11555,18252,295,279
59499,10,14,22,11,3,22,22,18,41,69,64,137,45,45,97,94,92,181,10,8,17,10,0,14,13,7,22,21,26,44,13,17,26,23,17,35,100,96,196,75,67,142,121,114,243,33,13,48,20,26,49,39,47,83,0,0,0,0,6,7,4,3,6,6,8,13,6,4,7,9,4,19,47,17,66,28,30,56,51,55,109,4,5,11,3,5,10,13,11,16,14,3,15,14,11,26,9,18,33,11,8,13,0,8,10,11,6,15,19,13,34,9,14,24,7,25,34,3,0,3,0,0,0,0,0,0,51,32,78,35,38,74,44,59,99,31,29,63,31,35,63,14,25,42,13,23,40,21,14,33,13,17,31,0,11,8,0,4,5,0,3,9,26,24,47,10,16,30,15,25,46,0,0,0,0,0,0,3,0,3,69,88,162,65,63,129,52,68,122,117,123,240,99,108,203,96,130,224,8,12
59799,0,0,0,0,0,0,0,0,0,0,0,0,0,0,0,0,0,0,0,0,0,0,0,0,0,0,0,0,0,0,0,0,0,0,0,0,0,0,0,0,0,0,0,0,0,0,0,0,0,0,0,0,0,0,0,0,0,0,0,0,0,0,0,0,0,0,0,0,0,0,0,0,0,0,0,4,0,4,0,0,0,0,0,0,0,0,0,0,0,0,0,0,0,0,0,0,0,0,0,0,0,0,0,0,0,0,0,0,0,0,0,3,0,3,7,0,7,0,0,0,0,0,0,0,0,0,9,0,9,3,0,3,4,0,5,0,0,0,0,0,4,0,0,0,0,0,0,5,0,5,0,0,0,0,0,0,0,0,0,0,0,0,5,0,5,3,0,3,3,0,6,0,0,0,0,0,0,0,0,0,5,0,5,5,0,10,9,0,8,12,0,10,7,0,6,13,0,17,0,0
6GHOB,895,875,1764,859,850,1706,1662,1564,3223,6169,5571,11740,6907,6282,13190,7234,6525,13759,2009,1983,3998,2040,2150,4192,2131,2278,4409,1051,994,2045,1090,1073,2160,1131,1133,2266,9235,8549,17784,10043,9502,19544,10508,9944,20455,3571,3276,6847,3879,3433,7307,4083,3779,7860,1522,1774,3294,1656,1816,3471,1822,2003,3823,1227,1246,2475,1270,1253,2516,1481,1383,2864,6327,6291,12617,6802,6500,13304,7391,7173,14563,870,832,1700,626,628,1251,541,517,1054,267,414,686,283,469,749,1262,1288,2556,717,422,1139,580,358,937,832,456,1291,742,1088,1831,634,959,1591,1423,1449,2875,29,31,56,20,20,42,19,13,37,2624,2797,5415,2140,2431,4569,4072,3733,7808,2161,2502,4663,2307,2601,4901,1984,2399,4382,859,997,1853,1253,1330,2578,1569,1855,3421,225,292,515,231,329,559,300,416,716,897,1698,2591,1003,1947,2947,1255,2295,3546,19,14,36,11,22,34,14,9,21,4155,5498,9657,4799,6220,11026,5116,6972,12087,6775,8293,15072,6940,8650,15595,9203,10719,19923,142,211
6RTAS,1286,1153,2440,1075,951,2026,1661,1598,3260,9326,8961,18283,9281,8742,18020,9314,8890,18205,1826,1851,3672,1966,1913,3881,2055,1928,3980,1159,1140,2301,1174,1126,2305,1249,1262,2508,12311,11945,24253,12422,11779,24203,12621,12081,24708,5819,5482,11302,5456,5196,10651,5954,5725,11679,1539,1639,3184,1577,1576,3156,1622,1666,3287,1278,1197,2480,1172,1146,2319,1318,1263,2582,8638,8324,16962,8205,7914,16129,8899,8668,17569,1150,1311,2459,941,994,1938,495,536,1031,316,626,947,304,559,866,570,757,1328,973,600,1570,714,532,1240,1067,645,1714,951,1428,2374,708,1241,1950,1191,1602,2795,46,26,76,30,17,44,27,20,47,3435,3991,7426,2692,3349,6041,3357,3559,6913,1196,1609,2803,1324,1599,2925,986,1550,2539,586,844,1430,650,874,1524,738,1120,1856,112,275,389,135,243,376,194,351,542,701,1476,2177,699,1630,2324,890,1845,2732,9,19,29,13,21,37,7,17,23,2603,4221,6828,2817,4370,7185,2816,4878,7690,6042,8216,14253,5515,7716,13229,6172,8453,14623,218,275
69499,9,0,10,4,0,5,9,5,9,8,19,29,9,10,19,27,15,41,0,0,0,3,0,4,3,0,4,0,0,0,3,4,4,0,3,3,11,25,33,14,14,26,28,18,53,10,7,24,8,4,9,8,19,30,0,3,3,0,3,3,4,0,7,0,0,0,0,3,3,0,0,3,17,11,24,8,13,17,13,19,33,0,9,11,3,6,7,6,0,9,0,4,3,3,0,3,0,4,4,0,0,5,0,5,6,8,9,9,3,5,12,0,0,0,3,8,9,0,0,0,0,0,0,0,0,0,15,18,25,5,9,17,21,23,35,6,11,17,4,7,18,0,4,3,7,4,12,12,3,13,8,3,9,0,0,0,0,0,0,0,4,0,3,9,7,0,3,9,4,16,14,0,0,0,0,0,0,0,0,0,15,28,39,17,18,34,13,22,32,25,41,68,25,26,54,30,39,68,0,3
69799,0,0,0,0,0,0,0,0,0,0,0,0,0,0,0,0,0,0,0,0,0,0,0,0,0,0,0,0,0,0,0,0,0,0,0,0,0,0,0,0,0,0,0,0,0,0,5,5,0,0,0,0,0,0,0,0,0,0,0,0,0,0,0,0,0,0,0,0,0,0,0,0,0,5,5,0,0,0,0,0,0,0,0,0,0,0,0,0,0,0,0,0,0,0,0,0,0,0,0,0,0,0,0,0,0,0,0,0,0,0,0,0,0,0,0,0,0,0,0,0,0,0,0,0,0,0,0,0,0,0,3,3,0,0,0,0,0,0,0,0,0,0,0,0,0,0,0,0,0,0,0,0,0,0,0,0,0,0,0,0,0,0,0,0,0,0,0,0,0,0,0,0,0,0,0,0,0,0,0,0,3,0,0,0,0,0,0,0,0,3,3,8,0,3,3,0,0,0,0,0
7GDAR,924,857,1774,1019,993,2009,1350,1272,2621,3576,3509,7093,4092,3867,7957,4626,4401,9030,608,658,1264,797,679,1471,699,705,1401,655,709,1364,878,860,1740,774,844,1616,4840,4878,9722,5771,5394,11166,6113,5952,12064,2582,2294,4879,2518,2378,4899,2791,2804,5590,457,419,877,603,586,1190,744,701,1444,825,871,1693,871,945,1821,796,811,1604,3865,3583,7449,3996,3915,7909,4333,4317,8648,94,57,156,108,88,195,172,141,312,67,104,170,102,139,243,331,352,680,269,182,447,247,195,438,308,229,532,338,463,807,436,722,1164,620,982,1602,6,4,11,14,16,27,11,5,10,774,816,1592,907,1159,2067,1431,1706,3134,434,661,1097,692,827,1518,675,950,1628,365,573,936,603,917,1515,796,1250,2043,213,355,565,209,345,557,213,364,579,745,1595,2343,889,1801,2692,971,2049,3020,12,16,26,11,19,32,8,11,18,1764,3199,4960,2401,3911,6313,2665,4622,7288,2538,4017,6550,3306,5066,8375,4106,6334,10440,105,105
7RNTE,781,770,1554,851,843,1695,853,764,1619,4183,3849,8037,3720,3434,7158,3788,3422,7210,674,645,1326,589,564,1151,588,566,1156,405,376,778,406,414,817,362,365,728,5259,4874,10138,4713,4415,9123,4746,4358,9110,1597,1526,3122,1727,1597,3324,1628,1584,3215,451,455,900,478,397,878,381,412,794,527,603,1128,533,557,1085,505,431,934,2572,2577,5150,2732,2552,5285,2514,2424,4935,61,26,89,52,34,87,41,31,78,59,75,135,36,69,105,65,82,144,143,129,275,94,78,173,109,86,202,262,356,613,183,378,563,266,421,681,5,7,10,10,6,14,5,4,8,530,591,1122,376,567,941,481,624,1106,43,86,125,33,102,139,60,117,179,73,133,204,100,177,277,121,246,370,51,101,152,34,91,124,34,103,137,383,815,1201,358,809,1169,392,806,1195,6,0,7,4,12,15,4,6,10,552,1138,1688,534,1185,1719,610,1275,1881,1080,1728,2813,910,1745,2656,1093,1904,2995,115,129
79499,4,0,5,3,0,4,5,8,14,23,19,45,21,24,49,56,38,101,0,0,0,6,3,5,0,0,3,6,10,14,0,5,8,13,7,27,31,24,56,30,32,61,77,57,132,0,4,4,3,3,8,12,16,26,0,0,0,0,0,0,3,0,3,0,0,0,0,0,4,10,11,17,0,4,4,9,3,16,26,24,48,0,0,0,15,4,25,0,0,0,0,0,0,4,0,9,0,0,0,0,0,0,0,0,0,0,3,4,12,6,11,3,6,5,4,8,15,0,0,0,0,0,0,0,0,0,9,4,17,23,11,36,9,11,21,6,4,8,6,0,6,0,0,4,7,4,5,0,6,5,13,4,16,0,0,0,0,0,0,0,0,0,4,10,15,3,9,9,4,15,25,0,0,0,0,0,0,0,0,0,9,18,35,12,10,21,20,24,46,20,26,45,37,22,60,20,39,68,0,0
79799,0,0,0,0,0,0,0,0,0,0,0,0,0,0,0,0,0,0,0,0,0,0,0,0,0,0,0,0,0,0,0,0,0,0,0,0,0,0,0,0,0,0,0,0,0,0,0,0,0,0,0,0,0,0,0,0,0,0,4,4,0,0,0,0,0,0,0,0,0,0,0,0,0,0,0,0,4,4,0,0,0,0,0,0,0,0,0,0,0,0,0,0,0,0,0,0,0,0,0,0,0,0,0,0,0,0,0,0,0,0,0,0,0,0,0,0,0,0,0,0,0,0,0,0,0,0,0,0,0,0,0,0,0,0,0,0,0,0,0,0,0,0,0,0,0,0,0,0,0,0,0,0,0,0,0,0,0,0,0,0,0,0,0,0,0,0,0,0,0,0,0,0,0,0,0,0,0,0,0,0,0,0,0,0,0,0,0,0,0,0,0,0,0,0,0,3,0,3,0,0
8ACTE,2789,2413,5196,3112,2794,5899,4604,4236,8837,8525,8064,16586,10711,9997,20712,12985,12045,25029,3826,3621,7446,4221,3904,8120,4517,4212,8725,1818,1844,3664,2000,1965,3964,2180,2264,4442,14164,13524,27692,16934,15870,32801,19702,18545,38251,6318,6047,12369,6906,6699,13604,8459,7690,16158,3332,3297,6631,3293,3075,6368,3652,3461,7118,2034,2056,4098,2068,2145,4211,2232,2403,4632,11688,11411,23095,12267,11913,24183,14353,13576,27930,786,828,1616,601,602,1204,720,660,1382,427,633,1063,595,776,1370,1064,1137,2198,1438,892,2334,1181,765,1945,1558,964,2518,1756,2331,4091,1439,2157,3594,2465,3222,5689,37,23,58,25,25,45,19,14,30,4448,4714,9160,3832,4319,8159,5833,5992,11821,6692,7259,13954,8134,8989,17125,7624,9093,16718,2354,2188,4543,3376,3118,6499,3185,3511,6698,677,944,1623,763,975,1742,1135,1474,2619,3514,4555,8070,3678,5095,8773,4248,5894,10141,59,35,93,44,49,96,28,25,61,13300,14986,28282,15991,18234,34229,16224,20007,36225,17746,19697,37442,19829,22556,42381,22083,26026,48106,485,290
89499,0,0,3,5,0,7,3,0,8,8,4,12,12,10,17,6,5,9,3,9,8,0,0,0,0,0,0,0,0,0,0,0,0,0,0,0,7,8,22,8,9,18,6,5,9,3,8,12,0,0,4,9,23,36,0,0,5,0,0,0,0,0,5,0,0,6,0,0,0,0,0,0,6,12,17,4,0,4,11,25,37,0,0,9,0,0,0,0,4,8,6,4,11,0,3,3,0,0,3,0,3,3,5,0,5,0,0,0,0,6,5,0,0,0,3,4,7,0,0,0,0,0,0,0,0,0,12,8,18,5,8,8,9,14,21,13,13,28,11,15,30,11,6,21,10,4,10,15,12,18,4,4,9,0,0,0,0,0,0,3,5,5,8,3,11,0,9,6,0,0,8,0,0,0,0,0,0,0,0,0,26,25,55,31,33,64,14,18,35,43,33,73,32,37,71,23,31,54,10,3
89799,0,0,0,0,0,0,0,0,0,0,0,0,0,0,0,0,0,0,0,0,0,0,0,0,0,0,0,0,0,0,0,0,0,0,0,0,0,0,0,0,0,0,0,0,0,0,0,0,0,0,0,0,0,0,0,0,0,0,0,0,0,0,0,0,0,0,0,0,0,0,0,0,0,0,0,0,0,0,0,0,0,0,0,0,0,0,0,0,0,0,0,0,0,0,0,0,0,0,0,0,0,0,0,0,0,0,0,0,0,0,0,0,0,0,0,0,0,0,0,0,0,0,0,0,0,0,0,0,0,0,0,0,0,0,0,0,0,0,0,0,0,0,0,0,0,0,0,0,0,0,0,0,0,0,0,0,0,0,0,0,0,0,0,0,0,0,0,0,0,0,0,0,0,0,0,0,0,0,0,0,0,0,0,0,0,0,0,0,0,0,0,0,0,0,0,0,0,0,0,0
9OTER,19,17,41,47,29,78,46,33,81,94,98,193,181,167,341,185,167,358,0,0,0,0,0,0,0,0,0,8,5,12,4,0,4,0,0,0,104,104,207,177,167,346,189,167,353,65,60,130,115,123,239,116,110,230,0,4,0,0,0,4,0,5,4,0,0,3,3,6,11,0,0,3,67,64,135,112,137,247,116,119,234,0,3,3,0,0,0,4,0,7,0,0,0,6,5,10,5,3,7,5,0,5,8,4,6,9,10,17,4,10,17,7,12,15,16,28,41,0,0,0,0,0,0,0,0,0,9,15,20,19,12,33,33,38,72,0,0,3,0,3,0,0,8,11,5,4,3,4,3,9,0,6,6,0,0,0,0,0,0,0,10,5,6,13,20,9,17,26,8,16,28,0,0,0,0,0,0,0,0,3,11,24,30,17,20,36,20,37,57,13,36,52,32,35,69,52,80,131,8,0
99499,0,0,0,0,0,0,0,0,0,0,0,0,0,0,0,0,0,0,0,0,0,0,0,0,0,0,0,0,0,0,0,0,0,0,0,0,0,0,0,0,0,0,0,0,0,0,0,0,0,0,0,0,0,0,0,0,0,0,0,0,0,0,0,0,0,0,0,0,0,0,0,0,0,0,0,0,0,0,0,0,0,0,0,0,0,0,0,0,0,0,0,0,0,0,0,0,0,0,0,0,0,0,0,0,0,0,0,0,0,0,0,0,0,0,0,0,0,0,0,0,0,0,0,0,0,0,0,0,0,0,0,0,0,0,0,0,0,0,4,0,0,0,0,0,0,0,0,0,0,0,0,0,0,0,0,0,0,0,0,0,0,0,0,0,0,0,0,0,0,0,0,0,0,0,0,0,0,0,0,0,0,0,0,4,0,0,0,0,0,0,0,6,4,0,0,0,0,0,0,0
99799,0,0,0,0,0,0,0,0,0,0,0,0,0,0,0,0,0,0,0,0,0,0,0,0,0,0,0,0,0,0,0,0,0,0,0,0,0,0,0,0,0,0,0,0,0,0,0,0,0,0,0,0,0,0,0,0,0,0,0,0,0,0,0,0,0,0,0,0,0,0,0,0,0,0,0,0,0,0,0,0,0,0,0,0,0,0,0,0,0,0,0,0,0,0,0,0,0,0,0,0,0,0,0,0,0,0,0,0,0,0,0,0,0,0,0,0,0,0,0,0,0,0,0,0,0,0,0,0,0,0,0,0,0,0,0,0,0,0,0,0,0,0,0,0,0,0,0,0,0,0,0,0,0,0,0,0,0,0,0,0,0,0,0,0,0,0,0,0,0,0,0,0,0,0,0,0,0,0,0,0,0,0,0,0,0,0,0,0,0,0,0,0,0,0,0,0,0,0,0,0
