GCCSA_CODE_2021,C21_F_Health_15_19,C21_F_Health_20_24,C21_F_Health_25_34,C21_F_Health_35_44,C21_F_Health_45_54,C21_F_Health_55_64,C21_F_Health_65_74,C21_F_Health_75_84,C21_F_Health_85over,C21_F_Health_Tot,C21_F_Educ_15_19,C21_F_Educ_20_24,C21_F_Educ_25_34,C21_F_Educ_35_44,C21_F_Educ_45_54,C21_F_Educ_55_64,C21_F_Educ_65_74,C21_F_Educ_75_84,C21_F_Educ_85over,C21_F_Educ_Tot,C21_F_MngtCom_15_19,C21_F_MngtCom_20_24,C21_F_MngtCom_25_34,C21_F_MngtCom_35_44,C21_F_MngtCom_45_54,C21_F_MngtCom_55_64,C21_F_MngtCom_65_74,C21_F_MngtCom_75_84,C21_F_MngtCom_85over,C21_F_MngtCom_Tot,C21_F_Soc_cult_15_19,C21_F_Soc_cult_20_24,C21_F_Soc_cult_25_34,C21_F_Soc_cult_35_44,C21_F_Soc_cult_45_54,C21_F_Soc_cult_55_64,C21_F_Soc_cult_65_74,C21_F_Soc_cult_75_84,C21_F_Soc_cult_85over,C21_F_Soc_cult_Tot,C21_F_Creative_art_15_19,C21_F_Creative_art_20_24,C21_F_Creative_art_25_34,C21_F_Creative_art_35_44,C21_F_Creative_art_45_54,C21_F_Creative_art_55_64,C21_F_Creative_art_65_74,C21_F_Creative_art_75_84,C21_F_Creative_art_85over,C21_F_Creative_art_Tot,C21_F_FoodHos_PS_15_19,C21_F_FoodHos_PS_20_24,C21_F_FoodHos_PS_25_34,C21_F_FoodHos_PS_35_44,C21_F_FoodHos_PS_45_54,C21_F_FoodHos_PS_55_64,C21_F_FoodHos_PS_65_74,C21_F_FoodHos_PS_75_84,C21_F_FoodHos_PS_85over,C21_F_FoodHos_PS_Tot,C21_F_MixFld_pr_15_19,C21_F_MixFld_pr_20_24,C21_F_MixFld_pr_25_34,C21_F_MixFld_pr_35_44,C21_F_MixFld_pr_45_54,C21_F_MixFld_pr_55_64,C21_F_MixFld_pr_65_74,C21_F_MixFld_pr_75_84,C21_F_MixFld_pr_85over,C21_F_MixFld_pr_Tot,C21_F_FldStu_ID_15_19,C21_F_FldStu_ID_20_24,C21_F_FldStu_ID_25_34,C21_F_FldStu_ID_35_44,C21_F_FldStu_ID_45_54,C21_F_FldStu_ID_55_64,C21_F_FldStu_ID_65_74,C21_F_FldStu_ID_75_84,C21_F_FldStu_ID_85over,C21_F_FldStu_ID_Tot,C21_F_FldStu_NS_15_19,C21_F_FldStu_NS_20_24,C21_F_FldStu_NS_25_34,C21_F_FldStu_NS_35_44,C21_F_FldStu_NS_45_54,C21_F_FldStu_NS_55_64,C21_F_FldStu_NS_65_74,C21_F_FldStu_NS_75_84,C21_F_FldStu_NS_85over,C21_F_FldStu_NS_Tot,C21_F_Tot_15_19,C21_F_Tot_20_24,C21_F_Tot_25_34,C21_F_Tot_35_44,C21_F_Tot_45_54,C21_F_Tot_55_64,C21_F_Tot_65_74,C21_F_Tot_75_84,C21_F_Tot_85over,C21_F_Tot_Tot,C11_P_NatPhy_sci_15_19,C11_P_NatPhy_sci_20_24,C11_P_NatPhy_sci_25_34,C11_P_NatPhy_sci_35_44,C11_P_NatPhy_sci_45_54,C11_P_NatPhy_sci_55_64,C11_P_NatPhy_sci_65_74,C11_P_NatPhy_sci_75_84,C11_P_NatPhy_sci_85over,C11_P_NatPhy_sci_Tot,C11_P_InfTec_15_19,C11_P_InfTec_20_24,C11_P_InfTec_25_34,C11_P_InfTec_35_44,C11_P_InfTec_45_54,C11_P_InfTec_55_64,C11_P_InfTec_65_74,C11_P_InfTec_75_84,C11_P_InfTec_85over,C11_P_InfTec_Tot,C11_P_EngRT_15_19,C11_P_EngRT_20_24,C11_P_EngRT_25_34,C11_P_EngRT_35_44,C11_P_EngRT_45_54,C11_P_EngRT_55_64,C11_P_EngRT_65_74,C11_P_EngRT_75_84,C11_P_EngRT_85over,C11_P_EngRT_Tot,C11_P_ArchBuild_15_19,C11_P_ArchBuild_20_24,C11_P_ArchBuild_25_34,C11_P_ArchBuild_35_44,C11_P_ArchBuild_45_54,C11_P_ArchBuild_55_64,C11_P_ArchBuild_65_74,C11_P_ArchBuild_75_84,C11_P_ArchBuild_85over,C11_P_ArchBuild_Tot,C11_P_AgEnv_RS_15_19,C11_P_AgEnv_RS_20_24,C11_P_AgEnv_RS_25_34,C11_P_AgEnv_RS_35_44,C11_P_AgEnv_RS_45_54,C11_P_AgEnv_RS_55_64,C11_P_AgEnv_RS_65_74,C11_P_AgEnv_RS_75_84,C11_P_AgEnv_RS_85over,C11_P_AgEnv_RS_Tot,C11_P_Health_15_19,C11_P_Health_20_24,C11_P_Health_25_34,C11_P_Health_35_44,C11_P_Health_45_54,C11_P_Health_55_64,C11_P_Health_65_74,C11_P_Health_75_84,C11_P_Health_85over,C11_P_Health_Tot,C11_P_Educ_15_19,C11_P_Educ_20_24,C11_P_Educ_25_34,C11_P_Educ_35_44,C11_P_Educ_45_54,C11_P_Educ_55_64,C11_P_Educ_65_74,C11_P_Educ_75_84,C11_P_Educ_85over,C11_P_Educ_Tot,C11_P_MngtCom_15_19,C11_P_MngtCom_20_24,C11_P_MngtCom_25_34,C11_P_MngtCom_35_44,C11_P_MngtCom_45_54,C11_P_MngtCom_55_64,C11_P_MngtCom_65_74,C11_P_MngtCom_75_84,C11_P_MngtCom_85over,C11_P_MngtCom_Tot,C11_P_Soc_cult_15_19,C11_P_Soc_cult_20_24,C11_P_Soc_cult_25_34,C11_P_Soc_cult_35_44,C11_P_Soc_cult_45_54,C11_P_Soc_cult_55_64,C11_P_Soc_cult_65_74,C11_P_Soc_cult_75_84,C11_P_Soc_cult_85over,C11_P_Soc_cult_Tot,C11_P_Creative_art_15_19,C11_P_Creative_art_20_24,C11_P_Creative_art_25_34,C11_P_Creative_art_35_44,C11_P_Creative_art_45_54,C11_P_Creative_art_55_64,C11_P_Creative_art_65_74,C11_P_Creative_art_75_84,C11_P_Creative_art_85over,C11_P_Creative_art_Tot
1GSYD,1071,12381,47500,36570,29980,26201,17698,8097,2876,182381,426,6375,30970,28310,26466,23179,20604,8969,2539,147829,1680,19677,94428,103094,77639,51535,28470,10539,3228,390293,1286,14715,53930,52103,43572,31712,17998,6068,1379,222756,898,8487,26281,19758,12911,7497,3887,1661,587,81966,1722,6360,17458,15899,12793,7705,4590,1895,483,68916,120,314,365,245,270,363,334,265,282,2556,171,1275,4652,5472,4689,3065,2027,865,369,22586,6906,10313,29507,25083,18609,15819,14893,14542,13899,149569,14816,90646,345908,327892,252997,186047,120416,57204,27135,1423057,124,4631,15461,15809,13496,9254,4745,1741,513,65774,683,5603,35603,24042,12706,4607,846,121,18,84225,1269,12854,48649,58711,63358,48020,29947,15640,4957,283399,916,7522,22708,23993,19299,13773,8259,4124,1172,101764,350,1919,6299,5970,4868,2768,1335,622,180,24303,748,9383,36082,36426,34697,24875,12800,6643,2245,163889,206,5173,25409,28215,29408,29098,13490,5816,1680,138490,3988,38573,137138,120505,87764,56447,24290,9968,3862,482529,2122,18212,59721,55312,43102,30839,12702,4781,1315,228101,1034,11702,31148,21028,12818,7114,3150,1515,529,90045
1RNSW,852,6271,24201,21136,20675,23711,17542,7331,2215,123940,352,3379,15438,17327,16680,17078,16260,6468,1655,94645,1330,6894,26475,30212,31090,28191,18538,6816,1802,151347,1208,6975,21433,22531,22713,21100,12385,3493,611,112440,348,1919,6016,5765,4524,3630,2516,1103,319,26149,1424,4707,11798,9900,8595,6058,3951,1497,356,48279,92,177,177,85,111,122,95,86,52,1008,93,355,1170,1456,1650,1363,916,406,138,7549,6355,5735,12900,12725,12772,13693,14676,14276,10154,103296,12607,39309,129838,131062,128243,123294,92191,43572,18006,718120,42,1064,3422,4317,4059,4039,2176,767,213,20099,452,1702,4408,3644,3110,1973,609,122,11,16039,1490,10374,26958,33528,39963,35481,24205,12113,3414,187519,809,4692,11234,13153,14632,12104,7667,3858,906,69044,689,2382,7029,8647,7895,5614,2996,1227,257,36734,684,4688,16161,21087,26281,21001,10627,5018,1530,107087,113,2426,12596,16572,19777,22320,10587,4223,1017,89624,2556,11863,31361,36250,34633,26989,13698,5377,1747,164473,1392,7036,18820,22129,21229,16513,6811,2289,517,96728,438,2479,5879,5487,4707,3712,2019,844,236,25813
19499,4,13,69,59,54,62,34,14,0,298,0,5,35,19,35,31,26,9,0,157,5,27,102,84,86,92,40,13,0,455,0,26,97,52,61,74,38,6,0,352,4,14,64,26,15,16,8,0,0,158,5,21,50,26,26,23,19,0,0,162,0,0,0,0,0,0,0,0,0,4,0,0,4,3,0,3,3,0,0,21,94,139,350,305,213,159,77,26,10,1373,115,259,843,611,522,498,255,66,20,3187,0,22,59,33,14,12,7,5,0,144,0,19,67,21,15,14,0,0,0,140,0,63,199,118,143,145,107,15,0,801,5,21,83,76,55,46,44,6,0,334,0,17,32,23,19,13,7,0,0,122,5,29,123,63,85,82,28,5,3,426,5,16,77,34,50,67,21,7,0,274,15,113,277,181,120,110,42,5,0,866,12,73,190,103,83,78,31,3,0,569,0,50,109,54,39,15,12,0,0,281
19799,0,0,0,0,0,0,0,0,0,0,0,0,0,0,0,0,0,0,0,0,0,0,0,0,0,0,0,0,0,0,0,0,0,0,0,0,0,0,0,0,0,0,0,0,0,0,0,0,0,0,0,0,0,0,0,0,0,0,0,0,0,0,0,0,0,0,0,0,0,0,0,0,0,0,0,0,0,0,0,0,0,0,0,0,0,0,0,0,0,0,0,0,0,0,0,0,0,0,0,0,0,0,0,0,0,0,0,0,0,5,0,0,0,0,0,0,0,0,0,0,0,0,0,0,3,5,0,3,0,22,0,0,0,0,0,0,0,0,0,6,0,0,0,0,0,0,0,0,0,0,0,0,0,0,0,0,0,0,0,3,0,0,0,0,0,0,0,0,0,0,0,0,4,0,0,0,4,0,0,6,0,0,0,0,0,0,0,0,0,3,0,0,0,0,0,0,0,0,0,0
2GMEL,778,13454,55317,41317,31460,24887,16816,7860,2939,194829,365,5808,31458,29714,27461,24613,20809,9166,2215,151608,852,14790,75254,83315,60637,36663,18168,6326,2226,298219,1250,13555,53359,51464,43973,31853,17958,5710,1220,220336,803,8125,24888,17786,10498,5820,3078,1368,475,72828,1442,6654,20118,17379,12646,7915,4824,2051,552,73583,113,320,300,218,184,181,226,105,52,1696,112,1678,5498,6531,5320,3276,2071,837,300,25621,6265,9117,25977,21429,16533,13660,13394,12794,10619,129783,12523,86057,337434,311927,234528,164834,105132,49416,21908,1323761,124,5165,16848,15579,11987,8173,3829,1440,510,63652,481,5017,32496,21128,10993,4271,730,94,14,75226,1460,13641,49773,56480,56035,42856,26873,13992,4224,265337,1550,9731,23618,21919,16606,11480,7140,3510,879,96426,311,2048,6946,6153,4514,2320,1068,474,123,23955,480,10602,38128,36143,32419,23043,11614,6018,1933,160369,159,3916,23200,26013,28981,28385,14219,5217,1491,131572,3539,32935,109791,91969,62427,38014,16378,7161,2772,364975,2166,16579,53930,49818,39094,28050,11039,3782,974,205434,1082,11255,28522,17827,9990,5800,2649,1215,420,78760
2RVIC,426,3975,15776,13177,12218,13870,10547,4362,1347,75693,162,1932,9329,9921,9386,9417,10148,4422,923,55641,320,2556,11618,15130,13625,10770,6095,1939,536,62588,557,3648,12795,13182,14009,13205,8147,1975,285,67817,179,1048,3246,3215,2364,1866,1280,451,174,13825,616,2377,7325,5898,4667,3384,2317,960,202,27743,20,78,117,62,58,56,55,27,11,484,25,205,749,1077,1104,880,622,222,100,4968,3474,2902,6902,7082,7202,7816,8887,8171,5715,58155,6111,20653,74197,75226,70334,65705,50499,23410,9591,395733,15,651,2061,2433,2009,1870,891,292,91,10317,191,833,2355,1759,1395,841,202,19,8,7589,843,4945,12881,17092,18955,16857,10938,5216,1359,89094,677,3692,7228,7367,7203,5495,3495,1686,399,37234,391,1575,5012,5683,5081,3105,1515,621,157,23140,263,3010,9826,11912,14842,12012,5923,2822,864,61473,69,1355,7118,8467,10418,13153,7200,2408,639,50817,1118,5301,15883,16192,13794,10148,4365,1756,626,69186,863,4030,9938,11900,11929,10034,3613,1022,209,53533,273,1423,3253,2893,2212,1818,933,368,133,13295
29499,0,16,70,35,37,41,21,0,0,211,0,5,22,27,19,27,8,4,0,115,0,18,78,55,43,35,19,0,0,255,5,22,86,48,38,50,11,5,0,264,0,5,30,18,7,11,6,0,0,77,3,8,38,33,12,10,5,0,0,116,0,0,0,6,0,0,0,0,0,3,5,4,12,4,5,4,4,0,0,32,85,95,311,356,188,118,67,13,11,1242,102,177,705,618,379,303,140,29,11,2459,0,13,52,25,18,3,5,0,0,118,0,10,54,25,13,4,0,0,0,101,7,37,135,113,75,58,40,9,6,488,4,30,56,59,38,22,19,5,0,224,4,10,30,20,7,15,4,0,0,83,0,18,86,52,38,44,9,3,0,260,0,7,43,30,27,35,9,0,0,152,14,90,208,111,63,50,22,8,0,561,4,46,163,83,54,36,3,3,0,399,4,39,122,37,17,15,0,3,0,239
29799,0,0,0,0,0,0,0,0,0,0,0,0,0,0,0,0,0,0,0,0,0,0,0,0,0,0,0,0,0,0,0,0,0,0,0,0,0,0,0,0,0,0,0,0,0,0,0,0,0,0,0,0,0,0,0,0,0,0,0,0,0,0,0,0,0,0,0,0,0,0,0,0,0,0,0,0,0,0,0,0,0,0,0,0,0,3,0,0,0,3,0,0,0,0,0,6,0,0,0,6,0,0,0,0,0,0,0,0,0,0,0,0,0,0,0,0,0,0,0,0,0,0,4,3,0,3,0,0,0,14,0,0,0,0,0,0,0,0,0,3,0,0,0,0,0,0,0,0,0,0,0,0,0,0,0,0,0,0,0,0,0,0,0,0,0,0,0,0,0,0,0,0,0,0,0,0,0,0,0,0,0,0,0,0,0,0,0,0,0,0,0,0,0,0,0,0,0,0,0,0
3GBRI,1659,7820,26452,22410,18826,15632,9730,4431,1345,108302,346,2743,12842,16176,16469,13028,10287,4183,944,77018,2955,10029,36526,41290,32876,20795,10159,3063,787,158478,2228,8813,25753,26190,22221,15903,9024,2628,436,113197,902,4204,9235,7112,4758,2592,1339,602,226,30961,2248,5363,11356,8774,6850,4104,2469,927,196,42287,283,232,220,134,99,92,109,70,42,1274,182,560,1617,2048,1741,1145,718,311,122,8446,4034,5365,12849,10749,8465,6980,6840,6396,5274,66962,15665,50042,152727,150811,122979,86817,54034,23771,9766,666614,133,2612,7351,6300,4692,3392,1536,555,119,26679,1171,2354,10391,7925,4279,1712,317,23,15,28188,1221,8524,27749,30708,30778,24622,14444,6615,1751,146415,780,4769,12206,11758,10073,8095,4846,2058,524,55111,347,964,3765,3641,2685,1561,800,276,70,14115,445,5345,19167,20016,18927,12745,6355,2959,928,86881,141,2169,12103,15037,14891,13419,6380,2169,675,66984,3502,16378,47850,43298,31858,19567,7390,2715,901,173465,2052,8965,26735,23701,18122,13190,4924,1548,331,99566,1079,5072,10432,6932,3958,2389,1139,570,165,31725
3RQLD,1180,6769,23602,20574,19494,19102,12509,5290,1487,110007,383,2941,12357,17092,17593,15027,11698,4648,980,82720,3300,7750,26719,30795,28063,21737,11859,3789,819,134824,2151,6695,18925,20897,20937,17887,9798,2600,367,100255,545,1950,5352,4888,3612,2484,1568,760,200,21362,2510,5633,12394,10545,9310,6243,3947,1478,265,52323,245,155,148,113,85,113,88,63,23,1035,212,379,1156,1399,1448,1148,752,336,109,6937,6210,6844,15793,14145,13858,12922,11813,10613,6974,99173,17627,42288,126237,130147,122502,102682,67316,30889,11553,651237,61,1235,3629,3627,3105,2530,1394,431,128,16136,774,1354,3830,3115,2122,1187,321,54,3,12768,1926,10424,29023,33000,35115,28985,18549,8059,1951,167036,873,4939,12185,14266,14068,11692,6861,2836,594,68319,763,1812,5744,5961,4767,2766,1419,539,116,23881,539,4533,15245,18582,20852,14994,7676,3249,936,86613,164,2309,12872,16075,16391,14489,7376,2378,604,72660,3919,11657,31877,31930,26390,18460,8422,3071,833,136573,2089,6342,17892,18821,16533,12267,4910,1318,299,80464,671,2526,5697,4723,3285,2437,1369,563,155,21430
39499,4,28,106,63,65,117,67,11,0,470,0,8,51,24,40,75,50,10,3,248,8,51,178,114,116,158,102,3,0,732,5,36,142,108,91,126,64,8,0,579,3,14,73,26,25,10,14,0,0,164,12,29,70,48,33,37,15,4,0,246,7,0,3,0,0,0,0,0,0,8,0,3,6,9,0,8,4,0,0,30,61,135,384,277,233,198,129,35,11,1462,105,325,1099,721,647,778,458,79,13,4217,0,23,51,34,11,32,12,0,0,155,4,8,29,20,19,17,3,0,0,93,10,68,199,154,145,311,196,38,0,1110,4,26,96,59,67,118,61,17,0,437,4,16,40,29,30,33,13,5,0,160,4,29,99,65,94,123,45,11,4,481,3,18,53,41,54,94,45,7,0,313,18,81,198,96,125,144,65,12,0,743,7,65,138,76,81,102,32,3,0,503,0,32,88,30,26,27,12,3,0,213
39799,0,0,0,0,0,0,0,0,0,0,0,0,0,0,0,0,0,0,0,0,0,0,0,0,0,0,0,0,0,5,0,0,0,0,0,0,0,0,0,0,0,0,0,0,0,0,0,0,0,0,0,0,0,0,0,0,0,0,0,0,0,0,0,0,0,0,0,0,0,0,0,0,0,0,0,0,0,0,0,0,0,4,13,5,0,0,0,0,0,24,0,9,13,7,0,4,0,0,0,28,0,0,0,0,0,0,0,0,0,0,0,0,0,0,0,0,0,0,0,0,0,8,12,9,15,5,10,0,0,65,0,5,4,4,8,4,0,4,0,21,0,5,0,0,0,0,0,0,0,3,0,0,0,0,3,0,3,4,0,16,0,0,3,0,8,0,0,0,0,11,0,8,9,3,6,5,0,0,0,29,0,6,4,0,5,5,0,0,0,21,0,0,0,0,0,0,0,0,0,4
4GADE,301,4334,15822,13144,11068,10963,7431,3011,1108,67180,188,1495,7511,7574,6990,6878,7067,3073,748,41523,643,3877,16825,19619,15527,10713,5672,1880,576,75330,926,4110,13880,13970,12467,10417,6511,1957,386,64618,376,1571,3865,3295,2179,1381,893,427,170,14162,753,2130,5630,4675,3824,2556,1717,737,209,22226,30,89,95,81,91,126,97,43,16,666,51,241,913,1252,926,682,524,228,105,4930,1651,2032,4752,4242,3882,3620,3973,4299,3170,31623,5151,22382,78042,75795,62440,50991,36083,16587,6856,354337,38,1297,4360,3910,3147,2588,1236,443,145,17164,194,1084,5243,3460,2179,1090,211,17,0,13479,575,4665,14748,17341,17706,15328,9750,5611,1761,87472,446,2452,5043,5241,4854,3938,2681,1489,431,26572,145,858,2273,2139,1797,1056,448,234,70,9025,262,3396,12338,12562,13495,9864,4485,2329,814,59542,45,1071,5767,6677,8200,10093,4871,1669,614,39011,1252,8011,24502,22079,17492,11884,5112,2230,836,93396,787,5094,14822,13853,12511,9992,3912,1317,344,62631,232,2244,5247,3662,2509,1624,822,338,116,16799
4RSAU,97,708,2442,2243,2492,3618,2716,1037,304,15660,71,458,1935,2020,1931,1854,2147,948,191,11558,139,612,2658,3428,3145,2635,1458,447,121,14639,252,763,2565,2605,3080,3144,1805,429,42,14691,41,125,377,365,298,258,175,85,26,1749,256,586,1561,1321,1151,804,602,190,53,6524,8,17,23,25,11,17,12,14,7,130,4,37,114,132,184,162,99,51,16,792,922,642,1587,1634,1940,2168,2395,2096,1186,14558,1918,4345,14369,15079,15388,15556,11972,5487,2007,86126,0,92,442,438,413,421,212,62,11,2086,35,126,331,250,195,153,38,7,0,1141,237,1640,4056,4977,5441,4879,3463,1516,372,26586,122,615,1105,1183,1440,1298,917,434,117,7221,149,573,1695,1806,1349,918,391,134,32,7042,52,484,1727,2530,3715,2965,1388,627,182,13669,11,404,1826,1814,1895,2788,1456,414,147,10747,412,1148,3820,3973,3306,2443,1182,405,122,16815,247,841,2206,2598,2775,2215,867,224,35,12006,29,159,454,413,320,310,207,76,29,1992
49499,0,8,30,12,12,19,16,0,0,106,0,0,6,3,9,14,6,0,0,39,0,13,32,29,12,20,8,0,0,119,4,3,27,23,20,17,4,5,0,107,0,4,9,3,0,3,0,0,0,16,0,10,22,16,9,9,7,0,0,60,0,0,0,0,0,0,0,0,0,0,0,0,4,0,3,0,0,0,0,11,17,21,77,88,52,34,29,5,4,316,36,61,214,187,122,116,75,11,5,826,0,7,17,9,3,0,4,0,0,35,0,0,11,4,0,0,0,0,0,22,6,15,59,33,47,50,34,0,0,240,4,7,22,19,14,15,12,0,0,79,0,8,16,3,3,5,0,0,0,35,0,4,30,17,14,21,8,0,0,95,0,3,18,8,11,20,3,0,0,65,0,31,48,38,19,21,9,0,0,177,4,5,46,36,30,19,4,0,3,147,0,9,15,14,6,5,0,0,0,50
49799,0,0,0,0,0,0,0,0,0,0,0,0,0,0,0,0,0,0,0,0,0,0,0,0,0,0,0,0,0,0,0,0,0,0,0,0,0,0,0,0,0,0,0,0,0,0,0,0,0,0,0,0,0,0,0,0,0,0,0,0,0,0,0,0,0,0,0,0,0,0,0,0,0,0,0,0,0,0,0,0,0,0,0,0,0,0,0,0,0,0,0,0,0,0,0,0,0,0,0,0,0,0,0,0,0,0,0,0,0,0,0,0,0,0,0,0,0,0,0,0,0,0,0,0,0,0,0,0,0,3,0,0,0,0,0,0,0,0,0,0,0,0,0,0,0,0,0,0,0,0,0,0,0,0,0,0,0,0,0,0,0,0,0,0,0,0,0,0,0,0,0,0,0,0,0,0,0,0,0,0,0,0,0,0,0,0,0,0,0,0,0,0,0,0,0,0,0,0,0,0
5GPER,808,6392,23042,19500,15496,13549,8915,4156,1350,93212,775,2793,11822,13781,14092,12149,8975,3740,999,69122,1826,6705,26668,32090,25182,16797,9308,3697,1143,123407,1514,6064,18876,20301,16798,12839,7687,2358,487,86922,898,2827,6374,5565,3368,2001,1289,623,208,23152,1295,3947,10014,7995,6216,3925,2583,1009,241,37223,194,150,173,102,90,120,99,49,26,1007,130,457,1456,1690,1329,947,635,257,101,6991,2777,3789,9899,8474,6896,5896,5975,5955,4937,54594,10652,37657,123684,124780,99160,74324,48502,22912,9936,551599,80,2286,7473,6740,5313,3579,1592,562,159,27795,567,1773,7607,5175,3112,1242,259,28,0,19762,1574,9656,28870,30148,30156,23741,13099,6103,1609,144955,900,4458,9303,8756,8285,6468,4092,2011,476,44751,242,1051,3515,2994,2196,1401,757,340,78,12569,392,4921,15984,15920,16081,11175,5900,2779,824,73968,373,2297,9849,12889,14220,11838,5694,2207,690,60070,2020,12068,36270,33432,25839,17278,8312,3337,1096,139651,1387,6733,19032,17635,14929,11194,4520,1590,372,77381,760,3729,7966,5093,3160,2260,1112,468,150,24703
5RWAU,278,1034,3657,3624,3291,3629,2564,1161,331,19572,166,634,2785,3690,3821,3362,2320,844,189,17815,500,1322,4617,5200,4363,3429,1890,638,157,22122,428,889,3005,3590,3346,3022,1752,422,51,16512,125,258,846,800,626,497,338,165,42,3694,296,791,2221,1849,1657,966,603,206,34,8622,36,41,47,25,21,28,19,8,5,227,20,65,171,256,269,246,130,45,24,1223,1587,1526,3988,3858,3701,3439,2880,2096,1181,24256,3689,7207,23732,25547,23081,19957,13133,5798,2067,124202,21,234,1082,1117,743,475,224,68,16,3976,125,226,613,443,319,171,44,3,0,1940,612,3452,9485,9810,9230,6531,3184,1186,266,43757,283,1210,2556,2483,2547,1994,1068,428,77,12650,278,645,2163,2109,1719,1133,533,206,31,8804,116,685,2874,3648,4117,3233,1674,610,143,17102,73,588,3057,3921,3806,3251,1357,409,136,16597,740,1920,5617,5764,4623,3220,1297,417,108,23694,336,1031,3118,3292,3044,2309,776,217,36,14155,97,329,897,884,702,552,246,96,17,3825
59499,0,15,59,48,17,32,26,0,0,195,0,4,22,21,21,20,9,0,0,106,4,16,84,52,43,46,17,0,0,269,0,23,56,35,29,49,17,0,0,209,3,3,34,14,4,6,0,0,0,62,9,5,27,20,16,12,7,0,0,91,0,5,0,0,0,5,0,0,0,5,0,0,0,0,0,0,0,0,0,10,61,106,265,278,228,156,95,21,9,1217,76,196,590,509,363,340,179,25,7,2290,0,21,39,25,14,11,3,0,0,121,0,9,26,8,0,3,0,0,0,57,5,46,192,152,132,156,97,3,0,788,6,34,69,45,31,50,24,6,0,264,4,5,30,17,18,14,0,0,0,91,0,20,77,53,45,89,22,0,0,314,0,3,42,34,33,62,27,0,0,199,5,44,145,82,71,86,28,7,0,455,0,40,96,54,51,43,12,0,0,296,0,24,53,29,11,11,10,0,0,142
59799,0,0,0,0,0,0,0,0,0,3,0,0,0,0,0,0,0,0,0,5,0,0,0,0,0,0,3,0,0,8,0,0,4,0,0,0,0,0,0,5,0,0,0,0,0,0,0,0,0,3,0,0,0,0,0,0,0,0,0,5,0,0,0,0,0,0,0,0,0,0,0,0,0,0,0,0,0,0,0,0,0,5,3,3,8,0,0,0,0,20,3,8,12,6,7,3,5,0,0,48,0,0,5,0,4,0,0,0,0,11,0,0,0,0,0,0,0,0,0,0,0,12,42,33,30,9,4,0,0,128,0,0,10,8,3,3,0,0,0,28,0,0,4,0,0,0,0,0,0,4,0,0,3,0,5,0,0,0,0,10,0,0,0,0,0,0,0,0,0,3,0,0,0,0,0,0,0,0,0,6,0,0,0,0,0,0,0,0,0,3,0,0,0,0,0,0,0,0,0,0
6GHOB,42,720,2500,1925,1685,1799,1437,635,222,10966,11,171,1159,1391,1333,1530,1456,685,214,7951,109,829,4949,3395,2349,1830,1042,340,139,14970,88,677,2665,2519,2359,2073,1375,404,81,12242,22,191,783,598,485,360,276,123,32,2863,83,361,1104,819,687,472,279,134,24,3965,4,28,19,8,15,9,18,7,0,113,8,62,203,230,199,150,96,52,14,1015,358,397,1147,887,733,786,936,908,544,6689,742,3889,16446,13130,10966,9757,7378,3422,1337,67058,0,212,769,917,723,573,244,113,33,3585,50,271,854,515,327,162,35,6,0,2216,105,657,1892,2422,2694,2350,1614,893,256,12873,111,549,1018,1163,1285,855,586,296,90,5949,25,136,465,542,462,239,108,67,20,2054,19,460,1530,1782,2204,1846,910,477,163,9394,11,131,982,1244,1773,1940,981,468,160,7674,275,1309,3587,3164,2843,2101,934,466,152,14841,116,858,2461,2570,2490,2011,757,253,72,11591,32,290,716,688,539,440,224,106,42,3078
6RTAS,63,663,2358,1993,2018,2547,1938,839,224,12635,35,263,1234,1772,1764,1827,1697,907,238,9733,103,709,3028,2856,2646,2469,1420,416,101,13747,142,741,2312,2415,2679,2699,1593,334,57,12958,14,130,468,469,412,477,323,118,31,2438,130,585,1514,1168,1014,659,454,148,34,5718,5,24,20,11,7,11,15,18,10,123,7,33,121,150,169,157,124,47,17,828,610,570,1267,1158,1347,1569,1796,1574,739,10636,1156,4032,13589,13082,13056,13366,9866,4556,1498,74194,6,78,364,442,432,414,236,83,18,2074,51,176,515,324,311,175,43,6,0,1606,227,1129,2828,3723,4318,3689,2434,1052,271,19677,121,691,1035,1367,1626,1346,848,396,83,7521,96,295,929,1042,902,539,257,104,27,4201,31,442,1414,1856,2569,2317,1182,461,181,10453,8,185,1317,1559,1965,2180,1371,502,146,9235,266,1111,3125,3202,3114,2358,940,369,97,14591,216,667,1821,2451,2477,2032,701,196,37,10592,43,184,545,554,524,506,270,96,27,2757
69499,0,3,12,4,0,14,0,0,0,33,0,0,3,8,7,3,6,0,0,24,0,0,8,12,3,8,0,0,0,39,0,3,8,4,10,12,9,0,0,44,0,3,6,0,3,3,0,0,0,15,0,4,8,3,0,3,0,0,0,24,0,0,0,0,0,0,0,0,0,0,0,0,7,0,0,6,0,0,0,9,7,7,11,18,19,19,25,7,4,130,11,22,68,68,56,63,47,8,4,347,0,0,0,0,3,7,0,0,0,18,0,0,3,0,3,0,0,0,0,13,0,4,23,15,20,4,11,0,0,75,0,3,4,6,4,0,3,0,0,20,0,0,0,4,0,0,0,0,0,17,0,0,13,3,8,15,4,0,0,57,0,0,11,3,0,11,0,4,0,27,3,6,18,17,4,5,0,0,0,50,0,5,11,7,15,18,3,0,0,64,0,5,3,3,0,0,0,0,0,10
69799,0,0,0,0,0,0,0,0,0,0,0,0,0,0,0,0,0,0,0,0,0,0,0,0,0,0,0,0,0,0,0,0,0,0,0,0,0,0,0,0,0,0,0,0,0,0,0,0,0,0,0,0,0,0,0,0,0,0,0,0,0,0,0,0,0,0,0,0,0,0,0,0,0,0,0,0,0,0,0,0,0,0,0,0,0,0,0,0,0,0,0,0,0,0,0,0,0,0,0,0,0,0,4,0,0,0,0,0,0,4,0,0,0,0,0,0,0,0,0,5,0,3,5,6,4,6,0,0,0,20,0,0,4,0,0,0,0,0,0,7,0,0,0,0,0,0,0,0,0,10,0,0,4,0,0,0,0,0,0,0,0,0,0,0,0,0,0,0,0,0,0,0,0,0,4,0,0,0,0,4,0,0,0,0,0,0,0,0,0,3,0,0,0,0,0,0,0,0,0,4
7GDAR,37,386,2115,1429,895,717,388,143,33,6146,22,153,920,1045,889,689,433,150,15,4321,138,468,2627,2235,1586,1038,406,98,18,8607,79,322,1515,1428,1120,822,392,94,7,5783,9,69,326,265,166,97,60,13,5,1012,99,159,654,522,334,184,75,18,6,2054,6,3,13,13,9,3,0,0,0,41,8,21,139,116,105,61,38,10,0,496,360,430,1317,1110,876,685,465,240,98,5590,814,2233,10607,9076,6550,4610,2398,803,184,37272,0,57,374,358,287,191,70,13,0,1354,34,143,492,306,202,113,19,7,0,1308,106,791,2147,2243,2008,1369,595,154,18,9434,40,269,695,603,563,453,188,57,5,2873,41,113,362,361,255,126,48,8,3,1315,18,281,1342,1090,1026,674,225,80,15,4750,12,111,726,837,916,799,309,57,8,3771,147,744,2559,2279,1663,999,256,42,15,8707,81,428,1506,1439,1197,753,256,60,13,5727,14,114,437,287,211,150,49,14,0,1273
7RNTE,14,132,878,599,464,469,194,36,19,2799,12,80,453,437,478,415,199,54,11,2136,47,114,760,625,575,354,134,22,6,2643,19,127,744,621,487,384,145,29,3,2557,5,33,153,77,63,57,19,11,0,426,46,105,266,195,130,76,31,3,0,858,0,5,5,9,6,6,0,0,0,28,6,14,45,44,27,21,13,0,0,171,427,435,1098,833,742,635,337,100,33,4646,603,1159,4752,3698,3171,2536,1127,272,75,17392,0,34,166,128,105,69,28,6,0,536,4,30,128,81,56,25,4,0,0,335,54,334,966,1026,962,662,214,50,9,4263,28,129,414,348,312,229,98,9,0,1572,42,113,336,294,214,91,28,4,0,1129,20,98,719,698,712,469,113,34,3,2873,9,104,590,642,688,568,150,24,0,2774,43,250,919,891,698,470,81,16,0,3377,31,208,764,725,613,441,99,11,3,2900,15,57,191,159,129,75,27,0,0,655
79499,0,0,42,12,12,23,4,0,0,95,0,0,10,9,17,14,6,4,0,58,0,4,33,26,17,24,7,0,0,113,0,6,35,21,13,20,8,0,0,103,0,3,16,3,0,3,5,0,0,25,0,0,8,3,7,3,0,0,0,28,0,0,0,0,0,0,0,0,0,0,0,0,0,0,4,0,0,0,0,8,36,43,147,117,155,127,39,6,0,662,36,63,307,214,229,210,76,9,0,1144,0,3,7,3,4,0,0,0,0,26,0,0,4,4,4,0,0,0,0,14,3,17,31,26,33,55,23,0,0,187,0,0,17,15,10,15,10,0,0,71,0,0,14,9,8,5,0,0,0,34,0,5,25,6,17,32,6,0,0,93,0,4,8,3,8,14,14,0,0,56,0,9,34,17,11,26,11,0,0,110,0,18,29,21,14,10,6,0,0,101,0,5,11,6,3,4,0,0,0,37
79799,0,0,0,0,0,0,0,0,0,0,0,0,0,0,0,0,0,0,0,0,0,0,0,0,0,0,0,0,0,0,0,0,0,0,0,0,0,0,0,0,0,0,0,0,0,0,0,0,0,0,0,0,0,0,0,0,0,0,0,6,0,0,0,0,0,0,0,0,0,0,0,0,0,0,0,0,0,0,0,0,0,0,0,0,0,0,0,0,0,0,0,3,0,0,4,0,0,0,0,8,0,0,0,0,4,0,0,0,0,4,0,0,0,0,0,0,0,0,0,0,0,3,6,9,7,3,0,0,0,29,0,0,0,0,0,0,0,0,0,3,0,0,0,0,0,0,0,0,0,3,0,0,5,0,0,0,0,0,0,5,0,0,0,0,0,0,0,0,0,0,0,0,4,0,0,0,0,0,0,7,0,0,3,0,0,0,0,0,0,3,0,0,0,0,0,0,0,0,0,0
8ACTE,56,1171,4724,3633,2649,2334,1731,888,327,17509,39,514,2604,2819,2368,2108,2142,1208,307,14115,158,1461,7548,7733,5960,4062,2415,879,264,30485,145,2340,7991,7363,5485,4138,2881,1146,249,31739,69,582,1926,1728,1140,662,378,167,60,6711,228,594,1399,1133,850,464,282,146,45,5142,16,23,22,16,17,19,20,10,6,141,17,137,486,601,457,345,214,125,53,2436,644,1012,2090,1539,1172,886,962,814,561,9675,1458,9120,33684,30894,23150,17130,12248,5789,1998,135466,17,802,2551,2340,2225,1796,879,334,108,11047,160,783,3934,3097,2381,1059,196,15,0,11633,74,960,3634,3744,3651,2959,1736,949,252,17966,73,788,1705,1645,1411,1151,705,354,105,7935,26,205,823,889,641,442,207,106,20,3359,30,675,2809,2841,3069,2270,1140,558,204,13597,15,369,2332,2409,2582,2795,1613,557,148,12823,275,2933,9217,8512,6941,4771,1852,654,316,35478,178,2685,9603,7719,6764,5639,2583,895,239,36308,100,984,2644,1721,1166,695,285,127,53,7779
89499,0,4,9,4,0,3,0,0,0,21,0,0,0,0,0,5,0,0,0,9,0,0,6,13,0,0,0,3,0,24,0,0,13,6,6,10,5,0,0,34,0,4,0,3,0,0,0,0,0,10,0,0,0,3,0,0,0,0,0,11,0,0,0,0,0,0,0,0,0,0,0,0,0,0,0,0,0,0,0,8,0,5,7,7,3,6,4,0,0,35,3,20,43,36,21,36,7,3,0,166,0,4,8,8,0,0,3,0,0,20,0,0,4,0,0,0,0,0,0,10,0,4,10,4,3,0,0,0,0,26,0,0,0,4,0,0,0,0,0,9,0,0,0,0,0,3,0,0,0,4,0,3,13,8,3,9,4,0,0,38,0,0,0,5,3,7,0,0,0,21,0,9,17,17,9,3,0,0,0,63,0,12,26,10,17,10,0,0,0,81,0,0,9,0,0,0,0,0,0,13
89799,0,0,0,0,0,0,0,0,0,0,0,0,0,0,0,0,0,0,0,0,0,0,0,0,0,0,0,0,0,0,0,0,0,0,0,0,0,0,0,0,0,0,0,0,0,0,0,0,0,0,0,0,0,0,0,0,0,0,0,0,0,0,0,0,0,0,0,0,0,0,0,0,0,0,0,0,0,0,0,0,0,0,0,0,0,0,0,0,0,0,0,0,0,0,0,0,0,0,0,0,0,0,0,0,0,0,0,0,0,0,0,0,0,0,0,0,0,0,0,0,0,0,0,0,0,0,0,0,0,0,0,0,0,0,0,0,0,0,0,0,0,0,0,0,0,0,0,0,0,0,0,0,0,0,0,0,0,0,0,0,0,0,0,0,0,0,0,0,0,0,0,0,0,0,0,0,0,0,0,0,0,0,0,0,0,0,0,0,0,0,0,0,0,0,0,0,0,0,0,0
9OTER,0,7,19,20,18,26,30,9,4,136,0,7,19,28,27,32,22,7,0,153,0,14,34,47,31,37,26,7,0,202,0,6,18,32,28,23,12,10,0,132,0,0,7,5,4,16,3,0,0,38,7,12,20,19,23,10,3,3,5,92,0,0,0,0,0,0,0,0,0,0,0,0,5,4,6,6,0,0,0,16,20,17,53,56,47,60,39,32,4,328,31,71,193,237,196,220,132,70,14,1170,0,0,6,10,0,0,0,0,0,19,0,3,7,3,0,0,0,0,0,9,0,11,27,39,50,35,8,0,0,171,0,0,9,10,15,11,6,0,0,45,0,3,6,12,12,3,0,0,0,30,0,5,8,12,11,16,4,0,0,49,0,0,20,29,24,12,0,0,0,98,8,8,30,33,34,10,3,0,0,129,0,6,22,23,20,4,0,0,0,82,0,0,5,0,5,0,0,0,0,13
99499,0,0,0,0,0,0,0,0,0,0,0,0,0,0,0,0,0,0,0,0,0,0,0,0,0,0,0,0,0,0,0,0,0,0,0,0,0,0,0,0,0,0,0,0,0,0,0,0,0,0,0,0,0,0,0,0,0,0,0,0,0,0,0,0,0,0,0,0,0,0,0,0,0,0,0,0,0,0,0,0,0,0,0,0,0,0,0,0,0,0,0,0,0,0,0,0,0,0,0,4,0,0,0,0,0,0,0,0,0,4,0,0,0,0,0,0,0,0,0,0,0,0,0,0,0,0,0,0,0,0,0,0,0,0,0,0,0,0,0,0,0,0,0,0,0,0,0,0,0,0,0,0,0,0,5,0,0,0,0,3,0,0,0,0,0,0,0,0,0,4,0,0,3,0,0,0,0,0,0,6,0,0,3,0,0,0,0,0,0,6,0,0,0,0,0,0,0,0,0,4
99799,0,0,0,0,0,0,0,0,0,0,0,0,0,0,0,0,0,0,0,0,0,0,0,0,0,0,0,0,0,0,0,0,0,0,0,0,0,0,0,0,0,0,0,0,0,0,0,0,0,0,0,0,0,0,0,0,0,0,0,0,0,0,0,0,0,0,0,0,0,0,0,0,0,0,0,0,0,0,0,0,0,0,0,0,0,0,0,0,0,0,0,0,0,0,0,0,0,0,0,0,0,0,0,0,0,0,0,0,0,0,0,0,0,0,0,0,0,0,0,0,0,0,0,0,0,0,0,0,0,0,0,0,0,0,0,0,0,0,0,0,0,0,0,0,0,0,0,0,0,0,0,0,0,0,0,0,0,0,0,0,0,0,0,0,0,0,0,0,0,0,0,0,0,0,0,0,0,0,0,0,0,0,0,0,0,0,0,0,0,0,0,0,0,0,0,0,0,0,0,0
