GCCSA_CODE_2021,Age_55_C21_M,Age_55_C21_F,Age_55_C21_P,Age_56_C11_M,Age_56_C11_F,Age_56_C11_P,Age_56_C16_M,Age_56_C16_F,Age_56_C16_P,Age_56_C21_M,Age_56_C21_F,Age_56_C21_P,Age_57_C11_M,Age_57_C11_F,Age_57_C11_P,Age_57_C16_M,Age_57_C16_F,Age_57_C16_P,Age_57_C21_M,Age_57_C21_F,Age_57_C21_P,Age_58_C11_M,Age_58_C11_F,Age_58_C11_P,Age_58_C16_M,Age_58_C16_F,Age_58_C16_P,Age_58_C21_M,Age_58_C21_F,Age_58_C21_P,Age_59_C11_M,Age_59_C11_F,Age_59_C11_P,Age_59_C16_M,Age_59_C16_F,Age_59_C16_P,Age_59_C21_M,Age_59_C21_F,Age_59_C21_P,Age_55_59_C11_M,Age_55_59_C11_F,Age_55_59_C11_P,Age_55_59_C16_M,Age_55_59_C16_F,Age_55_59_C16_P,Age_55_59_C21_M,Age_55_59_C21_F,Age_55_59_C21_P,Age_60_C11_M,Age_60_C11_F,Age_60_C11_P,Age_60_C16_M,Age_60_C16_F,Age_60_C16_P,Age_60_C21_M,Age_60_C21_F,Age_60_C21_P,Age_61_C11_M,Age_61_C11_F,Age_61_C11_P,Age_61_C16_M,Age_61_C16_F,Age_61_C16_P,Age_61_C21_M,Age_61_C21_F,Age_61_C21_P,Age_62_C11_M,Age_62_C11_F,Age_62_C11_P,Age_62_C16_M,Age_62_C16_F,Age_62_C16_P,Age_62_C21_M,Age_62_C21_F,Age_62_C21_P,Age_63_C11_M,Age_63_C11_F,Age_63_C11_P,Age_63_C16_M,Age_63_C16_F,Age_63_C16_P,Age_63_C21_M,Age_63_C21_F,Age_63_C21_P,Age_64_C11_M,Age_64_C11_F,Age_64_C11_P,Age_64_C16_M,Age_64_C16_F,Age_64_C16_P,Age_64_C21_M,Age_64_C21_F,Age_64_C21_P,Age_60_64_C11_M,Age_60_64_C11_F,Age_60_64_C11_P,Age_60_64_C16_M,Age_60_64_C16_F,Age_60_64_C16_P,Age_60_64_C21_M,Age_60_64_C21_F,Age_60_64_C21_P,Age_65_C11_M,Age_65_C11_F,Age_65_C11_P,Age_65_C16_M,Age_65_C16_F,Age_65_C16_P,Age_65_C21_M,Age_65_C21_F,Age_65_C21_P,Age_66_C11_M,Age_66_C11_F,Age_66_C11_P,Age_66_C16_M,Age_66_C16_F,Age_66_C16_P,Age_66_C21_M,Age_66_C21_F,Age_66_C21_P,Age_67_C11_M,Age_67_C11_F,Age_67_C11_P,Age_67_C16_M,Age_67_C16_F,Age_67_C16_P,Age_67_C21_M,Age_67_C21_F,Age_67_C21_P,Age_68_C11_M,Age_68_C11_F,Age_68_C11_P,Age_68_C16_M,Age_68_C16_F,Age_68_C16_P,Age_68_C21_M,Age_68_C21_F,Age_68_C21_P,Age_69_C11_M,Age_69_C11_F,Age_69_C11_P,Age_69_C16_M,Age_69_C16_F,Age_69_C16_P,Age_69_C21_M,Age_69_C21_F,Age_69_C21_P,Age_65_69_C11_M,Age_65_69_C11_F,Age_65_69_C11_P,Age_65_69_C16_M,Age_65_69_C16_F,Age_65_69_C16_P,Age_65_69_C21_M,Age_65_69_C21_F,Age_65_69_C21_P,Age_70_C11_M,Age_70_C11_F,Age_70_C11_P,Age_70_C16_M,Age_70_C16_F,Age_70_C16_P,Age_70_C21_M,Age_70_C21_F,Age_70_C21_P,Age_71_C11_M,Age_71_C11_F,Age_71_C11_P,Age_71_C16_M,Age_71_C16_F,Age_71_C16_P,Age_71_C21_M,Age_71_C21_F,Age_71_C21_P,Age_72_C11_M,Age_72_C11_F,Age_72_C11_P,Age_72_C16_M,Age_72_C16_F,Age_72_C16_P,Age_72_C21_M,Age_72_C21_F,Age_72_C21_P,Age_73_C11_M,Age_73_C11_F,Age_73_C11_P,Age_73_C16_M,Age_73_C16_F,Age_73_C16_P,Age_73_C21_M,Age_73_C21_F,Age_73_C21_P,Age_74_C11_M,Age_74_C11_F,Age_74_C11_P,Age_74_C16_M,Age_74_C16_F,Age_74_C16_P,Age_74_C21_M,Age_74_C21_F
1GSYD,29536,29926,59460,25044,26613,51655,27967,29477,57442,29590,30569,60159,24305,25384,49688,26926,28100,55023,30039,31292,61329,23901,25036,48941,26586,28640,55225,30498,31665,62169,22631,24058,46693,25897,27656,53556,29814,30555,60369,121854,128291,250145,136867,144689,281554,149478,154011,303485,22522,23580,46102,25117,26790,51901,28793,30440,59234,22547,23296,45845,24063,25835,49898,27251,29129,56384,21639,22314,43949,23203,25138,48343,26369,27773,54138,21994,22235,44227,22846,24534,47376,25925,28104,54029,22489,22849,45339,21517,23411,44926,24859,27041,51901,111195,114271,225463,116747,125704,242452,133198,142487,275683,19203,19396,38600,21370,22900,44277,23989,26289,50274,17698,18253,35958,20980,22469,43448,23085,25718,48801,17160,17494,34658,19906,21415,41319,22332,24539,46872,14827,15569,30401,20295,21580,41874,21569,23982,45550,14326,14937,29265,20549,22059,42607,20267,22811,43079,83220,85662,168880,103107,110425,213529,111238,123339,234579,13634,14627,28264,17561,18840,36399,20185,22330,42515,13059,13948,27009,16276,17472,33746,19936,21964,41905,12339,13501,25841,15833,16825,32655,18922,20887,39817,11463,13059,24521,13533,14987,28523,19238,20959,40196,11068,12551,23619,13111,14525,27638,19346,21116
1RNSW,16633,17582,34213,17098,17246,34343,18194,19391,37581,17099,18019,35126,16614,16842,33457,18244,19272,37516,18369,19181,37550,16749,17075,33823,17938,19036,36974,18856,20155,39015,16248,16572,32822,17959,18600,36553,19426,20498,39926,83760,84852,168608,91387,95897,187283,90390,95443,185830,16498,16424,32917,17847,17995,35845,19483,20603,40088,16295,16309,32601,17480,18200,35681,19041,20187,39227,15860,15994,31854,17234,17820,35058,19002,20272,39268,16295,15995,32294,17414,18028,35443,18683,19922,38603,17401,17287,34690,17068,17588,34651,18463,19483,37943,82356,82007,164364,87047,89637,176683,94668,100460,195135,14392,14436,28834,17072,17401,34471,18328,18917,37242,14367,14309,28672,16899,17075,33980,17918,18863,36782,13700,13845,27551,16399,16628,33024,17498,18442,35938,12345,12655,25000,16681,16477,33162,17888,18431,36316,12243,12535,24775,17724,17735,35464,17203,17782,34985,67044,67785,134827,84776,85313,170094,88832,92442,181273,11268,11642,22909,14494,14675,29169,17105,17464,34567,10971,11407,22381,14049,14390,28434,16522,17007,33530,10433,11032,21463,13378,13854,27233,16179,16435,32617,10133,10573,20706,11816,12482,24300,16083,16116,32197,9806,10450,20264,11774,12233,24006,16779,17236
19499,103,62,167,97,77,180,100,59,156,88,65,152,110,78,183,107,60,167,99,65,162,80,73,153,108,75,182,111,70,185,98,51,159,92,65,156,87,96,179,489,357,847,512,343,857,480,359,844,105,78,189,120,101,220,112,78,185,71,75,150,78,77,156,85,61,151,87,65,154,93,75,172,102,78,178,104,75,174,85,73,164,78,50,127,98,63,163,93,64,154,91,74,161,466,355,829,476,393,866,470,339,808,84,43,127,112,80,195,81,48,133,89,46,132,89,65,159,74,71,137,78,45,128,73,58,138,94,36,138,77,39,120,93,54,148,78,41,119,60,34,101,94,56,148,75,36,115,392,211,604,456,327,781,403,236,637,63,35,99,84,44,126,70,46,113,50,32,90,66,31,93,55,30,85,40,20,64,39,35,71,42,39,82,37,23,57,36,25,61,32,25,58,38,15,54,46,15,60,50,26
19799,0,0,0,0,4,3,3,7,10,0,0,0,0,0,0,0,6,6,0,0,0,0,0,0,0,5,5,0,0,0,0,0,0,0,0,0,0,0,0,6,6,6,7,21,35,0,0,0,0,4,4,8,8,12,0,0,0,0,3,4,0,0,0,0,0,0,0,0,5,0,3,3,0,0,0,0,0,3,3,5,14,0,0,0,0,3,3,3,9,10,0,0,0,7,12,17,16,28,45,0,0,0,0,4,4,6,0,6,0,0,0,0,0,3,5,7,13,0,0,0,0,0,0,6,10,20,0,0,0,0,0,0,11,10,21,0,0,0,0,3,3,5,10,16,0,0,0,4,10,9,31,41,64,0,0,0,0,0,6,7,6,12,0,0,0,3,3,4,0,7,7,0,0,0,0,3,3,6,0,6,0,0,0,0,0,0,4,5,12,0,0,0,4,0,4,5,8,15,0,0
2GMEL,27309,28707,56015,22358,23732,46090,25338,27185,52518,27071,28463,55533,21358,22890,44254,24773,25995,50768,27101,28842,55943,21311,22737,44049,23968,25994,49961,27468,28562,56026,20475,21725,42190,23104,24915,48019,26595,27855,54452,109170,115602,224771,123705,132122,255821,135553,142429,277976,20208,21732,41943,23321,24593,47907,26148,27671,53817,19511,21174,40688,21628,23617,45244,24756,26904,51663,19190,20346,39532,20703,22903,43607,24357,26051,50406,19231,20741,39964,20502,22411,42913,23278,25357,48630,20395,21546,41935,19750,21649,41403,22537,24953,47486,98521,105543,204063,105903,115179,221079,121073,130934,252005,17115,17697,34813,19483,21504,40990,22309,24259,46563,15823,16629,32451,18491,20758,39251,21193,23488,44682,15159,16177,31339,18252,19944,38197,19857,22468,42327,13289,14492,27774,18076,20366,38439,19588,21982,41572,13392,14370,27760,19092,21031,40124,18790,21263,40054,74778,79364,154141,93398,103600,197002,101739,113462,215194,12530,13427,25960,16105,17429,33528,18331,21167,39496,12225,13183,25407,14649,16199,30844,17760,20428,38188,11503,12860,24368,14154,15916,30068,17140,19624,36762,10905,12547,23451,12424,14008,26433,17271,19739,37015,10348,11906,22257,12383,14027,26410,17951,20413
2RVIC,9466,10221,19684,9137,9479,18618,9870,10438,20304,9798,10432,20231,9092,9260,18357,9953,10451,20406,10129,10873,21005,9024,9350,18370,9741,10331,20073,10494,11426,21918,9082,8961,18039,9667,10137,19810,10840,11692,22534,45638,46621,92258,49226,52138,101367,50726,54645,105372,8699,9053,17757,9776,10245,20018,10810,11663,22468,9133,9153,18284,9617,10119,19730,10590,11370,21960,8567,8757,17324,9561,9974,19534,10841,11522,22361,8700,8642,17335,9666,10083,19745,10587,11338,21928,9383,9309,18693,9661,9680,19338,10398,10992,21395,44490,44911,89399,48270,50097,98369,53233,56876,110111,7765,7701,15462,9395,9792,19184,10500,10906,21403,7288,7418,14710,9568,9761,19333,10297,10935,21234,6953,7233,14187,8944,9240,18184,10303,10727,21021,6474,6479,12954,8960,9078,18039,10195,10817,21008,6595,6617,13214,9655,9696,19348,10091,10189,20277,35081,35441,70520,46518,47570,94090,51379,53567,104945,5984,6065,12051,7971,7921,15892,9823,9863,19686,5615,5992,11606,7377,7528,14907,9695,9957,19655,5611,5630,11241,6876,7274,14147,9130,9374,18506,5141,5498,10638,6307,6496,12801,9039,9164,18198,4923,5247,10174,6383,6611,12992,9381,9547
29499,100,44,145,50,31,83,47,36,83,56,43,92,43,36,79,66,43,105,56,42,98,45,35,77,35,36,71,59,46,104,40,49,90,40,39,85,82,41,120,227,180,406,238,183,422,353,212,563,39,28,68,43,56,100,75,49,126,21,47,67,39,24,65,51,47,100,41,32,76,47,28,75,61,46,105,33,39,71,44,22,61,56,39,98,41,19,65,51,35,83,48,41,87,178,168,347,224,165,393,288,217,511,41,24,70,39,25,61,71,33,102,25,12,36,33,29,65,52,35,80,27,26,52,35,33,65,46,36,84,34,5,42,32,33,63,64,21,88,26,20,49,29,17,48,37,20,58,153,94,247,171,138,313,271,141,418,27,19,45,27,26,55,35,16,51,20,10,33,21,11,37,17,19,42,15,12,32,28,10,40,25,9,37,20,9,26,16,10,21,16,13,26,15,8,20,21,5,29,25,14
29799,0,0,0,0,0,0,3,0,3,5,6,9,0,0,0,0,0,0,0,0,0,0,0,0,4,0,4,0,0,0,0,0,0,0,0,0,0,0,0,7,0,7,0,0,0,5,6,9,0,0,0,3,0,3,0,0,0,0,0,0,0,0,0,0,0,0,0,0,0,0,0,0,3,0,3,0,0,0,0,0,0,0,0,0,0,0,0,0,0,0,3,0,3,4,0,4,3,0,3,6,0,6,0,0,0,0,0,0,0,0,0,0,0,0,0,0,0,5,0,5,5,0,5,0,0,0,0,0,0,0,0,0,0,0,0,0,0,0,0,0,0,0,0,0,0,0,0,5,0,5,0,0,0,5,0,5,0,0,0,0,0,0,0,0,0,0,0,0,0,0,0,0,0,0,0,0,0,0,0,0,0,0,0,0,0,0,0,0,0,0,0,0,0,0,0,0,0,0,0,0
3GBRI,13855,14488,28343,11560,12130,23691,13033,13714,26748,13968,14537,28506,11118,11856,22977,12687,13510,26197,14304,14938,29237,11141,11658,22795,12165,12926,25097,14112,15029,29145,11036,11460,22494,11816,12623,24432,13794,14710,28501,56871,59362,116229,63409,67105,130517,70034,73701,143731,10641,11171,21817,11826,12138,23967,13630,14465,28098,10661,11223,21885,11153,11971,23121,12996,13682,26677,10397,10611,21012,10715,11738,22451,12478,13569,26046,10349,10423,20773,10762,11715,22470,11904,13057,24960,10899,10945,21842,10871,11389,22264,11608,12672,24285,52944,54378,107322,55327,58944,114275,62624,67444,130066,8737,8899,17634,10215,10999,21215,11623,12365,23990,8575,8586,17158,10061,10830,20890,10986,11994,22982,7724,8002,15729,9861,10442,20303,10466,11727,22188,6864,7120,13985,9565,10362,19925,10445,11504,21944,6798,6949,13753,10106,10684,20784,10361,11479,21837,38700,39561,78258,49806,53309,103116,53875,59069,112944,6160,6408,12566,8383,8724,17108,9887,10946,20830,5999,6163,12156,8027,8433,16461,9797,10831,20631,5448,5864,11314,7246,7859,15108,9556,10522,20082,5095,5431,10527,6417,6901,13322,9249,10155,19404,4712,5361,10074,6267,6834,13099,9688,10585
3RQLD,15972,16876,32849,14242,14460,28702,16043,16625,32669,16127,17164,33284,13619,13984,27596,15661,16150,31807,16986,17790,34771,13869,13914,27781,15417,16270,31687,17106,18157,35261,13742,13323,27066,15089,15401,30493,17189,18176,35366,69956,70537,140495,78820,81763,160584,83377,88162,171537,13653,13466,27116,14720,15521,30244,17312,18197,35508,13492,13431,26923,14516,14892,29404,16512,17493,34005,13384,13046,26434,14059,14692,28749,16423,16910,33328,13313,12758,26070,14232,14440,28671,15884,16925,32813,14122,13651,27770,14045,13991,28034,15693,16131,31826,67960,66354,134313,71567,73543,145106,81822,85657,167484,11948,11461,23410,14201,14110,28311,15219,15972,31188,11465,11369,22837,13691,14079,27769,15069,15740,30811,11026,10711,21738,13561,13344,26910,14621,15314,29931,9639,9636,19277,13477,13127,26605,14706,14953,29661,9716,9501,19215,14209,13997,28203,14385,14312,28702,53798,52684,106480,69143,68662,137806,73998,76297,150295,9012,8751,17764,11805,11599,23402,14188,14274,28464,8519,8477,16993,11286,11467,22755,13708,14121,27829,7962,8066,16031,10645,10658,21302,13286,13494,26783,7412,7243,14654,9191,9444,18634,13203,13021,26218,7093,7182,14277,9250,9298,18545,13714,13867
39499,90,112,195,116,118,232,116,107,223,108,74,181,140,115,254,107,112,216,103,93,200,133,104,237,95,133,232,135,113,247,133,124,255,92,137,222,145,132,279,643,557,1199,492,592,1081,582,521,1101,147,132,287,134,141,272,143,138,281,156,120,276,145,130,271,158,122,278,150,130,280,146,132,273,130,133,257,176,127,303,139,119,251,145,131,272,163,140,305,109,116,233,139,137,277,801,651,1445,659,637,1297,715,652,1367,144,91,233,130,115,251,143,151,297,145,89,232,123,119,240,147,88,238,120,85,201,173,115,280,139,129,272,99,61,163,136,100,236,139,99,244,100,67,168,146,97,244,149,71,223,605,390,993,714,538,1253,730,535,1269,79,46,129,124,65,196,134,85,225,67,35,103,88,57,146,120,88,208,71,32,106,80,51,138,101,52,154,66,18,83,59,46,103,92,59,149,44,33,78,49,32,81,73,53
39799,0,0,0,0,0,4,6,3,8,0,0,0,4,3,11,0,3,3,0,0,0,6,0,4,0,0,0,0,0,0,0,4,4,0,0,0,0,0,0,20,11,37,5,10,16,3,0,3,3,0,7,0,0,0,0,0,0,0,5,3,0,0,0,0,0,0,0,8,8,0,0,0,0,0,0,7,0,11,0,0,3,0,0,0,4,5,11,3,0,3,0,0,0,20,22,40,8,3,11,0,4,4,0,4,9,0,0,0,0,0,0,0,5,4,0,8,8,0,0,0,7,0,4,0,0,3,0,0,0,0,0,0,3,0,3,0,0,0,5,0,8,3,3,5,0,0,0,13,15,29,5,15,17,3,0,3,3,0,9,4,0,6,0,0,0,0,5,5,3,6,9,0,0,0,0,4,4,0,0,0,0,0,0,0,9,7,0,0,0,0,0,0,0,4,6,0,0,0,0,0
4GADE,8258,8681,16936,7567,7858,15422,8242,8755,16990,8361,8792,17152,7170,7932,15106,8017,8757,16778,8464,8896,17358,7230,7838,15072,7833,8294,16128,8449,8873,17324,6945,7558,14504,7623,8392,16022,8241,8899,17136,36459,39409,75870,40308,43099,83408,41765,44139,85906,6997,7640,14632,7379,8100,15479,8454,8958,17410,6940,7330,14268,7352,7778,15130,8059,8720,16773,6691,7186,13878,6938,7863,14807,7894,8691,16584,6700,7177,13877,6882,7759,14651,7698,8290,15987,7290,7590,14876,6809,7450,14260,7375,8374,15750,34617,36912,71535,35363,38953,74318,39480,43024,82505,5743,6250,11994,6708,7537,14247,7209,8103,15307,5422,5923,11338,6664,7241,13907,7144,7806,14947,5123,5561,10682,6384,7080,13468,6763,7798,14559,4707,5173,9878,6392,6992,13381,6788,7663,14456,4552,4966,9518,6810,7470,14277,6631,7430,14064,25541,27878,53419,32956,36320,69277,34533,38801,73340,4083,4616,8697,5484,6194,11675,6436,7456,13892,4016,4614,8627,5130,5841,10974,6414,7164,13576,4014,4603,8614,4791,5509,10303,6097,7043,13141,3750,4429,8181,4430,5112,9537,6043,6909,12950,3694,4319,8014,4225,4830,9051,6566,7289
4RSAU,2557,2582,5144,2648,2515,5162,2822,2864,5686,2717,2668,5387,2643,2467,5109,2837,2798,5627,2805,2789,5590,2677,2530,5209,2861,2746,5606,2974,3017,5993,2596,2554,5149,2745,2688,5435,3066,2972,6037,13280,12641,25923,14236,14048,28284,14128,14030,28157,2555,2570,5125,2876,2778,5654,3097,3118,6210,2690,2548,5237,2779,2636,5409,3030,3035,6069,2680,2450,5129,2770,2632,5404,2983,3058,6037,2416,2412,4831,2858,2730,5591,2984,2882,5863,2778,2753,5531,2736,2723,5453,2984,2903,5890,13112,12745,25858,14017,13487,27512,15076,14999,30074,2337,2263,4598,2685,2738,5429,2940,2964,5903,2303,2275,4574,2728,2663,5389,2941,2804,5743,2164,2082,4244,2761,2559,5316,2953,2774,5732,1990,1935,3927,2566,2487,5050,2989,2842,5828,1908,1862,3769,2839,2805,5639,2785,2769,5550,10699,10415,21108,13578,13249,26828,14601,14156,28759,1801,1723,3526,2333,2248,4586,2758,2731,5487,1720,1675,3391,2289,2292,4581,2769,2685,5452,1663,1693,3348,2136,2119,4249,2687,2537,5227,1531,1539,3072,1920,1881,3796,2472,2466,4936,1465,1497,2963,1875,1851,3727,2674,2702
49499,46,13,58,25,23,46,35,26,54,29,18,50,28,16,43,29,9,40,35,17,46,29,18,45,18,12,32,18,19,39,26,9,38,22,13,37,19,24,46,138,81,224,121,84,202,152,97,241,31,12,40,25,17,38,42,23,69,30,22,54,24,23,48,36,26,57,30,13,43,21,14,35,35,20,53,18,24,43,23,24,45,29,14,46,20,14,32,26,9,33,26,15,46,123,82,206,117,85,203,161,106,265,19,20,42,34,23,59,32,17,48,17,10,35,23,13,35,19,27,48,20,13,32,16,11,25,27,15,37,11,7,12,15,9,24,16,15,35,13,4,20,24,9,37,26,7,35,79,55,135,112,70,184,121,83,205,17,12,25,13,8,18,14,12,23,14,6,19,16,0,20,28,9,38,17,3,25,11,3,10,25,9,35,8,8,14,15,6,23,14,5,16,8,6,14,11,7,17,10,20
49799,0,0,0,0,0,0,0,0,0,0,0,0,0,0,0,0,0,0,0,0,0,0,0,0,0,0,0,0,0,0,0,0,0,0,0,0,0,0,0,0,0,0,0,0,0,0,0,0,0,0,0,0,0,0,0,0,0,0,0,0,0,0,0,0,0,0,0,0,0,0,0,0,0,0,0,0,0,0,0,0,0,0,0,0,0,0,0,0,0,0,0,0,0,0,0,0,0,0,0,0,0,0,0,0,0,0,0,0,0,0,0,0,0,0,0,0,0,0,0,0,0,0,0,0,0,0,0,0,0,0,0,0,0,0,0,0,0,0,0,0,0,0,0,0,0,0,0,0,0,0,0,0,0,0,0,0,0,0,0,0,0,0,0,0,0,0,0,0,0,0,0,0,0,0,0,0,0,0,0,0,0,0,0,0,0,0,0,0,0,0,0,0,0,0,0,0,0,0,0,0
5GPER,12308,12750,25056,9868,10661,20535,11405,11993,23400,12215,12774,24989,9700,10310,20010,10912,11484,22391,12528,12954,25481,9601,10148,19751,10623,11244,21862,12533,12888,25420,9443,9803,19248,10336,11053,21390,12155,12617,24773,49242,51918,101150,54956,58060,113021,61737,63977,125717,9395,9597,18993,10384,10892,21281,11912,12414,24330,9031,9340,18367,9672,10680,20348,11425,12230,23655,8814,9295,18111,9502,10364,19861,10985,11866,22852,8944,8970,17913,9327,10188,19512,10679,11444,22124,9294,9341,18631,9297,9642,18935,10303,11211,21517,45482,46544,92026,48184,51764,99948,55301,59167,114471,7289,7198,14488,9022,9432,18451,10474,11234,21706,6864,7006,13865,8606,9174,17785,9756,11016,20769,6834,6918,13755,8298,9003,17301,9372,10638,20011,5943,6121,12062,8521,8796,17319,9301,10304,19605,5940,6099,12037,8684,9239,17923,9090,9947,19035,32870,33333,66207,43125,45645,88769,47993,53135,101124,5364,5768,11129,6891,7186,14078,8932,9559,18488,5161,5519,10679,6455,6839,13295,8614,9348,17968,5021,5435,10449,6395,6756,13149,8229,9197,17417,4663,5275,9937,5518,6000,11520,8278,8818,17098,4406,4853,9256,5599,5952,11555,8607,9244
5RWAU,3709,3461,7167,3451,3125,6579,3733,3608,7343,3684,3475,7150,3312,2928,6236,3815,3539,7358,3756,3518,7271,3335,2919,6253,3645,3360,7010,3854,3629,7483,3161,2818,5982,3581,3224,6799,3717,3685,7402,16936,15089,32026,18849,17496,36346,18715,17759,36478,3215,2736,5953,3632,3340,6975,3872,3718,7587,2915,2652,5569,3294,3100,6384,3667,3492,7155,2899,2510,5413,3252,3008,6260,3616,3577,7193,2871,2446,5315,3141,2934,6070,3449,3422,6866,3000,2601,5602,3074,2943,6009,3529,3237,6769,14905,12947,27846,16380,15322,31707,18136,17441,35576,2357,2071,4426,3178,2852,6030,3461,3310,6778,2232,1928,4159,2831,2706,5540,3196,3066,6259,2108,1827,3936,2828,2485,5317,3095,2878,5972,1813,1706,3515,2776,2434,5207,2960,2918,5881,1919,1730,3644,2883,2565,5449,2872,2808,5680,10423,9260,19683,14505,13043,27542,15587,14987,30573,1685,1508,3190,2217,2058,4271,2934,2712,5646,1579,1539,3119,2061,1904,3966,2733,2541,5275,1498,1457,2960,2054,1869,3920,2702,2448,5149,1458,1300,2764,1727,1687,3411,2560,2347,4906,1313,1232,2546,1824,1719,3544,2654,2458
59499,95,39,133,77,59,135,48,42,93,55,47,105,63,78,144,48,34,81,41,49,89,87,66,151,56,50,109,63,45,110,69,55,123,57,38,98,69,46,114,362,333,694,280,219,503,330,226,552,77,67,150,56,51,112,99,64,172,75,58,134,40,47,88,47,37,84,74,57,131,55,48,103,65,49,117,72,40,111,48,43,91,64,45,107,67,53,121,53,30,84,66,48,116,368,283,648,254,221,473,339,250,588,63,32,97,66,30,87,69,64,128,59,45,108,65,51,123,61,47,111,49,35,87,57,39,94,40,27,67,54,24,80,47,27,74,51,37,91,37,28,65,42,23,66,49,32,83,266,165,431,274,174,440,268,204,478,38,14,55,27,24,51,50,39,86,22,16,45,19,22,42,37,29,71,26,13,37,29,20,45,31,14,45,27,8,34,18,14,37,28,17,48,9,5,12,8,13,21,24,7
59799,4,0,4,8,0,8,10,0,6,10,0,10,5,0,5,3,0,3,0,0,0,0,0,0,9,0,9,11,0,11,0,0,0,0,0,3,4,0,4,21,0,21,27,0,26,26,0,26,7,0,7,0,0,3,11,0,12,6,0,6,4,0,4,10,0,10,0,0,0,0,0,0,6,3,7,0,0,0,0,0,0,5,0,8,3,0,3,0,0,4,0,0,0,13,0,10,12,4,15,27,3,34,0,0,0,0,0,0,4,0,4,0,0,0,0,0,0,0,0,4,0,0,0,0,0,0,5,0,3,0,0,0,0,0,0,0,0,0,0,0,0,0,0,0,5,0,3,0,0,6,4,0,4,9,3,13,3,0,3,0,0,0,0,0,3,0,0,0,0,0,0,0,0,0,0,0,0,0,0,0,0,0,0,0,0,0,0,0,0,0,0,0,0,0,0,0,0,0,0,0
6GHOB,1225,1345,2564,1382,1442,2826,1517,1618,3133,1323,1526,2851,1267,1475,2745,1437,1658,3094,1536,1610,3152,1379,1440,2819,1480,1520,3001,1450,1626,3074,1338,1442,2775,1408,1582,2986,1547,1601,3153,6784,7286,14078,7375,8083,15458,7081,7709,14789,1281,1363,2642,1405,1512,2918,1521,1653,3171,1304,1362,2668,1328,1437,2761,1451,1611,3056,1173,1209,2387,1259,1440,2695,1409,1617,3026,1251,1270,2526,1392,1426,2818,1429,1528,2950,1321,1371,2698,1325,1467,2790,1381,1557,2936,6331,6582,12914,6701,7274,13981,7192,7959,15150,1001,1099,2105,1268,1382,2646,1372,1512,2885,987,1029,2017,1254,1337,2593,1293,1466,2758,935,1044,1983,1151,1209,2352,1196,1449,2646,862,933,1796,1223,1264,2489,1327,1408,2736,832,861,1691,1307,1404,2714,1278,1461,2740,4626,4966,9593,6203,6595,12795,6470,7301,13773,805,904,1708,978,1128,2105,1191,1399,2584,752,820,1572,921,1043,1965,1222,1306,2526,750,761,1513,911,1059,1968,1091,1217,2308,668,786,1457,814,914,1722,1133,1241,2374,639,758,1391,752,862,1621,1234,1349
6RTAS,1932,2157,4089,1918,2023,3943,2089,2322,4404,2072,2110,4178,1886,2065,3952,2153,2191,4343,2129,2308,4438,1936,2020,3959,2185,2148,4327,2245,2316,4562,2038,1903,3942,2031,2171,4204,2368,2458,4825,9867,10067,19935,10662,11199,21860,10748,11351,22099,1985,1960,3943,2206,2141,4348,2316,2535,4849,1931,1956,3893,2044,2058,4102,2266,2440,4705,1902,1995,3901,1963,2147,4107,2281,2333,4616,1936,1913,3848,1981,2121,4104,2259,2259,4520,2103,2038,4139,2070,2002,4073,2117,2344,4460,9856,9868,19723,10263,10470,20736,11245,11910,23156,1765,1706,3472,2047,2051,4100,2262,2202,4462,1609,1689,3295,1948,2064,4006,2152,2154,4305,1682,1534,3218,1910,2037,3948,2022,2219,4237,1460,1369,2827,1908,1958,3865,2069,2108,4174,1429,1421,2853,2125,2044,4168,2085,2011,4095,7946,7724,15671,9942,10145,20086,10591,10684,21274,1271,1285,2557,1661,1685,3347,2013,1981,3996,1270,1253,2523,1558,1671,3228,1941,2043,3984,1197,1167,2367,1601,1474,3075,1851,1943,3794,1099,1132,2234,1378,1305,2679,1834,1870,3700,1020,1079,2094,1299,1384,2689,1998,1942
69499,6,12,19,8,3,13,7,12,16,0,15,22,7,3,10,5,4,10,18,4,24,9,8,14,7,5,12,9,8,17,7,8,21,0,5,7,17,9,24,42,31,69,27,26,56,57,57,111,6,8,17,6,6,7,16,10,28,12,10,18,0,9,12,12,8,24,6,6,16,6,6,13,13,3,14,13,6,19,11,6,14,3,14,19,8,5,15,3,6,11,5,11,17,47,40,87,24,28,52,54,42,91,3,10,12,5,12,17,14,0,14,4,6,10,9,10,20,10,4,14,9,6,13,4,4,8,11,14,23,7,3,7,3,4,3,10,7,18,0,3,3,6,3,9,10,8,22,25,19,44,28,27,61,61,34,91,6,0,10,5,7,10,3,12,13,0,0,3,0,5,5,12,10,21,4,4,6,0,3,5,6,6,10,0,4,6,4,0,3,8,4,9,0,0,3,0,3,4,6,6
69799,0,0,0,3,0,3,0,0,0,0,0,0,6,0,8,0,0,0,0,0,0,4,0,4,5,0,0,0,0,0,0,0,0,0,0,0,0,0,0,12,0,11,3,0,4,0,0,0,0,0,0,0,0,0,0,0,0,0,6,0,0,0,0,0,0,0,4,0,0,0,0,0,0,0,0,0,0,0,0,0,0,0,0,0,0,0,0,0,0,0,0,0,0,8,8,11,4,4,5,0,0,0,0,0,0,0,0,0,0,0,0,0,0,0,0,0,0,0,0,0,3,0,3,0,0,0,0,0,0,0,0,0,0,0,0,0,0,0,0,0,0,0,0,0,0,0,0,0,0,7,0,0,0,0,0,0,0,0,0,0,0,0,0,0,0,0,0,0,0,0,0,0,0,0,0,0,0,0,0,0,0,0,0,0,0,0,0,0,0,0,0,0,0,0,0,0,0,0,0,0
7GDAR,840,828,1668,743,701,1441,881,786,1661,809,756,1575,737,665,1401,813,712,1518,774,744,1518,696,638,1335,748,690,1437,831,778,1609,695,554,1244,680,709,1393,824,732,1553,3628,3245,6876,4050,3730,7773,4082,3842,7923,664,609,1271,754,626,1376,748,779,1522,632,493,1127,718,582,1298,699,689,1389,611,488,1106,639,607,1247,712,633,1347,566,474,1040,657,552,1209,650,593,1243,609,458,1068,625,509,1134,602,607,1212,3093,2519,5608,3385,2877,6266,3416,3301,6714,452,360,809,543,507,1045,604,522,1128,423,308,733,538,456,991,563,557,1123,346,324,669,501,412,920,559,529,1080,296,242,535,488,373,862,513,492,1002,311,237,545,477,385,856,499,428,922,1826,1468,3290,2540,2134,4669,2732,2525,5252,303,241,540,369,306,675,453,475,925,280,205,486,337,253,592,467,422,882,191,174,362,283,258,542,418,372,787,197,174,368,238,220,459,396,359,754,173,136,310,254,220,473,403,369
7RNTE,521,510,1031,503,474,976,462,487,949,484,479,962,455,411,862,472,506,974,496,485,976,426,415,842,440,517,959,465,480,942,396,392,783,485,421,915,463,475,940,2333,2194,4523,2441,2457,4894,2433,2426,4855,443,405,850,490,514,1001,507,473,986,378,320,693,421,411,831,373,404,781,349,275,626,380,352,740,396,428,823,318,260,572,372,326,699,385,406,790,313,233,549,336,305,643,389,378,766,1806,1488,3295,1999,1912,3912,2054,2086,4140,264,209,467,318,319,637,389,363,749,232,197,427,298,258,555,308,307,619,198,162,361,263,228,487,299,289,592,171,139,307,218,192,408,274,255,527,140,120,267,243,164,411,248,234,476,1008,828,1834,1344,1159,2502,1520,1446,2966,178,162,337,186,205,385,243,237,477,148,132,279,171,136,307,238,188,424,102,84,183,136,121,258,193,153,343,93,80,169,136,127,264,156,152,307,87,81,165,136,112,249,153,128
79499,25,16,46,24,20,43,23,27,57,35,30,64,30,19,48,17,30,52,21,27,51,14,24,42,26,22,45,36,38,72,33,25,59,18,5,25,32,27,57,117,115,225,110,104,211,154,138,296,27,15,45,25,24,46,30,28,54,32,19,52,22,20,40,32,32,61,35,20,52,19,22,41,26,25,54,11,12,27,28,24,49,24,29,50,21,21,41,23,18,44,39,25,57,125,90,217,116,108,225,146,139,289,20,19,37,32,11,43,29,27,51,23,11,26,22,20,48,26,10,40,14,16,33,25,7,37,33,18,45,20,6,30,10,23,34,14,20,35,18,11,34,24,8,32,24,10,38,94,66,160,120,71,191,124,89,215,12,0,14,20,11,26,21,5,27,14,0,21,13,9,19,19,11,23,9,0,11,9,6,14,16,4,18,5,5,13,8,0,8,17,3,19,10,0,4,9,11,20,11,4
79799,0,0,0,0,0,0,0,0,0,0,0,0,0,0,0,0,0,0,0,0,3,0,0,0,0,0,0,0,0,0,0,0,0,0,0,0,0,0,0,3,0,3,6,0,6,3,0,4,0,0,0,0,0,0,4,0,4,0,0,0,4,0,4,3,0,3,3,0,3,0,0,0,9,0,9,0,0,0,0,0,0,0,0,0,3,0,0,0,0,0,0,0,0,5,0,6,4,0,4,16,0,16,0,0,0,0,0,0,0,0,0,0,0,0,0,0,0,0,0,0,4,0,4,0,0,0,0,0,0,0,0,0,0,0,0,0,0,0,0,0,0,0,0,0,0,0,0,4,3,3,0,0,0,0,0,0,0,0,0,0,0,0,0,0,0,0,0,0,0,0,0,0,0,0,0,0,0,0,0,0,0,0,0,0,0,0,0,0,0,0,0,0,0,0,0,0,0,0,0,0
8ACTE,2325,2536,4864,1973,2138,4111,2239,2363,4600,2378,2419,4794,1971,2021,3992,2106,2310,4418,2296,2461,4755,1962,2074,4031,2098,2268,4367,2321,2355,4680,1902,2053,3955,2003,2156,4161,2322,2481,4798,9857,10516,20371,10778,11540,22318,11645,12249,23892,1816,2003,3818,1949,2164,4111,2223,2372,4601,1844,1901,3745,1789,2033,3826,2159,2269,4426,1747,1796,3542,1825,1909,3732,1995,2249,4246,1686,1833,3521,1813,1976,3788,1952,2182,4141,1858,1865,3724,1714,1938,3656,1887,2141,4027,8952,9398,18350,9086,10018,19110,10224,11212,21438,1518,1495,3009,1647,1875,3521,1823,2091,3921,1265,1402,2670,1685,1760,3444,1683,1961,3645,1202,1302,2501,1604,1792,3393,1750,1915,3667,1078,1154,2228,1586,1786,3373,1749,1953,3702,1112,1129,2244,1676,1862,3533,1621,1947,3561,6178,6482,12659,8198,9072,17267,8629,9866,18496,914,1050,1957,1411,1462,2873,1614,1917,3530,927,974,1903,1183,1363,2542,1618,1866,3479,864,938,1803,1105,1309,2412,1555,1741,3295,817,890,1706,1009,1158,2175,1578,1765,3341,716,901,1614,1022,1133,2154,1630,1877
89499,0,0,0,0,0,0,5,8,9,5,0,5,5,0,5,0,0,6,12,4,12,3,9,10,0,3,5,7,4,7,6,0,3,4,3,11,0,7,5,24,17,35,18,21,37,17,15,32,0,4,5,6,0,6,5,6,17,6,5,3,5,3,10,7,4,5,0,0,0,7,6,10,9,0,12,4,3,5,6,3,12,4,4,4,4,0,7,0,0,0,0,5,7,17,7,24,23,12,38,20,21,45,3,0,3,3,0,5,0,0,3,0,0,3,4,3,9,0,0,0,0,3,3,5,0,4,3,0,9,0,0,0,4,0,4,4,0,8,0,0,0,0,0,0,0,3,4,7,0,8,15,4,19,11,8,20,4,5,6,0,0,0,4,0,5,0,0,3,0,4,4,0,0,0,0,0,0,6,0,6,6,0,6,0,0,0,0,0,0,4,4,6,0,0,0,0,0,0,4,0
89799,0,0,0,0,0,0,0,0,0,0,0,0,0,0,0,0,0,0,0,0,0,0,0,0,0,0,0,0,0,0,0,0,0,0,0,0,0,0,0,0,0,0,0,0,0,0,0,0,0,0,0,0,0,0,0,0,0,0,0,0,0,0,0,0,0,0,0,0,0,0,0,0,0,0,0,0,0,0,0,0,0,0,0,0,0,0,0,0,0,0,0,0,0,0,0,0,0,0,0,0,0,0,0,0,0,0,0,0,0,0,0,0,0,0,0,0,0,0,0,0,0,0,0,0,0,0,0,0,0,0,0,0,0,0,0,0,0,0,0,0,0,0,0,0,0,0,0,0,0,0,0,0,0,0,0,0,0,0,0,0,0,0,0,0,0,0,0,0,0,0,0,0,0,0,0,0,0,0,0,0,0,0,0,0,0,0,0,0,0,0,0,0,0,0,0,0,0,0,0,0
9OTER,39,42,80,21,21,36,42,35,81,35,33,67,18,12,26,35,39,70,36,37,77,30,17,46,41,37,76,42,35,74,22,21,41,38,40,72,43,49,93,110,88,193,195,178,370,190,193,391,27,14,40,36,34,71,30,40,71,25,8,39,29,33,58,45,35,80,21,11,36,35,34,71,38,42,80,20,0,17,37,32,62,43,33,80,14,9,19,31,33,61,30,35,69,108,41,146,169,159,322,189,187,378,9,8,12,42,29,73,38,35,70,7,6,13,44,32,80,37,38,76,10,5,14,25,29,55,29,21,52,9,3,17,24,13,36,28,34,60,6,3,6,26,17,47,29,28,59,41,26,67,163,123,287,165,155,320,14,4,16,16,23,42,48,23,71,12,5,15,18,18,33,42,33,80,6,3,5,21,13,36,27,28,56,10,3,10,24,16,39,22,14,40,0,4,6,13,16,26,15,11
99499,0,0,0,0,0,0,0,0,0,0,0,0,0,0,0,0,0,0,0,0,0,0,0,0,0,0,0,0,0,0,0,0,0,0,0,0,0,0,0,0,0,3,0,0,0,0,0,0,0,0,0,0,0,0,0,0,0,0,0,0,0,0,5,0,0,0,0,0,0,0,0,0,0,0,0,0,0,0,0,0,0,0,0,0,0,0,0,0,0,0,0,0,4,0,0,0,3,3,5,3,0,3,0,0,0,0,0,3,0,0,0,0,0,0,0,0,0,0,0,0,0,0,0,0,0,0,0,0,0,0,0,0,0,0,0,0,0,0,0,0,0,0,0,0,0,0,0,0,0,0,4,3,9,0,0,0,0,0,0,3,0,3,0,0,0,0,0,0,0,0,0,0,0,0,0,0,0,0,0,0,0,0,0,0,0,0,0,0,0,0,0,0,0,0,0,0,0,0,0,0
99799,0,0,0,0,0,0,0,0,0,0,0,0,0,0,0,0,0,0,0,0,0,0,0,0,0,0,0,0,0,0,0,0,0,0,0,0,0,0,0,0,0,0,0,0,0,0,0,0,0,0,0,0,0,0,0,0,0,0,0,0,0,0,0,0,0,0,0,0,0,0,0,0,0,0,0,0,0,0,0,0,0,0,0,0,0,0,0,0,0,0,0,0,0,0,0,0,0,0,0,0,0,0,0,0,0,0,0,0,0,0,0,0,0,0,0,0,0,0,0,0,0,0,0,0,0,0,0,0,0,0,0,0,0,0,0,0,0,0,0,0,0,0,0,0,0,0,0,0,0,0,0,0,0,0,0,0,0,0,0,0,0,0,0,0,0,0,0,0,0,0,0,0,0,0,0,0,0,0,0,0,0,0,0,0,0,0,0,0,0,0,0,0,0,0,0,0,0,0,0,0
