LGA_CODE_2021,Med_age_persns_C2011,Med_age_persns_C2016,Med_age_persns_C2021,Med_mortg_rep_mon_C2011,Med_mortg_rep_mon_C2016,Med_mortg_rep_mon_C2021,Med_person_inc_we_C2011,Med_person_inc_we_C2016,Med_person_inc_we_C2021,Med_rent_weekly_C2011,Med_rent_weekly_C2016,Med_rent_weekly_C2021,Med_Famly_inc_we_C2011,Med_Famly_inc_we_C2016,Med_Famly_inc_we_C2021,Avg_num_p_per_brm_C2011,Avg_num_p_per_brm_C2016,Avg_num_p_per_brm_C2021,Med_tot_hh_inc_wee_C2011,Med_tot_hh_inc_wee_C2016,Med_tot_hh_inc_wee_C2021,Average_hh_size_C2011,Average_hh_size_C2016,Average_hh_size_C2021
LGA10050,37,39,39,1452,1421,1473,558,642,779,200,235,270,1360,1532,1909,0.8,0.8,0.7,1024,1185,1430,2.4,2.3,2.3
LGA10180,36,36,37,1387,1408,1436,487,568,719,200,255,285,1246,1482,1844,0.8,0.8,0.7,973,1183,1404,2.4,2.4,2.3
LGA10250,45,48,48,1733,1733,1950,496,601,737,295,345,420,1153,1426,1848,0.8,0.8,0.8,930,1156,1429,2.4,2.3,2.4
LGA10300,41,41,43,893,950,1083,471,624,734,150,160,200,1110,1438,1781,0.8,0.8,0.8,898,1174,1370,2.5,2.5,2.5
LGA10470,36,37,38,1630,1670,1733,544,646,796,220,280,320,1435,1632,2026,0.8,0.8,0.7,1141,1310,1585,2.5,2.5,2.5
LGA10500,37,35,35,2200,2167,2468,560,681,872,365,470,500,1456,1796,2243,1,1.1,1,1267,1589,1959,2.6,2.7,2.5
LGA10550,48,51,52,1300,1343,1516,453,538,645,200,250,310,1016,1242,1501,0.8,0.8,0.8,848,986,1200,2.3,2.2,2.2
LGA10600,46,49,50,1300,1400,1517,416,515,613,235,290,340,936,1218,1479,0.8,0.8,0.8,786,997,1197,2.4,2.3,2.3
LGA10650,48,49,52,1083,1083,1207,429,524,618,150,180,210,961,1251,1460,0.7,0.7,0.7,777,967,1128,2.2,2.2,2.2
LGA10750,32,33,34,2100,2150,2383,565,672,831,300,380,400,1492,1817,2251,0.9,0.9,0.9,1388,1711,2107,3.1,3.2,3.1
LGA10800,41,43,43,1000,1000,1083,460,580,730,150,170,200,1069,1360,1811,0.8,0.7,0.7,880,1100,1326,2.4,2.4,2.3
LGA10850,40,42,43,1434,1500,1517,531,620,765,175,230,270,1368,1581,1974,0.8,0.8,0.8,1092,1227,1547,2.5,2.5,2.5
LGA10900,42,44,45,1842,1842,2035,590,688,817,280,350,400,1625,1866,2235,0.8,0.8,0.7,1270,1468,1756,2.5,2.5,2.4
LGA10950,39,40,41,1020,1083,1083,480,634,774,150,180,200,1215,1561,1931,0.8,0.8,0.8,911,1155,1444,2.5,2.4,2.4
LGA11150,35,36,37,867,991,912,598,719,862,120,150,180,1252,1562,1899,0.8,0.8,0.8,1067,1243,1559,2.6,2.5,2.5
LGA11200,33,34,36,542,433,754,369,439,553,90,90,150,787,923,1232,0.9,0.9,0.8,792,864,962,2.7,2.6,2.3
LGA11250,43,45,44,969,953,867,414,527,647,160,195,220,996,1279,1623,0.8,0.7,0.7,786,965,1173,2.2,2.2,2.2
LGA11300,35,33,34,2167,2200,2500,490,552,739,410,500,500,1440,1725,2101,1,1.1,1.1,1311,1569,1867,2.8,2.9,2.7
LGA11350,42,44,43,1650,1733,2167,477,596,764,350,410,520,1054,1389,1926,0.8,0.8,0.9,885,1149,1602,2.4,2.4,2.5
LGA11400,42,43,44,1400,1517,1625,522,631,768,160,200,250,1291,1618,1984,0.8,0.8,0.8,1039,1301,1538,2.6,2.6,2.6
LGA11450,34,33,33,2182,2220,2500,690,821,984,360,460,500,1864,2161,2487,0.8,0.8,0.8,1727,2047,2353,3,3.1,3.1
LGA11500,33,34,35,1800,1842,2100,549,632,738,260,350,380,1390,1597,1927,0.9,0.9,0.9,1250,1459,1700,2.9,3,2.9
LGA11520,37,36,39,2600,2500,3000,782,882,1107,480,575,560,2153,2361,2870,1,1,1,1818,2061,2371,2.5,2.6,2.5
LGA11570,35,35,36,2000,2000,2167,429,502,625,306,380,400,1193,1437,1786,1,1.1,1,1063,1298,1556,2.9,3,2.9
LGA11600,40,40,37,902,867,867,529,681,837,128,160,200,1149,1538,1814,0.8,0.8,0.8,942,1240,1516,2.5,2.4,2.5
LGA11650,41,42,43,1820,1750,2000,502,600,727,275,350,400,1284,1560,1954,0.8,0.8,0.8,1003,1258,1507,2.5,2.5,2.5
LGA11700,39,39,42,442,575,650,389,460,524,100,110,153,898,1075,1128,0.8,0.8,0.8,790,901,988,2.4,2.4,2.3
LGA11720,37,38,37,1517,1517,1647,472,540,696,240,285,340,1266,1414,1818,0.9,0.8,0.8,1042,1177,1493,2.6,2.6,2.6
LGA11730,46,49,49,1300,1300,1378,396,477,578,220,260,310,923,1133,1398,0.8,0.8,0.8,768,910,1123,2.4,2.3,2.3
LGA11750,35,36,37,1300,1300,1096,596,724,900,150,170,200,1605,1953,2260,0.8,0.8,0.7,1275,1522,1740,2.4,2.4,2.3
LGA11800,42,44,44,1571,1603,1733,469,566,688,260,310,375,1097,1346,1685,0.8,0.8,0.8,902,1107,1363,2.4,2.4,2.4
LGA12000,43,44,44,1127,1083,1300,447,594,693,150,190,210,1043,1418,1691,0.8,0.8,0.8,849,1169,1310,2.6,2.5,2.5
LGA12150,40,43,39,844,867,867,438,519,661,130,175,190,978,1218,1533,0.8,0.8,0.8,798,976,1231,2.4,2.4,2.4
LGA12160,45,47,49,1100,1107,1170,440,539,627,160,195,220,1068,1280,1518,0.7,0.7,0.7,811,964,1132,2.3,2.3,2.3
LGA12350,45,47,47,1100,1148,1200,412,509,606,160,190,230,998,1225,1447,0.7,0.7,0.7,782,959,1112,2.3,2.3,2.3
LGA12380,32,32,34,2000,2000,2167,433,501,654,330,400,415,1201,1436,1808,1.1,1.1,1.1,1114,1379,1678,3,3.2,3
LGA12390,37,37,36,1443,1500,1517,548,660,837,190,250,300,1265,1525,1969,0.8,0.8,0.8,1019,1272,1597,2.5,2.5,2.5
LGA12700,44,45,46,1582,1662,1820,484,578,710,200,250,300,1275,1474,1856,0.8,0.8,0.8,1012,1226,1485,2.5,2.5,2.5
LGA12730,43,45,46,1083,1083,1083,480,595,701,150,195,220,1139,1399,1709,0.7,0.7,0.7,866,1080,1240,2.3,2.3,2.2
LGA12750,50,54,54,1408,1400,1517,424,512,618,220,260,325,940,1184,1436,0.7,0.7,0.7,784,939,1167,2.3,2.2,2.2
LGA12850,36,36,39,1800,1800,2000,369,439,485,280,350,390,1065,1263,1482,1,1.1,1,1021,1222,1390,3.2,3.3,3.2
LGA12870,46,49,51,1300,1300,1300,460,559,646,180,210,250,1062,1299,1592,0.8,0.7,0.7,861,1017,1187,2.3,2.3,2.2
LGA12900,41,42,42,1127,1148,1283,460,571,718,155,190,230,1015,1326,1691,0.8,0.8,0.7,832,1069,1259,2.4,2.4,2.4
LGA12930,37,37,38,2167,2167,2474,565,640,792,370,450,450,1552,1816,2209,1,1,1,1356,1654,1991,2.8,2.9,2.8
LGA12950,44,45,46,975,1083,1083,419,537,632,135,171,200,930,1199,1384,0.8,0.7,0.7,771,998,1149,2.4,2.4,2.3
LGA13010,46,47,50,1083,1083,1083,395,478,528,160,200,220,917,1111,1324,0.8,0.7,0.7,733,838,934,2.3,2.2,2.1
LGA13310,41,42,41,1517,1517,1733,516,625,749,190,260,320,1282,1505,1939,0.8,0.8,0.7,980,1196,1466,2.4,2.4,2.4
LGA13340,43,44,44,1200,1213,1300,479,600,723,160,190,220,1174,1439,1833,0.8,0.8,0.8,943,1168,1420,2.5,2.5,2.5
LGA13450,36,37,37,1517,1495,1473,531,674,837,186,230,290,1290,1555,2006,0.8,0.8,0.8,1064,1331,1738,2.7,2.7,2.7
LGA13550,40,40,37,1300,1473,1476,485,618,780,195,250,300,1200,1586,2001,0.8,0.8,0.7,936,1253,1557,2.5,2.5,2.5
LGA13660,45,48,50,867,981,997,387,489,541,130,165,200,904,1178,1308,0.8,0.8,0.7,725,910,1029,2.3,2.3,2.3
LGA13800,36,38,39,2037,2080,2200,622,728,860,290,370,400,1597,1916,2272,0.8,0.8,0.8,1385,1668,1980,2.8,2.8,2.8
LGA13850,44,46,48,999,982,894,441,587,700,130,155,175,987,1344,1622,0.7,0.7,0.7,801,1075,1236,2.4,2.3,2.2
LGA13910,42,44,45,1200,1200,1213,438,538,657,175,215,250,1018,1261,1552,0.8,0.7,0.7,796,976,1175,2.4,2.4,2.4
LGA14000,39,40,41,2400,2400,2600,691,793,958,410,500,495,2154,2372,2825,0.9,0.9,0.9,1848,2121,2417,2.9,2.9,2.8
LGA14100,42,43,46,3110,3033,4000,821,977,1210,400,500,540,2716,3301,4116,0.9,0.9,0.8,2181,2467,2998,2.6,2.7,2.6
LGA14170,36,36,38,2540,2600,3000,811,957,1207,395,480,500,2135,2498,3155,1,1,1,1703,2048,2340,2.3,2.4,2.3
LGA14220,40,42,43,1192,1198,1210,423,501,619,175,220,260,955,1174,1445,0.8,0.8,0.8,786,946,1163,2.5,2.4,2.4
LGA14300,39,40,41,1170,1200,1257,473,600,742,160,210,260,1144,1410,1796,0.8,0.8,0.7,902,1139,1398,2.5,2.5,2.4
LGA14350,45,47,48,1300,1300,1301,386,474,550,195,250,300,902,1107,1347,0.8,0.8,0.8,749,894,1085,2.4,2.4,2.4
LGA14400,45,47,48,2000,2000,2194,563,683,827,305,400,485,1525,1820,2202,0.8,0.8,0.7,1234,1509,1834,2.5,2.5,2.5
LGA14500,41,41,42,3033,3000,3500,814,942,1117,600,650,630,2680,3046,3447,0.8,0.9,0.8,2508,2640,3038,2.9,2.9,2.9
LGA14550,45,50,52,1083,1100,1224,377,460,520,180,210,250,880,1076,1311,0.8,0.8,0.8,717,832,983,2.4,2.2,2.2
LGA14600,40,40,41,867,900,878,439,548,644,120,160,180,976,1267,1576,0.8,0.8,0.7,837,1027,1218,2.5,2.4,2.4
LGA14650,41,42,42,1733,1733,1950,520,609,759,260,330,375,1396,1610,2050,0.8,0.8,0.8,1117,1313,1623,2.5,2.5,2.5
LGA14700,37,36,37,2708,2600,2980,970,1149,1424,421,520,540,2639,2971,3619,0.9,1,1,2180,2376,2801,2.5,2.5,2.4
LGA14750,36,40,38,1300,1300,1300,479,607,745,168,200,250,1188,1456,1815,0.8,0.8,0.8,969,1190,1417,2.5,2.5,2.5
LGA14850,40,43,44,1473,1430,1517,469,550,685,230,270,310,1123,1351,1719,0.8,0.8,0.8,907,1067,1319,2.4,2.4,2.4
LGA14870,42,45,46,1430,1387,1500,450,510,632,175,233,270,1193,1328,1658,0.8,0.8,0.7,894,984,1196,2.4,2.3,2.3
LGA14900,33,33,34,2167,2123,2200,510,584,694,300,380,400,1401,1663,2001,1,1,0.9,1298,1550,1819,3.2,3.2,3.2
LGA14920,44,45,47,1127,1153,1133,432,533,620,160,198,230,988,1287,1479,0.8,0.7,0.7,801,1032,1165,2.4,2.3,2.3
LGA14950,44,46,46,993,1000,1192,452,585,639,135,166,200,1057,1408,1636,0.8,0.7,0.7,865,1114,1295,2.5,2.5,2.5
LGA15050,36,36,36,1733,1733,1829,562,644,802,260,320,370,1553,1664,2088,0.8,0.8,0.8,1291,1415,1766,2.7,2.7,2.7
LGA15240,49,52,54,1303,1324,1500,396,476,564,210,260,315,912,1108,1341,0.8,0.7,0.7,754,887,1060,2.3,2.2,2.2
LGA15270,41,42,42,1517,1690,1733,449,547,703,220,280,330,1205,1433,1966,0.8,0.8,0.8,930,1131,1486,2.4,2.4,2.4
LGA15300,35,38,38,1300,1300,1300,559,669,816,150,180,210,1256,1480,1919,0.8,0.8,0.8,1047,1240,1524,2.5,2.5,2.5
LGA15350,40,42,45,3200,3000,3870,1118,1295,1487,481,570,590,2839,3671,4502,0.9,0.9,0.9,2468,2522,2892,2.3,2.4,2.3
LGA15520,47,49,49,1300,1300,1408,446,558,653,180,220,260,1026,1333,1593,0.7,0.7,0.7,829,1061,1260,2.3,2.3,2.4
LGA15560,41,41,45,1025,900,869,488,659,782,140,155,190,1073,1461,1790,0.8,0.8,0.7,880,1197,1401,2.5,2.5,2.3
LGA15650,34,35,37,1733,1733,1517,619,640,769,240,250,300,1699,1665,2019,0.8,0.8,0.7,1401,1346,1628,2.6,2.5,2.5
LGA15700,49,51,52,1226,1300,1368,377,467,525,200,250,300,853,1080,1309,0.8,0.8,0.8,700,835,976,2.3,2.3,2.2
LGA15750,39,40,40,1300,1395,1343,520,632,778,150,210,250,1247,1531,1944,0.8,0.8,0.8,979,1242,1498,2.5,2.5,2.4
LGA15800,42,44,44,1000,1007,1000,454,575,651,140,180,200,1012,1349,1524,0.8,0.7,0.7,805,1030,1184,2.4,2.3,2.3
LGA15850,39,42,41,1083,1100,1200,492,586,717,150,200,240,1082,1358,1721,0.8,0.8,0.7,853,1078,1308,2.5,2.5,2.5
LGA15900,37,37,37,1776,1768,1987,563,660,852,280,340,400,1530,1778,2264,0.8,0.8,0.8,1165,1368,1760,2.4,2.4,2.4
LGA15950,36,37,38,2756,2600,3000,1216,1386,1593,481,580,580,2767,3210,3743,1,1,1,2205,2360,2524,2,2,2
LGA15990,39,40,41,2800,2800,3124,779,916,1109,465,575,625,2188,2528,3131,0.9,0.9,0.9,1812,2178,2592,2.6,2.7,2.7
LGA16100,41,45,47,1517,1452,1560,527,611,759,190,230,280,1266,1509,1869,0.8,0.7,0.7,993,1239,1441,2.5,2.4,2.3
LGA16150,36,37,37,1625,1629,1700,582,667,842,230,272,330,1471,1655,2133,0.8,0.8,0.7,1161,1295,1665,2.5,2.5,2.5
LGA16200,39,41,41,1300,1300,1300,456,554,700,153,200,250,1127,1412,1790,0.8,0.8,0.7,881,1088,1336,2.5,2.4,2.4
LGA16260,35,34,35,2167,2167,2383,620,722,908,360,450,450,1652,1933,2298,1,1,1,1455,1759,2051,2.7,2.8,2.6
LGA16350,34,34,35,1993,2000,2167,623,728,866,300,370,400,1582,1858,2188,0.9,0.8,0.8,1398,1658,1903,2.9,2.9,2.8
LGA16380,47,48,49,1647,1671,1733,447,540,647,250,320,375,1008,1300,1576,0.8,0.8,0.7,837,1042,1263,2.3,2.3,2.3
LGA16400,42,45,47,1733,1733,1733,498,571,671,250,310,370,1246,1431,1714,0.8,0.8,0.7,999,1180,1372,2.5,2.5,2.4
LGA16490,37,38,38,2080,2100,2167,838,933,1159,290,310,355,2076,2303,2801,0.8,0.8,0.8,1694,1882,2295,2.6,2.6,2.6
LGA16550,35,34,37,2600,2600,3033,718,834,1121,450,550,550,2066,2421,3009,1,1,1,1578,1916,2305,2.4,2.5,2.4
LGA16610,42,44,46,1300,1300,1341,407,491,609,213,250,295,956,1191,1431,0.8,0.8,0.8,789,953,1137,2.4,2.4,2.4
LGA16700,36,36,37,2310,2200,2600,635,738,967,370,460,460,1841,2106,2519,1,1,1,1466,1786,2098,2.6,2.7,2.5
LGA16900,37,39,39,1900,1846,2114,479,579,729,255,350,420,1345,1562,1977,0.8,0.8,0.8,1127,1343,1647,2.7,2.7,2.6
LGA16950,46,48,48,1500,1517,1733,426,511,634,220,280,350,984,1226,1537,0.7,0.7,0.7,822,992,1250,2.3,2.3,2.3
LGA17000,35,36,37,2000,1950,1917,641,684,819,265,290,338,1930,1981,2315,0.8,0.8,0.8,1695,1682,2016,2.7,2.7,2.7
LGA17040,41,43,43,1343,1300,1500,561,675,835,195,240,300,1279,1569,2092,0.8,0.8,0.8,981,1200,1593,2.4,2.3,2.4
LGA17080,42,45,45,1300,1300,1300,478,577,685,165,190,230,1189,1418,1683,0.8,0.8,0.8,923,1120,1306,2.4,2.3,2.4
LGA17100,33,32,33,2200,2167,2300,558,682,869,400,475,460,1596,1894,2301,1.1,1.1,1.1,1421,1781,2105,2.9,3,2.7
LGA17150,39,40,41,2400,2427,2620,718,837,1018,375,450,500,2014,2312,2758,0.9,0.9,0.9,1674,1979,2288,2.7,2.7,2.7
LGA17200,32,32,34,2518,2499,2700,888,953,1241,470,570,550,2274,2524,3057,1.1,1.2,1.1,1639,1926,2212,1.9,2,1.9
LGA17310,39,40,39,1428,1500,1517,516,633,755,210,270,300,1181,1446,1821,0.8,0.8,0.7,958,1180,1416,2.5,2.5,2.4
LGA17350,44,46,47,1083,1148,1100,418,546,656,145,180,230,978,1329,1623,0.8,0.8,0.7,782,1033,1203,2.4,2.4,2.3
LGA17400,48,53,55,1083,1079,1083,377,454,490,160,190,240,865,1015,1206,0.8,0.7,0.7,690,767,885,2.3,2.1,2.1
LGA17420,37,38,38,2600,2500,3000,737,827,1033,462,570,580,2257,2464,2990,0.8,0.8,0.8,2124,2363,2831,3.1,3.2,3.1
LGA17550,45,47,47,1733,1733,1872,442,539,658,300,340,400,1045,1332,1663,0.8,0.8,0.8,845,1064,1296,2.4,2.4,2.4
LGA17620,39,41,42,1600,1688,1560,552,630,751,195,240,270,1391,1589,1914,0.8,0.8,0.7,1071,1242,1429,2.4,2.4,2.4
LGA17640,46,48,49,1417,1400,1540,492,609,753,175,220,277,1197,1498,1906,0.7,0.7,0.7,946,1161,1465,2.4,2.4,2.4
LGA17650,42,46,47,1278,1346,1333,480,552,677,170,210,250,1138,1342,1708,0.8,0.8,0.7,934,1058,1346,2.5,2.4,2.4
LGA17750,34,35,35,1525,1517,1517,586,696,839,230,270,300,1419,1682,2060,0.8,0.8,0.7,1149,1354,1638,2.5,2.5,2.5
LGA17850,45,48,50,1040,1083,1056,457,577,690,135,175,200,1081,1329,1583,0.7,0.7,0.7,835,1054,1224,2.3,2.3,2.2
LGA17900,41,43,44,850,750,858,386,464,556,120,150,180,955,1039,1362,0.9,0.9,0.8,703,806,1001,2.3,2.3,2.2
LGA17950,42,43,45,867,899,1045,496,649,744,125,150,200,1117,1468,1743,0.7,0.7,0.7,890,1104,1321,2.4,2.4,2.4
LGA18020,45,49,50,901,923,922,379,479,559,130,173,200,867,1103,1387,0.8,0.7,0.7,692,878,1068,2.4,2.3,2.3
LGA18050,35,35,35,3000,3000,3500,973,1151,1442,500,630,670,2494,2917,3709,1,1,1,1912,2308,2854,2.3,2.4,2.3
LGA18100,47,51,52,900,910,953,384,492,575,120,150,198,879,1193,1398,0.7,0.7,0.7,720,904,1046,2.3,2.2,2.2
LGA18200,41,44,43,1192,1200,1300,474,555,717,150,175,200,1087,1308,1765,0.8,0.8,0.8,887,1052,1392,2.5,2.4,2.5
LGA18250,37,37,39,2900,2877,3299,858,946,1145,500,590,571,2478,2671,3235,1,1,1,1997,2271,2556,2.6,2.7,2.6
LGA18350,45,47,48,1842,1842,2167,548,645,794,270,350,430,1347,1639,2096,0.7,0.7,0.7,1094,1335,1673,2.5,2.4,2.4
LGA18400,36,37,37,2141,2167,2363,617,738,877,280,375,415,1661,2032,2350,0.8,0.8,0.8,1478,1871,2151,3,3,3
LGA18450,38,39,39,1950,1950,2167,489,584,754,250,330,390,1426,1710,2151,0.9,0.8,0.8,1101,1339,1682,2.5,2.6,2.5
LGA18500,38,39,41,3200,3200,3900,1146,1365,1619,550,669,695,2833,3626,4561,0.9,0.9,0.9,2395,2687,3192,2.3,2.3,2.3
LGA18710,40,42,43,2000,2000,2167,755,869,1050,250,300,350,1916,2214,2701,0.8,0.8,0.8,1621,1879,2289,2.7,2.7,2.7
LGA19399,43,41,45,816,1083,1300,562,717,900,100,150,263,1136,1427,1927,0.8,0.8,0.8,946,1270,1638,2.4,2.5,2.5
LGA19499,37,39,39,0,0,0,349,405,487,0,0,0,0,0,0,0,0,0,0,0,0,0,0,0
LGA19799,64,58,56,0,0,0,490,540,1649,0,0,0,0,0,0,0,0,0,0,0,0,0,0,0
LGA20110,48,49,49,1300,1300,1473,462,562,731,180,210,275,1074,1322,1769,0.7,0.7,0.7,830,1002,1340,2.3,2.2,2.3
LGA20260,45,46,46,1040,1022,1083,479,556,685,160,200,245,1059,1263,1651,0.8,0.7,0.7,843,991,1252,2.3,2.3,2.2
LGA20570,37,38,39,1311,1350,1477,512,590,743,205,250,297,1271,1489,1871,0.8,0.8,0.7,988,1160,1429,2.4,2.4,2.4
LGA20660,39,39,40,1900,1950,2167,618,728,915,300,350,399,1730,2033,2521,0.8,0.8,0.8,1394,1655,2027,2.6,2.6,2.5
LGA20740,46,50,51,1300,1315,1500,472,507,626,230,250,300,1070,1192,1485,0.7,0.7,0.7,856,922,1163,2.2,2.2,2.2
LGA20830,40,42,41,1404,1465,1600,511,585,726,210,260,320,1273,1462,1874,0.8,0.8,0.7,1025,1196,1495,2.5,2.5,2.5
LGA20910,42,44,45,2486,2500,3000,758,897,1098,400,461,520,2427,2765,3361,0.8,0.8,0.8,1826,2145,2487,2.6,2.6,2.5
LGA21010,46,49,51,1200,1192,1300,465,537,654,175,200,250,1070,1232,1548,0.7,0.7,0.7,830,946,1192,2.3,2.2,2.2
LGA21110,38,38,40,2400,2500,3000,772,869,1071,370,414,451,2505,2652,3186,0.9,0.9,0.9,1893,2083,2376,2.6,2.6,2.5
LGA21180,35,35,37,1600,1599,1700,429,487,611,270,300,346,1195,1358,1674,0.9,0.9,0.9,1106,1263,1506,2.9,3,2.9
LGA21270,48,51,52,716,693,734,405,473,618,110,140,158,959,1110,1468,0.7,0.7,0.7,741,839,1088,2.3,2.2,2.2
LGA21370,42,45,47,1300,1300,1300,469,561,668,180,210,250,1098,1349,1630,0.8,0.8,0.7,886,1081,1264,2.4,2.4,2.4
LGA21450,34,34,34,1733,1733,1868,592,680,831,285,320,361,1479,1700,2097,0.8,0.8,0.8,1302,1497,1874,2.8,2.8,2.8
LGA21610,33,34,34,1733,1733,1950,572,640,783,297,340,380,1450,1655,2045,0.9,0.9,0.9,1342,1554,1918,3,3.1,3.1
LGA21670,48,50,52,867,975,1018,381,452,503,160,200,235,862,1001,1260,0.8,0.7,0.7,685,775,904,2.2,2.2,2.1
LGA21750,42,45,45,1249,1300,1300,497,574,704,180,220,265,1161,1362,1721,0.8,0.8,0.7,914,1057,1277,2.4,2.3,2.3
LGA21830,43,46,48,1083,1083,1083,480,542,689,150,190,225,1147,1301,1669,0.8,0.7,0.7,911,1043,1263,2.5,2.4,2.3
LGA21890,36,36,37,1900,1950,2080,534,650,879,300,340,381,1439,1784,2369,0.9,0.9,0.9,1177,1423,1829,2.5,2.5,2.4
LGA22110,47,50,52,1257,1293,1300,436,506,603,185,230,268,990,1192,1417,0.8,0.7,0.7,798,935,1110,2.3,2.2,2.2
LGA22170,37,38,39,1647,1621,1800,568,660,805,266,310,356,1396,1649,2098,0.8,0.8,0.8,1140,1331,1653,2.5,2.5,2.5
LGA22250,47,49,51,986,977,1000,422,498,590,135,160,195,966,1188,1417,0.7,0.7,0.7,763,908,1071,2.3,2.2,2.2
LGA22310,37,37,38,2149,2143,2400,679,780,1021,340,395,436,1925,2248,2806,0.9,0.9,0.9,1445,1741,2133,2.5,2.5,2.5
LGA22410,43,47,49,1170,1083,1083,463,536,640,170,192,220,1175,1362,1599,0.8,0.7,0.7,900,1043,1214,2.3,2.3,2.2
LGA22490,39,39,39,1500,1550,1733,538,628,783,220,277,338,1386,1630,2125,0.8,0.8,0.8,1215,1448,1899,2.8,2.8,2.9
LGA22620,38,39,40,1300,1387,1417,513,604,739,205,255,295,1245,1452,1865,0.8,0.8,0.7,991,1184,1448,2.5,2.4,2.4
LGA22670,35,35,36,1517,1600,1785,396,475,618,254,300,346,1050,1260,1605,1,1,1,953,1168,1453,2.8,2.9,2.9
LGA22750,39,40,39,1517,1517,1733,517,600,769,240,285,346,1341,1576,2051,0.8,0.8,0.8,1049,1244,1592,2.4,2.4,2.4
LGA22830,38,39,39,1300,1300,1300,510,588,712,190,220,260,1207,1417,1759,0.8,0.8,0.8,980,1163,1400,2.5,2.5,2.5
LGA22910,46,50,52,1213,1300,1421,451,532,666,200,250,295,1069,1287,1697,0.8,0.8,0.7,846,996,1281,2.3,2.2,2.2
LGA22980,47,50,50,761,780,750,439,497,644,130,150,180,987,1217,1569,0.8,0.7,0.7,786,907,1159,2.3,2.2,2.2
LGA23110,38,38,39,1788,1900,2167,582,704,913,284,330,380,1567,1921,2453,0.9,0.9,0.8,1286,1567,1972,2.6,2.6,2.5
LGA23190,40,42,41,1192,1200,1200,530,617,772,170,200,240,1206,1408,1850,0.8,0.7,0.7,946,1110,1381,2.4,2.3,2.3
LGA23270,33,33,33,1706,1650,1806,477,529,665,288,321,369,1309,1473,1852,0.9,0.9,0.9,1214,1379,1703,3.1,3.1,3.1
LGA23350,44,46,47,1387,1400,1517,540,641,777,190,225,275,1327,1540,1954,0.8,0.8,0.7,1063,1265,1511,2.5,2.4,2.4
LGA23430,39,40,41,1950,1993,2167,598,704,878,300,360,402,1625,1938,2406,0.8,0.9,0.8,1292,1537,1914,2.5,2.5,2.5
LGA23670,38,39,40,1733,1733,2000,598,664,797,305,356,400,1610,1820,2194,0.8,0.8,0.8,1401,1561,1884,2.8,2.7,2.7
LGA23810,39,41,42,1200,1200,1213,468,544,654,165,200,236,1237,1415,1679,0.8,0.8,0.7,943,1078,1260,2.4,2.3,2.3
LGA23940,50,51,52,758,809,867,378,467,554,115,150,170,881,1116,1394,0.8,0.8,0.8,688,826,1039,2.2,2.2,2.2
LGA24130,41,42,43,1733,1733,2000,593,702,865,250,320,390,1659,1932,2403,0.8,0.8,0.8,1397,1638,2059,2.7,2.7,2.7
LGA24210,42,43,43,2000,2050,2400,572,629,756,369,420,462,1713,1895,2252,0.8,0.8,0.8,1467,1642,1920,2.8,2.8,2.7
LGA24250,45,48,49,1300,1352,1500,487,580,716,190,260,320,1140,1338,1705,0.7,0.7,0.7,890,1062,1325,2.3,2.3,2.3
LGA24330,34,33,35,2000,2000,2100,577,703,965,280,331,376,1525,1913,2494,1,1,0.9,1258,1551,1998,2.5,2.5,2.4
LGA24410,38,38,39,1733,1800,2000,611,696,851,290,341,385,1615,1895,2306,0.8,0.8,0.8,1308,1544,1867,2.6,2.6,2.6
LGA24600,28,28,30,2167,2000,1963,711,642,959,400,450,396,1962,2062,2368,1.1,1.1,1,1352,1354,1678,2,2,1.8
LGA24650,32,33,33,1733,1704,1800,610,658,786,270,301,360,1486,1683,2051,0.9,0.9,0.8,1363,1542,1887,3,3,3.1
LGA24780,39,40,40,1262,1200,1283,463,555,694,175,220,265,1093,1340,1700,0.8,0.8,0.8,879,1064,1341,2.5,2.4,2.4
LGA24850,37,37,36,1588,1582,1733,547,648,789,210,270,328,1368,1620,2012,0.8,0.8,0.8,1170,1391,1719,2.7,2.7,2.7
LGA24900,44,47,48,1200,1235,1300,437,524,629,170,200,250,1000,1283,1505,0.8,0.8,0.7,827,1014,1192,2.4,2.4,2.3
LGA24970,38,37,38,2000,2000,2383,520,569,754,350,396,436,1549,1809,2223,0.8,0.9,0.8,1321,1512,1901,2.7,2.7,2.7
LGA25060,38,38,39,2000,2000,2188,628,744,954,300,350,386,1777,2098,2625,0.9,0.9,0.9,1376,1635,2011,2.5,2.5,2.4
LGA25150,39,40,39,1517,1559,1733,540,635,802,210,265,330,1410,1670,2127,0.8,0.8,0.8,1184,1391,1785,2.7,2.7,2.6
LGA25250,35,34,35,1950,1950,2034,551,680,921,312,360,400,1452,1843,2403,0.9,0.9,0.9,1215,1503,1943,2.5,2.5,2.4
LGA25340,43,46,48,1733,1733,1989,538,630,761,265,320,380,1351,1621,2054,0.8,0.8,0.7,1054,1276,1555,2.4,2.4,2.4
LGA25430,47,49,51,1200,1300,1432,460,550,674,200,260,300,1077,1311,1702,0.8,0.8,0.7,837,1002,1252,2.3,2.2,2.2
LGA25490,41,43,45,1300,1300,1452,531,620,767,180,210,250,1274,1486,1916,0.8,0.8,0.7,1043,1225,1530,2.6,2.5,2.5
LGA25620,45,48,50,1400,1400,1517,473,553,673,180,230,270,1158,1388,1713,0.8,0.8,0.7,918,1071,1287,2.4,2.3,2.3
LGA25710,39,41,42,1950,2000,2200,699,784,962,323,380,440,2071,2307,2772,0.9,0.8,0.8,1871,2098,2476,3,3,2.9
LGA25810,45,48,49,910,953,975,447,513,653,145,175,200,1054,1257,1496,0.8,0.7,0.7,818,931,1124,2.3,2.2,2.2
LGA25900,35,36,38,2200,2167,2169,985,1087,1289,366,400,420,2371,2559,3052,1,1,0.9,1672,1842,2069,2,2,1.9
LGA25990,48,50,50,953,1066,1083,388,472,579,140,190,210,909,1148,1419,0.8,0.7,0.7,729,876,1101,2.3,2.3,2.2
LGA26080,55,60,62,1500,1623,2025,576,671,834,250,300,370,1403,1571,1960,0.7,0.7,0.6,1017,1173,1509,2.1,2.1,2
LGA26170,44,47,49,1300,1300,1408,481,537,655,190,225,260,1148,1320,1651,0.8,0.7,0.7,920,1039,1266,2.4,2.4,2.3
LGA26260,43,46,47,1083,1082,1083,503,576,699,150,190,220,1192,1370,1684,0.7,0.7,0.7,908,1043,1261,2.3,2.3,2.2
LGA26350,35,35,37,2400,2200,2500,902,1042,1294,360,400,421,2464,2680,3299,0.9,1,0.9,1722,1944,2210,2.2,2.2,2.1
LGA26430,50,52,53,1100,1170,1300,457,546,653,168,200,260,1024,1293,1580,0.8,0.7,0.7,841,962,1188,2.2,2.2,2.2
LGA26490,40,42,42,1800,1842,2145,601,722,941,300,375,461,1515,1876,2441,0.8,0.8,0.8,1276,1571,2088,2.6,2.6,2.6
LGA26610,39,40,39,1142,1130,1157,480,580,715,165,196,225,1088,1358,1721,0.8,0.8,0.8,885,1094,1379,2.5,2.4,2.5
LGA26670,47,50,52,1083,1083,1200,458,535,689,150,170,210,1052,1340,1658,0.7,0.7,0.7,852,1043,1282,2.3,2.2,2.2
LGA26700,43,45,45,1300,1300,1350,498,595,727,180,220,260,1170,1386,1771,0.8,0.7,0.7,912,1085,1326,2.4,2.3,2.3
LGA26730,38,40,42,1495,1430,1430,532,618,759,230,250,295,1297,1503,1891,0.8,0.8,0.7,1026,1182,1420,2.4,2.4,2.3
LGA26810,41,43,44,1213,1300,1300,479,562,658,180,220,260,1169,1409,1661,0.8,0.7,0.7,906,1101,1272,2.4,2.3,2.3
LGA26890,46,48,51,650,657,739,485,555,702,100,115,140,1042,1302,1651,0.7,0.7,0.7,816,987,1207,2.3,2.2,2.2
LGA26980,39,38,39,1960,2000,2231,561,619,778,326,380,411,1682,1916,2300,0.8,0.9,0.8,1317,1507,1841,2.6,2.6,2.6
LGA27070,34,34,35,1859,1798,1900,519,591,737,301,331,371,1375,1569,1970,0.9,0.9,0.8,1275,1444,1768,3,3,2.9
LGA27170,35,36,38,1488,1430,1479,577,674,805,210,250,290,1316,1550,1938,0.8,0.8,0.7,1075,1273,1498,2.5,2.5,2.4
LGA27260,32,32,32,1800,1733,1930,635,685,839,280,321,370,1556,1714,2129,0.8,0.9,0.8,1424,1620,2023,2.9,3.1,3.1
LGA27350,33,33,34,2258,2167,2321,866,1039,1324,375,430,451,2199,2509,3138,1,1,1,1682,1958,2270,2.2,2.1,2
LGA27450,38,40,40,1647,1733,1950,579,667,808,275,330,380,1491,1770,2203,0.8,0.8,0.8,1282,1501,1881,2.7,2.7,2.7
LGA27630,48,50,52,650,665,672,426,491,625,120,150,166,991,1179,1491,0.7,0.7,0.7,769,885,1102,2.3,2.2,2.1
LGA29399,30,31,30,1727,775,1300,710,741,843,743,300,385,1125,1430,1766,0.9,1,1,958,1087,1382,2,2,2.2
LGA29499,32,34,37,0,0,0,352,398,464,0,0,0,0,0,0,0,0,0,0,0,0,0,0,0
LGA29799,48,49,50,0,0,0,1949,9954,2200,0,0,0,0,0,0,0,0,0,0,0,0,0,0,0
LGA30250,25,28,29,0,1517,0,259,260,331,80,100,125,638,678,785,1.6,1.4,1.2,1129,992,1069,5,4.2,3.9
LGA30300,36,40,40,1200,1161,1169,569,662,780,150,200,200,1202,1485,1704,0.8,0.8,0.8,1021,1230,1358,2.6,2.5,2.4
LGA30370,35,37,38,1547,1517,1300,630,714,856,180,220,240,1643,1895,2138,0.8,0.8,0.8,1395,1575,1766,2.6,2.6,2.5
LGA30410,39,42,43,867,1040,1083,569,684,858,100,140,163,1252,1514,1962,0.8,0.8,0.7,1026,1149,1418,2.4,2.3,2.3
LGA30450,42,46,38,552,338,2000,664,774,991,80,90,100,1267,1687,2374,0.7,0.8,0.8,992,1187,1875,2.3,2.1,2.3
LGA30760,41,47,48,927,850,867,503,548,729,126,142,157,1152,1266,1557,0.8,0.7,0.8,878,978,1254,2.3,2.2,2.3
LGA30900,30,34,33,603,867,1020,568,753,1006,100,145,125,1208,1553,1875,1,0.9,1,1059,1271,1490,2.7,2.4,2.5
LGA31000,34,35,36,2100,2000,2019,696,770,947,350,395,408,1873,2091,2474,0.8,0.8,0.8,1547,1746,2068,2.6,2.6,2.5
LGA31750,32,40,36,650,715,696,713,883,960,115,140,153,1375,1430,1968,0.8,0.8,0.9,1109,1359,1625,2.5,2.2,2.5
LGA31820,43,45,47,1365,1322,1300,423,490,594,235,265,285,980,1185,1427,0.8,0.8,0.8,833,973,1157,2.4,2.4,2.4
LGA31900,41,44,45,1300,1300,1220,541,617,723,190,220,222,1285,1489,1804,0.8,0.8,0.8,1010,1177,1345,2.5,2.4,2.3
LGA31950,36,38,35,867,650,477,855,742,884,115,150,150,1388,1458,2125,1.1,1.1,1,1176,1047,1312,2.5,2.5,2.3
LGA32080,36,37,39,1733,1665,1588,624,693,809,260,300,340,1405,1605,1950,0.8,0.8,0.8,1158,1336,1578,2.5,2.5,2.5
LGA32250,37,38,36,999,999,1128,589,677,770,137,165,173,1276,1544,1704,1.1,1.1,1.1,1007,1347,1469,2.6,2.6,2.5
LGA32260,42,44,46,1326,1300,1300,503,567,647,200,235,250,1144,1305,1475,0.9,0.8,0.8,932,1068,1204,2.5,2.4,2.3
LGA32270,31,33,34,2015,1842,1500,831,843,1011,180,200,250,2317,2106,2443,0.9,0.8,0.8,1996,1823,2095,2.8,2.7,2.6
LGA32310,38,40,42,1365,1300,1300,487,522,669,190,210,220,1226,1323,1734,0.9,0.8,0.8,981,1047,1307,2.5,2.4,2.4
LGA32330,21,21,23,0,0,0,281,315,375,75,100,100,687,766,803,1.3,1.2,1,790,775,793,4.3,4,3.4
LGA32450,33,34,34,1517,1510,1200,882,1022,1190,140,187,220,1826,2140,2321,0.9,0.9,0.8,1502,1646,1879,2.7,2.5,2.5
LGA32500,38,41,42,1092,1253,1300,496,579,669,178,200,200,1066,1339,1494,1,1,1,828,1034,1159,2.3,2.3,2.3
LGA32600,33,40,35,1188,0,0,483,579,819,120,135,148,1104,1274,1937,1.1,0.9,1,977,1100,1375,2.8,2.6,2.7
LGA32750,34,30,39,618,1500,953,700,754,1074,116,157,140,1375,2041,2187,0.8,0.9,0.9,979,1767,1792,2.1,2.5,2.1
LGA32770,22,21,25,303,0,737,282,298,354,110,120,120,689,745,882,1.7,1.6,1.5,1113,1082,1223,5,4.5,4.2
LGA32810,40,43,46,1647,1560,1517,585,676,736,250,290,310,1257,1460,1682,0.9,0.9,0.8,985,1169,1310,2.3,2.3,2.3
LGA33100,43,45,46,685,664,758,482,521,744,100,139,160,938,1192,1441,1,0.9,1,733,865,1145,2.3,2.2,2.2
LGA33200,41,44,42,716,780,758,545,600,821,105,140,160,1201,1331,1743,0.8,0.8,0.8,930,1109,1343,2.4,2.3,2.3
LGA33220,44,48,51,1400,1300,1300,396,468,533,240,270,300,912,1090,1293,0.8,0.8,0.7,780,906,1062,2.4,2.3,2.3
LGA33360,35,35,38,2000,1950,1600,689,678,758,306,250,275,1941,1918,2048,0.8,0.8,0.8,1723,1586,1639,2.7,2.6,2.5
LGA33430,37,38,39,2061,1950,1950,571,666,787,355,395,450,1379,1657,2010,0.8,0.8,0.8,1174,1404,1691,2.5,2.6,2.5
LGA33610,38,40,40,1300,1300,1300,565,653,754,170,220,250,1239,1461,1735,0.8,0.8,0.8,1024,1212,1394,2.5,2.4,2.5
LGA33620,43,46,48,1343,1300,1327,413,479,554,225,250,290,947,1132,1359,0.8,0.8,0.8,805,939,1115,2.4,2.4,2.4
LGA33800,46,50,51,1249,1300,1170,479,538,644,165,200,200,1196,1349,1555,0.8,0.8,0.7,916,1041,1158,2.4,2.3,2.2
LGA33830,25,26,28,0,1302,975,295,327,386,98,109,120,775,780,874,1.3,1.2,1.1,887,796,836,3.9,3.3,3.1
LGA33960,32,32,33,1733,1600,1600,592,667,795,280,310,330,1398,1581,1936,0.8,0.8,0.8,1234,1410,1668,2.8,2.8,2.8
LGA33980,31,32,34,1900,1521,1213,1052,1030,1314,68,100,113,2666,2365,2910,0.9,0.8,0.8,2582,2138,2420,2.9,2.7,2.6
LGA34420,28,29,29,0,0,0,285,342,341,45,70,115,764,841,858,1.4,1.2,1.3,1095,944,1132,4.1,3.4,3.7
LGA34530,41,42,43,1900,1875,1733,566,618,765,280,300,350,1432,1597,2008,0.8,0.8,0.8,1182,1300,1625,2.6,2.5,2.5
LGA34570,25,26,27,0,0,0,307,341,420,120,115,125,1008,810,959,1.2,1.3,1.2,1154,900,1066,3.8,3.8,3.4
LGA34580,37,39,39,1517,1517,1500,462,535,665,250,285,300,1163,1376,1684,0.8,0.8,0.8,1003,1198,1457,2.7,2.7,2.7
LGA34590,33,34,34,1800,1733,1733,576,635,736,305,340,350,1381,1546,1825,0.8,0.8,0.8,1264,1416,1616,2.9,2.9,2.9
LGA34710,34,40,40,1300,1300,1083,670,726,938,160,200,200,1432,1609,2094,0.8,0.7,0.7,1172,1276,1561,2.5,2.3,2.3
LGA34770,36,37,38,2156,1950,1733,704,698,866,320,280,340,1820,1774,2215,0.9,0.8,0.8,1578,1456,1853,2.7,2.5,2.6
LGA34800,34,39,36,959,669,550,839,834,1074,128,133,130,1448,1537,2297,0.8,0.8,0.8,1158,1135,1733,2.4,2.4,2.5
LGA34830,32,27,27,0,0,0,305,365,365,53,124,120,745,1015,924,1.1,1,1.2,927,962,1010,3.2,3.4,3.6
LGA34860,36,36,38,1408,1400,1300,645,741,875,192,230,220,1441,1688,2042,0.8,0.8,0.7,1213,1369,1588,2.6,2.5,2.5
LGA34880,41,43,43,1500,1517,1517,460,541,655,190,245,275,1086,1274,1596,0.9,0.9,0.9,896,1045,1269,2.5,2.5,2.5
LGA35010,37,38,39,1928,1781,1777,581,652,761,301,340,360,1451,1638,1957,0.8,0.8,0.8,1258,1413,1648,2.7,2.7,2.6
LGA35250,26,27,29,0,1647,0,286,352,285,70,120,104,697,762,624,1.4,1.3,1.2,978,979,855,3.9,3.7,3.5
LGA35300,30,31,31,2000,1885,1536,952,997,1155,270,280,270,2394,2382,2647,1,0.9,0.9,2062,2132,2231,2.7,2.6,2.6
LGA35600,37,39,43,1059,997,867,568,672,798,150,171,170,1256,1490,1766,0.8,0.8,0.7,984,1115,1294,2.5,2.4,2.2
LGA35670,23,25,27,0,2045,0,260,280,342,89,120,121,691,776,924,1.3,1.2,1.3,806,826,788,4.1,3.7,3.7
LGA35740,46,48,50,1733,1733,1900,506,595,722,330,385,470,1148,1403,1800,0.8,0.8,0.8,947,1184,1467,2.4,2.4,2.4
LGA35760,44,46,49,1018,1083,1000,440,501,555,135,176,200,948,1159,1317,0.8,0.8,0.8,788,917,1021,2.3,2.3,2.2
LGA35780,22,22,23,1409,98,1300,436,468,604,60,120,120,923,1064,1287,1.3,1.3,1.3,975,1158,1331,3.6,3.7,3.5
LGA35790,24,24,26,0,0,2167,290,303,380,110,120,125,936,927,898,1.6,1.5,1.2,1184,1119,977,4.8,4.3,3.7
LGA35800,39,46,44,550,498,679,501,529,529,90,108,125,1153,1235,1268,0.8,0.8,0.8,877,874,920,2.3,2.2,2.2
LGA36070,33,31,34,0,867,0,317,337,351,85,90,120,836,747,947,1.2,1,1.2,1044,771,1071,3.6,3.1,3.4
LGA36150,40,41,42,579,723,850,589,692,823,105,133,140,1093,1449,1968,0.8,0.8,0.8,935,1065,1312,2.3,2.3,2.4
LGA36250,39,41,43,2000,1950,1950,608,686,786,350,390,420,1604,1815,2131,0.8,0.8,0.7,1365,1521,1767,2.7,2.6,2.6
LGA36300,38,35,37,697,710,800,572,655,918,101,130,133,1131,1402,1929,0.8,0.8,0.8,971,1183,1757,2.4,2.3,2.6
LGA36370,35,36,37,1600,1517,1400,583,626,758,246,270,280,1436,1539,1888,0.8,0.8,0.8,1160,1255,1477,2.5,2.5,2.5
LGA36510,42,44,46,1733,1670,1733,493,569,661,265,300,315,1212,1417,1706,0.8,0.8,0.8,1013,1222,1410,2.6,2.6,2.6
LGA36580,41,43,45,1500,1500,1500,445,512,620,250,280,300,1068,1256,1517,0.8,0.8,0.8,928,1089,1312,2.6,2.6,2.6
LGA36630,42,45,48,1200,1159,1083,397,478,542,200,220,245,951,1143,1337,0.8,0.8,0.8,789,925,1045,2.4,2.4,2.3
LGA36660,42,45,48,1300,1300,1300,448,506,590,200,235,255,998,1207,1396,0.8,0.8,0.7,838,973,1108,2.4,2.4,2.3
LGA36720,41,43,43,1900,1800,1915,522,615,755,330,375,440,1232,1491,1920,0.8,0.8,0.8,1027,1275,1595,2.5,2.5,2.5
LGA36820,44,47,49,1387,1352,1352,445,517,625,202,250,260,1015,1218,1478,0.8,0.8,0.8,819,977,1167,2.4,2.4,2.3
LGA36910,37,38,39,1517,1517,1517,549,642,743,230,280,300,1308,1547,1847,0.8,0.8,0.8,1061,1269,1461,2.5,2.5,2.5
LGA36950,28,28,30,1200,1705,1791,684,740,877,141,195,200,1588,1919,1951,1.2,1.2,1.2,1570,1837,2006,3.3,3.2,3.1
LGA36960,23,24,27,0,0,0,313,373,411,60,120,130,793,856,923,1.1,1.1,1,855,929,976,3.7,3.7,3.5
LGA37010,33,34,36,1863,1733,1517,675,703,864,290,300,305,1626,1705,2082,0.8,0.8,0.8,1381,1424,1701,2.6,2.6,2.5
LGA37300,30,31,30,2000,2200,2063,1236,1320,1558,269,500,500,2641,2777,3283,1,1,1,2492,2484,2978,2.8,2.9,2.9
LGA37310,37,37,38,1300,1400,1300,542,621,716,220,220,240,1295,1467,1713,0.8,0.8,0.8,1068,1209,1374,2.6,2.5,2.5
LGA37340,38,38,40,1755,1733,1612,621,685,795,275,280,300,1405,1481,1856,0.9,0.8,0.8,1163,1228,1472,2.4,2.4,2.4
LGA37400,43,46,45,884,1000,863,544,655,882,110,128,150,1081,1413,2048,0.8,0.8,0.8,862,1067,1316,2.3,2.1,2.1
LGA37550,21,23,23,0,0,0,284,319,361,105,120,120,697,716,707,1.4,1.2,1.2,747,740,684,3.8,3.4,3.3
LGA37570,29,30,29,0,0,0,262,294,332,80,100,70,687,682,833,1.2,1.2,1.2,966,811,840,3.5,3.4,3.2
LGA37600,22,23,25,0,780,1392,274,288,337,120,134,150,740,869,911,1.6,1.5,1.5,1002,1129,1254,4.8,4.7,4.5
LGA39499,44,45,43,0,0,0,379,407,471,0,0,0,0,0,0,0,0,0,0,0,0,0,0,0
LGA39799,47,56,39,0,0,0,660,606,1196,0,0,0,0,0,2750,0,0,1,0,0,1749,0,0,1.5
LGA40070,30,30,32,1895,1733,1733,562,553,780,325,380,400,1875,2026,2220,0.9,0.9,0.9,1145,1266,1473,1.9,1.9,1.8
LGA40120,42,44,44,1733,1733,1860,664,741,892,270,320,350,1795,2026,2416,0.8,0.8,0.8,1509,1701,2067,2.7,2.7,2.7
LGA40150,40,42,40,1381,1430,1517,527,606,753,200,250,295,1319,1498,1937,0.8,0.8,0.8,1160,1332,1685,2.7,2.7,2.7
LGA40220,47,51,53,1387,1343,1400,454,522,606,220,260,280,1020,1226,1428,0.8,0.7,0.7,861,992,1143,2.3,2.3,2.3
LGA40250,26,28,28,0,0,0,277,283,324,40,75,85,687,734,739,1.4,1.3,1.4,1132,1150,1266,3.8,3.8,4
LGA40310,41,44,45,1473,1473,1458,566,646,749,220,260,295,1392,1596,1910,0.8,0.8,0.7,1124,1272,1480,2.5,2.5,2.4
LGA40430,50,55,57,867,875,1042,403,487,525,150,180,208,911,1166,1320,0.7,0.7,0.7,717,839,975,2.2,2.1,2.1
LGA40520,42,45,46,1083,1083,1083,447,533,637,150,180,210,1004,1252,1485,0.8,0.8,0.7,801,976,1169,2.3,2.3,2.3
LGA40700,44,44,44,2000,2000,2300,715,807,970,295,330,360,2124,2320,2686,0.8,0.8,0.8,1472,1716,2069,2.4,2.5,2.5
LGA40910,41,41,40,1600,1690,1733,517,588,758,265,300,345,1366,1607,2058,0.8,0.8,0.8,1070,1249,1590,2.5,2.5,2.5
LGA41010,38,39,40,1237,1300,1247,586,696,764,143,199,200,1324,1503,1794,0.8,0.8,0.8,1055,1254,1381,2.5,2.4,2.4
LGA41060,41,41,41,1690,1700,1733,525,614,786,240,290,325,1345,1607,2072,0.8,0.8,0.8,1019,1231,1563,2.3,2.4,2.4
LGA41140,43,47,48,1200,1300,1207,523,605,705,180,220,240,1189,1395,1658,0.8,0.7,0.7,946,1129,1311,2.4,2.3,2.3
LGA41190,43,44,46,758,867,877,538,630,664,120,160,165,1148,1384,1391,0.7,0.7,0.7,938,1091,1110,2.3,2.3,2.3
LGA41330,45,46,50,600,556,630,428,497,498,120,150,163,1030,1329,1380,0.8,0.8,0.8,719,844,764,2,2,1.8
LGA41560,47,50,54,1083,1161,1177,398,477,551,190,230,250,924,1128,1300,0.7,0.7,0.7,749,878,997,2.2,2.2,2.2
LGA41750,43,46,44,867,800,953,497,529,682,116,128,150,977,1189,1480,0.8,0.8,0.8,802,924,1135,2.3,2.2,2.3
LGA41830,45,50,53,1040,900,873,485,549,634,133,163,175,1162,1283,1489,0.8,0.7,0.7,871,951,1045,2.3,2.1,2.1
LGA41960,44,49,52,1192,1200,1040,446,536,668,188,200,200,1092,1283,1463,0.8,0.7,0.7,840,1041,1194,2.3,2.3,2.2
LGA42030,40,41,41,1408,1400,1350,516,576,701,225,260,285,1248,1422,1728,0.8,0.8,0.7,960,1112,1324,2.4,2.4,2.3
LGA42110,46,48,51,867,867,867,412,481,497,145,170,190,943,1184,1283,0.8,0.8,0.7,760,891,916,2.3,2.3,2.2
LGA42250,41,44,45,1300,1300,1400,576,665,811,160,180,200,1367,1658,2039,0.8,0.8,0.8,1176,1383,1747,2.7,2.6,2.6
LGA42600,45,46,48,1800,1772,1950,646,748,885,275,305,340,1726,1973,2331,0.8,0.8,0.8,1159,1358,1604,2.1,2.2,2.2
LGA42750,46,49,50,1127,1083,1023,490,553,672,170,180,208,1060,1213,1501,0.8,0.8,0.8,837,947,1128,2.2,2.2,2.2
LGA43080,46,48,50,754,650,542,389,461,477,120,128,160,905,1181,1287,0.8,0.8,0.7,747,871,912,2.4,2.4,2.2
LGA43220,43,40,42,650,823,860,570,684,744,100,130,150,1338,1453,1625,0.8,0.7,0.7,1031,1233,1282,2.3,2.4,2.4
LGA43360,47,50,53,1083,1058,1170,483,575,676,155,178,200,977,1232,1497,0.7,0.7,0.7,822,978,1184,2.2,2.2,2.1
LGA43650,38,39,40,1473,1452,1500,571,669,770,210,250,280,1461,1715,2046,0.8,0.8,0.8,1276,1471,1781,2.8,2.8,2.8
LGA43710,40,43,44,1249,1342,1300,527,672,809,150,200,240,1235,1490,1905,0.8,0.8,0.8,1046,1276,1557,2.6,2.5,2.5
LGA43790,43,46,48,1083,1040,1083,457,552,660,140,180,204,1069,1286,1488,0.8,0.8,0.7,828,1005,1169,2.4,2.3,2.3
LGA44000,38,35,44,0,0,0,270,1375,343,50,0,50,500,3374,725,1.3,1.5,1.3,700,3374,1312,2.5,3.4,2.3
LGA44060,39,39,39,1618,1625,1699,552,628,776,245,300,330,1421,1625,2038,0.8,0.8,0.8,1065,1263,1557,2.3,2.4,2.4
LGA44210,48,51,54,1062,1000,1083,402,473,512,155,185,201,928,1096,1253,0.8,0.7,0.7,755,839,918,2.2,2.1,2.1
LGA44340,41,42,42,1760,1842,1981,637,715,891,270,300,335,1817,2071,2518,0.8,0.8,0.8,1386,1604,1996,2.5,2.6,2.6
LGA44550,38,39,39,1625,1616,1602,598,677,828,270,310,350,1501,1729,2114,0.8,0.8,0.8,1254,1435,1753,2.6,2.6,2.6
LGA44620,38,40,41,1248,1172,1127,504,589,702,160,195,220,1174,1388,1684,0.8,0.8,0.7,899,1052,1232,2.3,2.3,2.3
LGA44830,49,53,55,910,890,919,425,497,600,130,150,180,985,1217,1406,0.8,0.7,0.7,796,940,1119,2.3,2.2,2.2
LGA45040,40,41,43,1200,1183,1127,453,526,603,185,220,240,1026,1215,1398,0.8,0.8,0.7,838,973,1109,2.4,2.4,2.3
LGA45090,40,41,41,1083,1083,1083,576,655,786,160,195,220,1244,1424,1797,0.8,0.8,0.8,1016,1203,1435,2.4,2.4,2.4
LGA45120,46,48,49,867,867,806,461,540,640,140,170,192,1073,1304,1506,0.8,0.7,0.7,848,1049,1147,2.3,2.3,2.2
LGA45290,39,40,41,1806,1800,2000,601,681,878,260,300,340,1678,1920,2338,0.8,0.8,0.8,1133,1307,1664,2.2,2.2,2.2
LGA45340,38,40,41,1465,1447,1449,542,593,710,250,290,312,1311,1448,1778,0.8,0.8,0.7,1080,1194,1410,2.5,2.5,2.4
LGA45400,49,52,52,780,820,650,430,513,606,120,138,150,1085,1326,1437,0.7,0.7,0.7,872,1003,1077,2.2,2.2,2.2
LGA45540,50,54,54,514,563,585,356,426,459,125,148,158,747,890,992,0.7,0.7,0.6,565,700,717,2,2,1.9
LGA45680,32,32,33,1300,1300,1300,455,498,632,200,248,266,1063,1212,1488,0.8,0.8,0.8,897,1015,1263,2.6,2.6,2.6
LGA45890,37,37,37,1593,1560,1600,484,551,717,222,270,300,1221,1428,1878,0.8,0.8,0.8,951,1141,1466,2.4,2.4,2.4
LGA46090,38,39,38,1213,1213,1153,541,604,699,155,180,200,1251,1370,1653,0.8,0.8,0.7,987,1103,1275,2.4,2.3,2.3
LGA46300,38,40,41,1322,1300,1300,524,603,717,180,220,240,1208,1398,1667,0.8,0.8,0.7,924,1081,1243,2.4,2.3,2.3
LGA46450,41,44,44,1018,1001,953,403,481,570,150,175,185,1008,1229,1459,0.8,0.7,0.7,772,901,1063,2.3,2.3,2.2
LGA46510,37,37,37,1775,1863,1947,660,757,964,260,300,331,1822,2099,2488,0.9,0.9,0.9,1339,1576,2005,2.4,2.5,2.5
LGA46670,40,44,44,1083,1083,1083,462,550,674,150,180,200,1049,1256,1538,0.8,0.8,0.8,845,1016,1226,2.4,2.3,2.3
LGA46860,44,50,52,1229,1235,1200,543,634,736,180,210,250,1161,1406,1694,0.7,0.7,0.7,874,1055,1220,2.2,2.1,2.2
LGA46970,29,30,31,2350,2000,1517,1463,1547,1787,205,200,260,2844,2760,3467,0.9,0.8,0.8,2753,2477,3140,2.9,2.8,2.7
LGA47140,35,35,36,1408,1357,1300,502,530,643,240,280,300,1192,1320,1586,0.8,0.8,0.8,1021,1141,1356,2.6,2.6,2.6
LGA47290,43,46,45,672,650,672,478,604,757,110,150,160,1077,1430,1740,0.8,0.7,0.7,852,1155,1312,2.3,2.3,2.2
LGA47490,43,45,47,1200,1083,1083,465,594,652,155,189,240,1064,1370,1433,0.8,0.8,0.8,827,1069,1109,2.4,2.3,2.3
LGA47630,39,42,41,1000,975,867,529,652,817,150,170,200,1152,1409,1829,0.8,0.7,0.7,942,1165,1470,2.5,2.4,2.4
LGA47700,40,41,41,1517,1517,1517,591,655,778,261,300,330,1493,1676,2023,0.8,0.8,0.8,1245,1383,1635,2.6,2.5,2.5
LGA47800,44,46,48,867,867,880,427,499,604,127,150,190,963,1164,1370,0.8,0.7,0.7,783,929,1084,2.4,2.3,2.2
LGA47910,48,50,52,1192,1170,1138,457,570,657,160,182,210,1032,1296,1554,0.8,0.7,0.7,773,966,1139,2.2,2.2,2.2
LGA47980,39,41,43,1950,2000,2167,722,791,983,280,320,350,2061,2289,2697,0.9,0.9,0.8,1428,1636,1999,2.3,2.4,2.3
LGA48050,56,58,60,1300,1300,1300,409,481,545,220,260,290,905,1065,1255,0.7,0.7,0.7,751,835,980,2.1,2.1,2.1
LGA48130,42,44,45,975,917,918,460,549,627,160,200,220,1050,1289,1463,0.8,0.8,0.7,844,1045,1138,2.4,2.4,2.4
LGA48260,44,44,45,2000,2000,2167,702,796,1001,279,340,380,2122,2326,2762,0.8,0.8,0.8,1454,1703,2052,2.3,2.4,2.3
LGA48340,42,46,48,992,953,953,471,547,636,135,160,180,1130,1326,1550,0.7,0.7,0.7,881,1023,1180,2.4,2.3,2.3
LGA48410,38,38,38,1690,1700,1733,546,614,796,250,285,310,1360,1612,2112,0.8,0.9,0.8,1014,1221,1587,2.3,2.3,2.3
LGA48540,38,40,41,1289,1235,1083,472,497,641,150,180,180,1277,1388,1676,0.7,0.7,0.7,935,988,1188,2.3,2.2,2.2
LGA48640,38,42,43,697,800,780,535,672,810,103,150,150,1239,1492,1895,0.7,0.7,0.7,961,1162,1379,2.4,2.3,2.4
LGA48750,51,54,56,1200,1257,1300,438,496,567,200,250,275,948,1189,1353,0.7,0.7,0.7,779,923,1052,2.2,2.2,2.2
LGA48830,52,55,57,1000,1000,997,394,483,544,150,195,200,888,1124,1318,0.7,0.7,0.7,718,847,960,2.2,2.1,2.1
LGA49399,39,43,42,724,640,625,743,774,773,50,75,90,1358,1280,1417,0.9,0.8,0.8,1092,959,1105,2.3,2.1,2.1
LGA49499,39,40,39,0,0,0,369,370,437,0,0,0,0,0,0,0,0,0,0,0,0,0,0,0
LGA49799,31,45,48,0,0,0,1125,1749,1812,0,0,0,0,0,0,0,0,0,0,0,0,0,0,0
LGA50080,41,43,45,1600,1600,1517,521,611,710,240,285,300,1268,1508,1757,0.8,0.8,0.7,1003,1209,1350,2.4,2.4,2.4
LGA50210,34,33,35,1842,1950,1750,621,698,815,295,330,305,1533,1719,2061,0.8,0.8,0.8,1309,1497,1774,2.7,2.7,2.8
LGA50250,33,36,34,327,2000,1613,1872,2381,1865,35,42,48,2830,2889,3310,0.9,0.9,0.9,2710,2456,2937,2.8,2.7,2.7
LGA50280,39,39,42,1733,1733,1733,593,671,785,275,320,350,1326,1524,1871,0.8,0.8,0.8,1099,1285,1529,2.5,2.5,2.5
LGA50350,38,39,40,1842,1922,1801,643,731,872,300,350,330,1620,1904,2278,0.8,0.8,0.7,1274,1508,1738,2.4,2.4,2.4
LGA50420,37,37,38,1950,2000,1880,660,729,869,300,350,340,1624,1869,2228,0.8,0.8,0.8,1294,1508,1739,2.4,2.4,2.3
LGA50490,35,34,36,2000,1950,1733,659,722,886,300,360,350,1557,1725,2086,0.8,0.8,0.8,1263,1431,1641,2.4,2.4,2.3
LGA50560,51,53,55,1083,1170,1160,405,532,567,143,200,200,920,1264,1406,0.7,0.7,0.7,746,991,1053,2.2,2.2,2.2
LGA50630,38,39,42,1750,1733,1690,1222,809,834,300,290,280,2237,2097,2131,0.8,0.8,0.7,1796,1843,1760,2.6,2.5,2.5
LGA50770,44,49,47,1077,1300,1212,495,600,705,150,170,220,1170,1363,1581,0.7,0.7,0.7,882,1096,1265,2.4,2.3,2.3
LGA50840,46,49,51,1427,1517,1408,467,518,621,190,250,280,1118,1284,1632,0.8,0.7,0.7,881,1024,1218,2.4,2.3,2.3
LGA50910,45,48,50,1100,1090,1300,458,661,614,148,180,200,1144,1468,1616,0.8,0.7,0.8,869,1107,1284,2.4,2.3,2.3
LGA50980,32,33,34,2600,2573,2167,779,898,1078,203,290,300,1817,2076,2428,1,1,1,1607,1796,2091,2.8,2.7,2.7
LGA51080,37,39,41,867,800,781,457,643,793,120,150,168,1031,1404,1836,0.8,0.8,0.7,880,1242,1366,2.7,2.6,2.5
LGA51120,42,47,48,650,800,748,499,687,817,100,132,160,1111,1583,1762,0.7,0.7,0.8,820,1090,1284,2.3,2.2,2.4
LGA51190,39,41,43,1680,1600,1480,582,632,725,250,300,300,1443,1502,1760,0.7,0.7,0.7,1139,1197,1326,2.3,2.3,2.2
LGA51260,39,42,45,1842,1863,1755,556,653,751,275,350,366,1334,1581,1866,0.7,0.7,0.7,1078,1300,1459,2.5,2.5,2.5
LGA51310,39,40,41,2600,2800,3000,916,1034,1222,390,470,450,2751,3309,3898,0.8,0.8,0.8,2296,2450,2964,2.6,2.7,2.7
LGA51330,34,34,36,1918,1950,1828,594,615,768,340,380,355,1719,1788,2130,0.8,0.8,0.8,1422,1560,1838,2.7,2.8,2.8
LGA51400,34,36,38,1993,1950,1733,664,716,831,320,350,350,1776,1937,2206,0.8,0.8,0.7,1624,1726,1949,2.9,2.8,2.8
LGA51470,43,46,46,675,737,867,552,698,731,120,130,150,1307,1489,1766,0.7,0.7,0.7,989,1136,1234,2.2,2.1,2
LGA51540,38,39,40,1517,1517,1300,594,693,793,160,203,209,1369,1604,1909,0.9,0.9,0.9,1111,1261,1401,2.5,2.4,2.3
LGA51610,41,43,44,1700,2167,2000,575,732,932,175,245,260,1411,1932,2286,0.8,0.9,0.8,1200,1625,2046,2.6,2.7,2.7
LGA51680,41,43,44,2100,2167,2100,563,641,798,300,335,320,1585,1856,2258,0.8,0.8,0.8,1371,1640,2044,2.8,2.8,2.8
LGA51710,31,38,38,1509,1717,1300,1021,1164,1233,138,182,150,2176,2389,2659,1.1,1,1,1859,2141,2109,2.5,2.7,2.5
LGA51750,41,43,43,2817,2600,3000,826,960,1142,400,470,485,2619,2989,3388,0.8,0.8,0.8,1789,2073,2252,2.3,2.3,2.3
LGA51820,34,35,37,2000,2058,1950,691,761,920,330,385,370,1819,2038,2344,0.8,0.8,0.8,1554,1756,1995,2.7,2.7,2.6
LGA51860,40,42,40,910,1029,1972,487,563,741,148,200,231,1108,1375,1678,1.1,1,1.1,1522,1859,2519,3.8,3.8,3.8
LGA51890,39,41,44,1517,1517,1300,557,512,591,200,230,250,1703,1488,1618,0.8,0.7,0.7,1338,1161,1234,2.5,2.4,2.3
LGA51960,31,33,38,1240,1083,975,848,757,929,200,200,200,2130,2094,2303,0.8,0.8,0.8,1820,1805,1893,2.6,2.5,2.3
LGA52030,47,52,57,1192,1400,1200,498,549,619,175,213,210,1114,1239,1392,0.7,0.6,0.7,921,957,1030,2.2,2.1,2.1
LGA52100,47,44,47,715,1000,867,547,748,838,106,150,180,1154,1672,2007,0.7,0.7,0.7,900,1332,1399,2.2,2.3,2.3
LGA52170,40,42,44,3000,3250,3835,1025,1218,1447,475,550,535,2800,3659,4597,0.8,0.8,0.8,2411,2631,3303,2.5,2.5,2.5
LGA52240,41,46,46,867,878,1083,487,612,762,120,150,168,1004,1281,1762,0.7,0.8,0.7,854,1047,1287,2.4,2.4,2.3
LGA52310,44,47,51,1083,1226,1127,472,604,674,200,228,200,1023,1421,1466,0.8,0.7,0.7,927,1101,1236,2.5,2.3,2.3
LGA52380,51,52,54,542,775,725,419,534,1145,100,144,100,891,949,1333,0.8,0.7,0.6,680,875,682,2.1,1.8,1.5
LGA52450,38,37,37,997,995,1200,505,633,714,150,200,200,1212,1648,1971,0.7,0.8,0.7,977,1288,1496,2.4,2.5,2.5
LGA52520,39,38,39,867,946,1083,675,803,1015,120,223,230,1493,1767,2198,0.7,0.7,0.7,1168,1424,1812,2.5,2.5,2.6
LGA52590,43,48,51,1517,1700,1560,573,636,710,219,280,310,1282,1445,1704,0.7,0.7,0.7,1001,1189,1305,2.3,2.2,2.2
LGA52660,35,37,40,1879,1863,1690,637,670,777,300,335,340,1698,1749,2089,0.8,0.7,0.7,1504,1546,1746,2.7,2.7,2.6
LGA52730,46,49,50,1492,1573,1517,469,544,630,220,280,300,1032,1268,1491,0.8,0.8,0.7,855,1013,1134,2.3,2.3,2.3
LGA52800,30,30,32,1625,1733,1629,411,433,459,80,100,100,1040,1077,1032,1.1,1.1,1,1217,1264,1325,3.2,3,2.9
LGA52870,44,47,49,1460,1541,1562,497,563,658,200,250,290,1277,1425,1688,0.8,0.7,0.7,992,1155,1332,2.5,2.4,2.4
LGA52940,42,43,45,845,867,687,514,641,758,100,125,150,1029,1455,1531,0.7,0.7,0.7,834,1125,1197,2.3,2.4,2.3
LGA53010,40,42,44,813,585,515,492,662,802,95,110,150,947,1309,1670,0.7,0.6,0.7,803,1088,1260,2.3,2.2,2.3
LGA53080,37,47,50,655,604,600,786,612,654,120,150,150,1537,1235,1224,0.8,0.7,0.7,1164,794,827,2.2,1.9,1.8
LGA53150,42,43,44,2383,2500,2600,857,938,1075,370,415,420,2532,2780,3178,0.8,0.8,0.8,1837,2051,2288,2.5,2.5,2.5
LGA53220,32,34,34,364,457,1083,1811,1814,1734,100,110,105,2758,2536,2828,1,1,1,2693,2353,2506,3.1,3,2.9
LGA53290,38,40,42,1517,1679,1560,579,682,806,200,250,265,1401,1709,2014,0.8,0.8,0.7,1139,1363,1521,2.5,2.5,2.4
LGA53360,38,37,37,2167,2167,2103,737,816,967,270,334,330,1732,2011,2252,0.8,0.9,0.9,1384,1650,1979,2.4,2.4,2.5
LGA53430,41,42,42,2137,2167,2167,680,778,969,300,360,370,1867,2173,2591,0.8,0.8,0.8,1298,1585,1887,2.2,2.2,2.2
LGA53570,44,47,50,1600,1733,1700,469,567,670,220,270,270,1126,1329,1626,0.7,0.7,0.7,942,1123,1331,2.5,2.4,2.4
LGA53640,37,40,39,729,774,780,607,759,911,130,152,180,1312,1676,2034,0.7,0.7,0.7,987,1319,1482,2.5,2.5,2.5
LGA53710,41,45,49,1083,1105,1000,479,668,747,130,170,200,1125,1625,1784,0.8,0.7,0.7,854,1128,1217,2.4,2.3,2.2
LGA53780,33,34,36,1800,1800,1733,623,636,727,310,350,330,1561,1656,1930,0.8,0.8,0.8,1371,1482,1656,2.8,2.9,2.8
LGA53800,36,38,40,1649,1733,1519,604,662,777,240,271,260,1485,1674,2003,0.8,0.8,0.7,1219,1348,1536,2.6,2.5,2.4
LGA53920,26,28,29,1387,981,1600,310,359,363,50,100,90,752,809,786,1.4,1.2,1.3,964,1023,1098,3.7,3.2,3.3
LGA53990,37,38,40,1863,1842,1733,603,662,773,260,320,320,1686,1797,2067,0.8,0.7,0.7,1463,1553,1788,2.7,2.7,2.7
LGA54060,44,49,53,1660,1733,1537,517,547,626,200,250,250,1267,1351,1598,0.8,0.7,0.7,993,1085,1168,2.5,2.3,2.2
LGA54130,40,41,40,800,899,1004,597,794,870,137,170,186,1281,1637,1798,0.8,0.7,0.8,971,1284,1421,2.4,2.3,2.4
LGA54170,38,40,41,2000,2100,2080,718,776,906,370,415,400,2036,2230,2528,0.7,0.7,0.7,1780,1957,2165,2.8,2.8,2.7
LGA54200,38,39,40,1955,2000,1907,681,732,835,330,380,370,1778,1932,2215,0.7,0.7,0.7,1521,1661,1866,2.7,2.7,2.6
LGA54280,31,33,34,1955,1800,1600,897,974,1207,270,300,300,2279,2377,2825,0.9,0.8,0.8,1969,2080,2324,2.7,2.7,2.6
LGA54310,32,31,32,3000,2600,2000,1555,1350,1545,150,250,285,2949,2951,3462,1,0.9,0.9,2838,2626,3158,2.9,2.8,2.8
LGA54340,36,40,39,1083,1134,1055,523,667,712,150,185,200,1141,1400,1646,0.8,0.8,0.8,947,1205,1343,2.6,2.5,2.5
LGA54410,44,48,52,758,867,867,390,526,586,102,137,160,977,1292,1612,0.8,0.8,0.7,810,1016,1078,2.5,2.4,2.2
LGA54480,36,39,39,572,412,230,603,856,1103,100,134,105,1224,1589,2187,0.7,0.8,0.7,978,1342,1784,2.5,2.5,2.6
LGA54550,42,44,45,975,1083,1073,524,720,882,139,170,200,1152,1568,2004,0.7,0.7,0.7,938,1303,1446,2.4,2.4,2.3
LGA54620,38,43,46,770,776,650,617,784,860,115,150,148,989,1570,1875,0.8,0.8,0.7,911,1289,1293,2.4,2.3,2.2
LGA54690,41,47,51,508,542,748,497,640,759,91,99,129,907,1458,1524,0.7,0.7,0.7,843,1083,1341,2.3,2.3,2.2
LGA54760,41,44,44,650,650,546,528,746,1007,123,150,169,1174,1607,2225,0.8,0.7,0.8,913,1221,1820,2.4,2.3,2.5
LGA54830,32,32,33,1777,1813,1724,605,684,812,260,330,315,1451,1669,1996,0.8,0.8,0.8,1252,1471,1716,2.7,2.7,2.7
LGA54900,40,40,41,850,1000,1000,624,899,1001,125,170,180,1317,1944,2100,0.7,0.7,0.7,1012,1433,1715,2.3,2.3,2.4
LGA54970,36,36,37,750,679,413,1445,1597,1569,80,90,80,814,888,988,1,1,0.9,955,1111,966,2.6,2.6,2.5
LGA55040,32,35,33,800,867,683,1563,1443,1508,120,150,93,2243,2048,2401,0.9,0.9,0.9,1902,1810,1951,2.7,2.4,2.5
LGA55110,42,43,45,1950,1820,1733,494,555,631,270,320,300,1254,1435,1651,0.7,0.7,0.7,984,1162,1273,2.4,2.4,2.4
LGA55180,42,45,47,1300,1300,1300,492,594,675,150,200,230,1130,1394,1616,0.8,0.8,0.7,912,1118,1211,2.4,2.3,2.3
LGA55250,34,35,34,477,600,650,936,992,1010,100,125,115,1081,1399,1292,0.9,0.9,0.9,1017,1347,1243,2.5,2.5,2.4
LGA55320,40,41,42,2136,2167,2200,694,757,909,350,410,400,2130,2281,2654,0.8,0.7,0.7,1618,1834,2096,2.6,2.6,2.6
LGA55390,36,38,39,4000,199,397,292,776,1722,100,110,150,662,928,1208,1.3,1.3,1,919,1170,1260,3.2,2.9,2.1
LGA55460,36,38,41,1114,1127,1078,600,661,755,140,194,210,1438,1708,1869,0.8,0.8,0.7,1111,1332,1380,2.4,2.4,2.3
LGA55530,38,42,47,748,700,729,693,732,806,121,150,150,1413,1416,1937,0.8,0.7,0.7,1125,1234,1468,2.4,2.4,2.4
LGA55600,37,41,44,1073,1100,1000,587,707,803,150,200,225,1403,1760,1906,0.8,0.8,0.7,1205,1395,1445,2.6,2.5,2.3
LGA55670,36,38,42,758,542,500,543,560,742,155,218,190,1267,1357,1676,0.8,0.7,0.8,1083,1148,1443,2.5,2.4,2.3
LGA55740,38,40,42,2500,2700,3000,748,894,1030,296,325,300,2558,2887,3456,0.8,0.8,0.8,1489,1864,2132,2.3,2.4,2.4
LGA55810,36,42,42,607,442,542,543,526,863,134,150,175,924,1399,1375,0.9,0.8,0.8,987,1110,1204,2.5,2.3,2.1
LGA55880,39,42,47,464,499,650,618,684,868,73,92,145,1268,1451,1802,0.7,0.8,0.7,983,1227,1396,2.4,2.4,2.3
LGA55950,44,43,44,604,607,778,562,647,756,85,139,155,1181,1601,1875,0.8,0.8,0.8,992,1402,1547,2.3,2.4,2.3
LGA56090,41,42,44,1833,2000,1950,644,692,817,310,360,350,1781,1957,2270,0.8,0.8,0.7,1530,1664,1907,2.7,2.7,2.6
LGA56160,39,37,36,3050,0,1800,533,562,833,50,50,139,1031,1775,1674,0.9,0.9,0.9,949,1343,1649,2.5,2.6,2.6
LGA56230,43,44,45,1907,1863,1750,487,543,629,250,307,300,1324,1460,1742,0.8,0.8,0.7,1069,1218,1368,2.5,2.5,2.5
LGA56300,49,53,56,1387,1408,1400,456,515,581,149,183,254,977,1189,1381,0.8,0.7,0.8,821,955,1094,2.2,2.2,2.1
LGA56370,45,46,47,650,625,720,533,763,923,122,138,150,1068,1625,1875,0.7,0.7,0.7,949,1204,1483,2.3,2.3,2.3
LGA56460,37,40,43,1200,1200,1191,514,635,734,175,225,240,1227,1527,1802,0.8,0.7,0.7,998,1225,1310,2.4,2.4,2.2
LGA56580,40,41,43,3000,3250,3500,819,990,1178,450,550,520,2781,3559,4244,0.8,0.8,0.8,2498,2709,3226,2.8,2.8,2.8
LGA56620,28,29,30,0,0,0,271,307,369,21,55,65,596,705,878,1.1,1.2,1.2,955,1073,1228,3.4,3.8,3.5
LGA56730,40,42,43,1300,1408,1393,517,581,660,190,250,250,1242,1468,1631,0.8,0.8,0.7,1004,1178,1316,2.5,2.4,2.4
LGA56790,46,51,53,1500,1517,1300,433,530,607,184,210,250,938,1296,1450,0.8,0.8,0.7,762,961,1110,2.3,2.2,2.2
LGA56860,45,44,49,1400,758,1000,404,615,640,60,75,88,900,1333,1268,0.7,0.7,0.7,807,1068,1087,2.4,2.4,2.1
LGA56930,41,39,42,3500,2817,4167,1021,1061,1501,450,470,440,2923,4146,5012,0.8,0.8,0.7,2650,3481,4565,2.8,2.8,2.7
LGA57000,38,42,43,832,800,780,1328,1188,1305,155,180,170,1213,1699,2018,0.8,0.7,0.7,1042,1343,1652,2.6,2.3,2.3
LGA57080,31,31,33,2427,2167,1924,905,824,1053,430,430,400,2329,2217,2480,1,1,1,1738,1756,1931,1.8,1.9,1.8
LGA57140,44,50,52,1092,1074,867,414,484,585,146,180,200,923,1112,1340,0.8,0.7,0.7,763,886,996,2.4,2.2,2.2
LGA57210,43,46,48,1200,1222,1278,472,534,626,180,200,225,1082,1275,1491,0.8,0.8,0.8,884,1035,1181,2.4,2.4,2.3
LGA57280,31,31,32,2500,2693,1517,1421,1355,1532,130,227,225,2939,3014,3264,0.9,0.9,0.9,2813,2563,2865,2.8,2.7,2.7
LGA57350,48,52,54,750,1002,800,489,545,607,120,140,130,1044,1154,1445,0.8,0.7,0.7,869,906,1129,2.3,2.1,2.2
LGA57420,38,45,42,1205,1200,1029,745,676,926,250,231,250,1613,1507,2019,0.8,0.7,0.7,1341,1196,1655,2.4,2.2,2.2
LGA57490,34,34,36,2000,1950,1733,620,682,786,300,350,330,1657,1812,2077,0.7,0.7,0.7,1410,1555,1724,2.7,2.7,2.6
LGA57630,51,58,60,1690,2578,1517,536,509,675,80,120,70,1499,1375,1833,0.8,0.7,0.6,733,1083,949,2.1,1.8,1.5
LGA57700,35,32,33,2167,2145,1972,667,773,909,330,390,380,1762,1951,2242,0.8,0.8,0.8,1639,1859,2097,3,3,3
LGA57770,45,43,43,1603,1380,1387,570,648,787,160,200,220,1285,1399,1818,0.8,0.8,0.8,957,1083,1187,2.1,2.1,2.1
LGA57840,36,37,39,2167,2173,2200,780,840,1010,340,380,360,2263,2385,2761,0.8,0.8,0.8,1605,1780,2004,2.3,2.3,2.2
LGA57910,36,36,38,2000,2000,1967,689,766,912,310,350,340,1783,2001,2332,0.8,0.8,0.8,1353,1563,1786,2.4,2.4,2.4
LGA57980,38,39,40,2400,2500,2539,953,1064,1210,370,430,400,2648,2774,3242,0.9,0.9,0.9,1753,2013,2140,2.1,2.2,2.1
LGA58050,34,34,35,1950,2000,1842,654,717,840,320,360,340,1648,1813,2109,0.8,0.8,0.8,1441,1624,1843,2.8,2.8,2.8
LGA58190,42,38,46,650,867,563,454,661,701,100,129,161,1012,1589,1583,0.8,0.8,0.8,911,1273,1125,2.5,2.5,2.5
LGA58260,40,40,42,663,594,650,537,610,748,130,163,120,1183,1406,1696,0.7,0.7,0.8,978,1162,1366,2.3,2.4,2.3
LGA58330,47,51,54,1623,1600,1564,496,560,624,250,300,285,1267,1425,1579,0.8,0.7,0.7,1023,1167,1272,2.4,2.3,2.3
LGA58400,46,50,55,498,510,531,527,556,512,76,100,120,1057,1339,1125,0.7,0.7,0.6,808,914,864,2.3,2,1.9
LGA58470,30,26,37,683,2000,826,346,419,484,50,50,75,782,700,1312,1,1.1,0.9,855,966,1300,3,3.2,2.9
LGA58510,34,34,36,2167,2037,2000,696,766,987,320,360,350,1846,1998,2473,0.8,0.9,0.8,1359,1554,1844,2.2,2.3,2.2
LGA58540,40,45,48,500,867,537,542,706,963,100,120,150,1077,1602,2200,0.8,0.8,0.7,921,1225,1653,2.4,2.4,2.3
LGA58570,34,34,36,2263,2275,2197,867,992,1193,360,415,400,2309,2553,3050,0.9,0.9,0.9,1691,2019,2209,2.2,2.3,2.2
LGA58610,44,49,49,997,1000,875,460,539,686,138,178,195,1115,1274,1718,0.7,0.7,0.7,827,970,1183,2.4,2.2,2.2
LGA58680,43,47,49,1559,1668,1600,721,748,824,220,150,200,1447,1777,2100,0.8,0.7,0.7,1307,1542,1687,2.6,2.4,2.4
LGA58760,32,33,35,2110,2058,1900,656,709,817,350,380,350,1691,1875,2148,0.8,0.8,0.8,1514,1696,1894,2.9,2.9,2.8
LGA58820,41,45,48,1560,1636,1625,499,558,620,200,260,260,1427,1464,1701,0.8,0.8,0.7,1105,1218,1312,2.5,2.5,2.4
LGA58890,44,47,50,800,800,915,494,635,804,120,140,143,948,1324,1708,0.7,0.7,0.7,889,1143,1325,2.4,2.2,2.2
LGA59030,42,42,48,998,1019,400,806,1099,817,140,118,85,1583,2071,1465,0.7,0.7,0.7,1187,1562,1318,2.3,2.4,2.2
LGA59100,43,46,47,737,767,867,476,609,742,108,133,139,956,1402,1662,0.7,0.7,0.7,796,1091,1256,2.4,2.3,2.4
LGA59170,42,43,41,1083,1223,1285,629,825,1015,146,169,200,1320,1837,2243,0.7,0.8,0.7,1012,1458,1739,2.3,2.5,2.4
LGA59250,34,35,35,380,1800,0,1652,1345,1196,100,100,118,928,860,767,1.2,1.1,1,1144,1014,1109,3.4,2.9,2.4
LGA59310,37,41,44,940,1083,993,644,717,767,130,165,180,1403,1495,1757,0.7,0.7,0.7,1156,1235,1269,2.4,2.3,2.3
LGA59320,40,43,45,867,817,1148,566,748,741,130,150,150,1100,1600,1663,0.8,0.8,0.8,900,1228,1385,2.5,2.4,2.5
LGA59330,46,53,54,797,604,650,433,511,582,125,155,150,862,1166,1481,0.7,0.7,0.6,769,837,916,2.1,2,1.9
LGA59340,31,33,33,2167,2167,2000,794,864,1016,140,204,230,1714,1950,2082,1.1,1,1,1558,1704,1858,2.8,2.7,2.7
LGA59350,33,39,34,3033,325,223,1465,1483,1397,126,120,150,1187,2150,1583,1,0.8,0.9,1199,1292,1575,3,2.3,2.6
LGA59360,38,45,47,910,790,790,949,861,1128,138,150,150,1461,1807,2057,0.8,0.7,0.6,1125,1201,1370,2.4,2.2,2
LGA59370,47,51,56,1495,1500,1404,477,540,604,216,260,260,1170,1368,1538,0.8,0.7,0.7,914,1024,1127,2.4,2.2,2.2
LGA59499,40,41,40,0,0,0,490,434,420,0,0,0,0,0,0,0,0,0,0,0,0,0,0,0
LGA59799,36,40,40,0,0,1733,10766,2654,2123,0,0,0,0,0,1375,0,0,0.7,0,0,2250,0,0,1.7
LGA60210,50,54,56,975,910,1083,366,439,484,170,200,240,829,955,1132,0.8,0.8,0.8,657,746,836,2.2,2.1,2
LGA60410,33,34,35,1300,1300,1392,485,568,700,185,220,280,1084,1303,1593,0.9,0.8,0.9,956,1111,1352,2.7,2.6,2.6
LGA60610,38,41,40,1150,1083,1129,455,523,661,175,200,240,1077,1272,1598,0.8,0.8,0.8,853,993,1225,2.4,2.3,2.3
LGA60810,43,46,48,1213,1213,1300,450,528,634,180,215,250,1109,1301,1562,0.8,0.8,0.8,869,1002,1209,2.4,2.3,2.3
LGA61010,45,50,50,884,867,900,377,467,569,125,150,200,845,1074,1400,0.8,0.7,0.8,718,820,1013,2.3,2.1,2.1
LGA61210,38,41,41,1127,1083,1083,510,581,670,150,190,220,1149,1385,1614,0.8,0.8,0.8,937,1083,1270,2.5,2.4,2.4
LGA61410,41,43,41,1495,1452,1541,577,673,820,240,270,350,1400,1644,1991,0.8,0.8,0.8,1123,1306,1602,2.4,2.4,2.4
LGA61510,40,43,42,1192,1148,1235,432,505,619,195,216,285,1080,1264,1518,0.8,0.8,0.8,868,998,1244,2.5,2.4,2.5
LGA61610,40,43,43,1216,1200,1200,457,514,630,190,220,250,1050,1224,1495,0.8,0.8,0.8,835,949,1167,2.4,2.3,2.3
LGA61810,44,48,48,972,1020,1083,394,478,583,150,180,220,920,1114,1358,0.8,0.7,0.7,736,822,1039,2.3,2.2,2.2
LGA62010,52,53,57,937,758,867,464,575,678,88,115,139,967,1362,1542,0.7,0.7,0.7,805,1021,1057,2,2,2
LGA62210,42,46,49,1100,1083,1083,395,457,519,170,180,220,976,1087,1272,0.8,0.8,0.7,796,854,996,2.4,2.3,2.2
LGA62410,53,56,57,1083,1083,1103,421,498,596,175,200,250,908,1054,1289,0.8,0.7,0.8,745,854,1005,2.1,2.1,2.1
LGA62610,39,39,37,1311,1300,1337,487,561,691,220,250,325,1126,1321,1632,0.8,0.8,0.9,869,1019,1325,2.3,2.3,2.4
LGA62810,38,39,37,1690,1647,1800,641,718,886,270,295,390,1785,2023,2324,0.8,0.8,0.9,1261,1439,1842,2.3,2.3,2.3
LGA63010,42,45,46,1200,1300,1300,441,495,609,200,240,290,1056,1246,1514,0.9,0.8,0.8,864,987,1227,2.5,2.4,2.4
LGA63210,43,47,49,1100,1083,1248,395,475,604,180,200,230,965,1167,1470,0.8,0.8,0.8,819,995,1207,2.5,2.4,2.4
LGA63410,45,47,45,1000,1000,1083,619,707,845,135,140,190,1334,1642,1719,0.7,0.7,0.7,969,1199,1330,2.1,2.1,2.1
LGA63610,40,42,41,1517,1517,1625,594,672,796,280,300,380,1473,1694,2025,0.8,0.8,0.8,1208,1364,1667,2.5,2.5,2.5
LGA63810,44,47,49,1300,1300,1322,480,555,645,200,240,260,1136,1320,1534,0.8,0.8,0.8,925,1078,1256,2.4,2.3,2.3
LGA64010,38,39,39,1300,1291,1300,484,562,694,200,230,278,1176,1362,1677,0.8,0.8,0.8,908,1042,1310,2.3,2.3,2.3
LGA64210,42,45,46,1300,1300,1322,477,537,670,200,220,270,1174,1359,1675,0.8,0.8,0.8,923,1045,1290,2.4,2.4,2.4
LGA64610,43,46,46,1274,1300,1300,471,555,683,170,210,250,1132,1326,1618,0.8,0.8,0.8,908,1042,1259,2.4,2.3,2.3
LGA64810,40,42,42,1300,1300,1400,516,587,726,240,270,350,1183,1391,1719,0.8,0.8,0.8,950,1132,1400,2.4,2.4,2.4
LGA65010,42,44,44,1158,1192,1300,430,533,660,150,200,250,1036,1268,1605,0.8,0.8,0.8,874,1048,1332,2.5,2.5,2.5
LGA65210,51,55,57,910,910,1083,375,462,509,170,200,250,786,985,1174,0.8,0.8,0.8,684,788,863,2.1,2.1,2
LGA65410,43,46,48,1172,1170,1200,422,498,605,175,200,240,1074,1247,1516,0.8,0.8,0.8,844,942,1138,2.4,2.3,2.3
LGA65610,39,44,47,780,673,650,467,469,548,130,140,160,1299,1258,1406,0.8,0.7,0.7,959,910,958,2.2,2.1,2
LGA65810,42,45,45,1322,1300,1364,517,564,700,225,250,300,1286,1418,1758,0.8,0.8,0.8,1028,1139,1402,2.5,2.4,2.4
LGA69499,37,38,41,0,0,0,338,385,431,0,0,0,0,0,0,0,0,0,0,0,0,0,0,0
LGA69799,43,41,43,0,0,0,1238,1089,2249,0,0,0,0,0,0,0,0,0,0,0,0,0,0,0
LGA70200,33,35,34,1950,1950,1800,866,1002,1131,320,360,375,1973,2259,2484,1,0.9,0.9,1689,1937,2142,2.6,2.6,2.6
LGA70420,27,28,30,934,1200,1087,312,375,456,70,100,115,763,959,1035,1.4,1.3,1.2,1153,1323,1474,3.5,3.4,3.2
LGA70540,28,30,32,0,0,0,284,261,272,80,70,75,833,745,661,1.5,1.4,1.2,1125,850,680,4.4,4.1,3.2
LGA70620,27,28,28,0,1040,498,272,294,272,20,70,75,628,801,635,1.5,1.5,1.4,1064,1218,1122,4.3,4.2,4.1
LGA70700,44,46,51,1400,1348,1517,525,610,607,160,200,175,1108,1327,1379,1,1,0.9,844,1128,996,2.2,2.2,2.1
LGA71000,34,34,35,2167,2167,2000,899,1039,1111,367,420,380,2062,2385,2463,0.9,1,0.9,1809,2164,2188,2.6,2.6,2.6
LGA71150,30,36,37,3033,2017,1907,1368,1829,1741,615,605,533,2583,3625,2944,1,1.1,1,2094,2583,2281,1.9,1.7,1.6
LGA71300,25,25,28,108,1409,997,263,242,290,55,75,80,728,671,775,1.8,1.9,1.7,1410,1342,1395,5.3,5.2,4.8
LGA72200,31,33,33,1733,1733,1625,758,922,1072,205,250,295,1758,2081,2353,1,1,1,1535,1819,2116,2.7,2.8,2.7
LGA72300,36,37,39,2167,2400,2253,864,1092,1119,350,435,380,2010,2410,2675,1.1,1.1,1,1768,2228,2346,2.8,2.9,2.8
LGA72330,27,29,30,1168,3181,758,257,271,286,30,50,75,576,642,743,1.5,1.5,1.4,948,982,1151,4,3.8,3.8
LGA72800,28,30,31,2167,2253,2037,911,1053,1133,370,440,400,2010,2369,2453,0.9,0.9,0.9,1814,2197,2199,2.9,2.9,2.8
LGA73600,24,26,29,823,1278,1290,279,279,288,60,61,75,723,670,756,1.7,1.8,1.7,1115,1049,1320,4.3,4.2,4.1
LGA74050,27,30,30,542,477,845,249,248,240,40,60,80,586,644,551,1.4,1.4,1.3,779,780,757,4,3.8,3.4
LGA74550,26,27,27,834,1517,1170,380,376,392,60,60,85,966,775,875,1.4,1.3,1.3,1142,1098,1194,3.5,3.3,3.5
LGA74560,49,48,52,1509,1733,1597,795,861,826,250,270,250,1750,1924,1768,1.1,1.1,1,1279,1463,1355,2,2.3,2.1
LGA74660,26,28,28,777,2550,488,326,276,285,70,60,80,991,771,771,1.6,1.7,1.6,1723,1467,1523,4.2,4.2,4.2
LGA74680,21,24,26,0,355,0,202,239,196,52,60,50,468,590,467,1.8,2,1.9,894,1043,804,4.9,5.2,4.9
LGA79399,33,34,35,1500,1500,1785,983,1056,1160,63,100,123,2525,2419,2805,1.1,1.1,1,1996,1897,2087,2.6,2.4,2.4
LGA79499,45,44,41,0,0,0,493,449,441,0,0,0,0,0,0,0,0,0,0,0,0,0,0,0
LGA79799,34,36,40,0,0,0,1298,700,1478,0,0,0,0,0,0,0,0,0.7,0,0,4150,0,0,2.3
LGA89399,34,35,35,2167,2058,2080,918,1000,1204,381,385,450,2277,2445,2872,0.8,0.8,0.8,1920,2070,2373,2.6,2.5,2.5
LGA89499,31,36,35,0,0,0,498,447,537,0,0,0,0,0,0,0,0,0,0,0,0,0,0,0
LGA89799,0,0,0,0,0,0,0,0,0,0,0,0,0,0,0,0,0,0,0,0,0,0,0,0
LGA99399,28,46,49,0,1300,1300,456,595,728,120,150,228,933,1300,1630,0.9,0.8,0.8,860,1055,1199,3.2,2.3,2.2
LGA99499,30,42,62,0,0,0,1525,412,710,0,0,0,0,0,0,0,0,0,0,0,0,0,0,0
LGA99799,50,39,0,0,0,0,1750,1833,0,0,0,0,0,0,0,0,0,0,0,0,0,0,0,0
