LGA_CODE_2021,Tot_OcMngr,Tot_OcProf,Tot_OcTechTrdW,Tot_OcComPerS,Tot_OcClericAdm,Tot_OcSalesWk,Tot_OcMacOp_Driv,Tot_OcLab,Tot_OcID_NS,Tot_Tot
LGA10050,3066,5299,3853,3634,3228,2462,1779,2589,435,26344
LGA10180,1977,3094,1462,1574,1406,1034,521,1499,202,12765
LGA10250,2889,4681,2859,2799,2284,1999,858,2083,316,20775
LGA10300,238,88,107,100,99,54,103,165,21,973
LGA10470,2471,3898,2903,3068,2426,1755,1376,2211,349,20457
LGA10500,11221,22811,9588,8345,12274,7301,4775,7045,1771,85131
LGA10550,2051,2604,2258,2045,1554,1361,866,1994,247,14975
LGA10600,774,1263,722,720,543,401,283,585,87,5365
LGA10650,655,429,468,409,371,251,295,516,67,3454
LGA10750,19194,41583,18583,17512,26627,13373,19335,15007,3733,174929
LGA10800,612,298,372,236,242,158,296,276,50,2545
LGA10850,612,505,517,394,385,224,333,462,70,3503
LGA10900,5050,11051,4582,4321,4485,2425,1453,2435,491,36295
LGA10950,258,159,148,129,91,52,165,166,27,1199
LGA11150,235,159,92,161,107,38,66,99,31,992
LGA11200,105,73,32,76,39,12,35,65,13,446
LGA11250,677,1181,1115,1173,750,637,737,735,155,7172
LGA11300,2318,5659,1768,1891,2459,1630,725,1829,492,18768
LGA11350,2863,4396,2298,2116,1346,1393,470,1470,381,16724
LGA11400,1397,1089,924,637,731,389,480,757,123,6525
LGA11450,8075,11946,8454,6416,9122,5198,4852,4364,1055,59482
LGA11500,6936,13760,8805,8625,10851,6238,8272,7574,1727,72788
LGA11520,9124,16227,3736,3237,6615,3466,1082,2002,838,46315
LGA11570,15477,31057,15371,13787,20494,11945,10162,11943,3358,133597
LGA11600,456,94,139,110,115,35,186,298,23,1468
LGA11650,18585,30741,22054,19613,19738,13860,9014,14666,2564,150834
LGA11700,150,78,19,75,48,7,31,93,10,510
LGA11720,2547,3204,4914,3765,2919,2411,3388,3472,497,27120
LGA11730,2410,3090,2713,3061,2216,1833,1387,2670,394,19770
LGA11750,283,201,353,137,178,109,331,217,28,1844
LGA11800,4144,6729,4519,4882,4148,3316,1610,4135,576,34050
LGA12000,457,265,257,272,210,130,164,192,32,1982
LGA12150,347,191,126,186,138,59,92,206,43,1386
LGA12160,780,599,587,544,438,365,363,724,96,4497
LGA12350,966,676,682,650,550,469,351,728,92,5158
LGA12380,8517,20405,9812,8977,12038,6841,7375,9377,2689,86028
LGA12390,3133,4648,3556,3822,3158,2320,1580,2692,473,25386
LGA12700,702,652,804,462,523,307,408,476,74,4403
LGA12730,728,553,477,495,426,299,251,453,98,3773
LGA12750,1894,2499,2453,2118,1800,1548,782,1687,329,15097
LGA12850,5444,10784,7723,6287,9177,5521,8613,8456,1840,63831
LGA12870,878,615,827,620,559,453,493,921,115,5466
LGA12900,824,628,551,459,404,360,322,526,84,4150
LGA12930,9260,19712,7312,7055,10508,6289,3386,5500,1433,70462
LGA12950,483,246,200,220,141,133,122,204,39,1792
LGA13010,665,423,401,419,363,305,202,476,75,3336
LGA13310,1747,2106,2129,2136,1665,1284,1231,1751,305,14350
LGA13340,1096,713,718,507,562,340,367,602,99,5001
LGA13450,2121,1819,1832,1262,1540,1206,958,2602,344,13690
LGA13550,926,820,812,626,559,437,885,705,104,5873
LGA13660,602,241,167,185,188,110,147,277,33,1952
LGA13800,4647,5217,6151,3478,4828,2562,2829,3043,613,33364
LGA13850,256,133,190,122,134,110,97,228,26,1286
LGA13910,1582,1016,1162,933,837,713,501,1166,156,8050
LGA14000,12708,27084,6698,6350,10286,5149,1836,3634,1062,74803
LGA14100,1600,2312,327,401,797,444,86,160,101,6220
LGA14170,19078,41893,7747,7453,11963,6275,2311,4038,1444,102207
LGA14220,1144,989,877,985,657,688,397,1183,137,7070
LGA14300,471,296,309,352,248,151,226,434,31,2514
LGA14350,1280,1641,1404,1829,1100,986,692,1526,209,10665
LGA14400,1638,2902,1491,1235,1116,639,398,641,148,10213
LGA14500,13052,24359,2888,3678,7215,4063,739,1573,1014,58583
LGA14550,666,507,437,441,345,226,257,539,96,3518
LGA14600,722,296,279,293,245,132,250,267,47,2526
LGA14650,10586,20897,15383,12834,12800,8383,6267,8820,1439,97411
LGA14700,4611,9507,1287,1344,2588,1334,259,544,359,21836
LGA14750,751,648,722,549,558,361,451,922,109,5073
LGA14850,2425,4154,2580,2788,2385,1865,1028,2515,301,20045
LGA14870,935,1112,1377,1161,1068,629,936,945,149,8304
LGA14900,10002,18519,10872,9488,14143,7387,9426,8124,1997,89955
LGA14920,613,377,347,332,296,189,407,435,58,3044
LGA14950,376,170,198,160,126,91,124,146,32,1410
LGA15050,4519,7369,7031,5789,5399,3955,4057,4466,697,43280
LGA15240,4185,5650,4930,5116,3596,3445,2121,4287,694,34019
LGA15270,1591,1607,1998,1261,1110,893,1473,1298,197,11426
LGA15300,995,758,578,567,627,368,546,642,117,5199
LGA15350,3508,5881,587,842,1556,1007,147,296,331,14153
LGA15520,1255,812,769,611,612,418,350,709,116,5646
LGA15560,490,158,177,137,188,71,174,222,33,1644
LGA15650,670,745,1431,755,691,572,1324,1014,150,7359
LGA15700,926,1156,990,1159,741,620,428,922,148,7085
LGA15750,977,779,762,587,587,443,855,695,93,5782
LGA15800,451,295,307,278,230,153,195,376,52,2334
LGA15850,565,341,338,317,253,168,296,324,51,2647
LGA15900,9782,24987,10417,11544,10025,7072,4260,6765,1205,86062
LGA15950,9403,18641,2032,2203,4803,2317,376,781,621,41183
LGA15990,28442,41531,14711,12003,16341,10983,3837,6349,2031,136223
LGA16100,437,315,367,241,231,146,323,313,76,2452
LGA16150,2302,4620,2959,2654,2549,1660,1409,1990,313,20446
LGA16200,995,947,869,722,684,508,703,667,103,6197
LGA16260,16818,43035,11120,10110,17438,8867,5907,7308,2447,123037
LGA16350,11567,17321,14156,11257,16634,8497,11355,9302,2012,102094
LGA16380,4128,7324,5054,5480,4378,3440,1750,3441,603,35597
LGA16400,3472,4803,5310,4338,3840,2848,2371,3381,607,30986
LGA16490,6250,7654,4624,3516,5658,2291,1670,2346,781,34789
LGA16550,12238,25647,6211,5762,8386,4666,1890,3090,1182,69077
LGA16610,1110,1090,1209,1276,980,785,769,1746,153,9119
LGA16700,10335,24337,5863,4953,9263,4890,1748,3024,1146,65564
LGA16900,3402,5682,5750,4871,4564,3247,2951,3471,579,34522
LGA16950,5288,7636,7012,6305,4607,3983,2130,4638,691,42293
LGA17000,1303,1464,2183,1570,1307,942,1936,1182,227,12105
LGA17040,2030,1690,1519,1435,1186,905,785,1288,226,11068
LGA17080,1105,821,907,759,617,436,694,1082,127,6549
LGA17100,2800,7694,2038,1985,2942,1832,1026,1945,537,22795
LGA17150,20035,30922,15283,11770,18267,9415,4054,5957,1739,117444
LGA17200,23719,52808,8953,9739,13496,7916,2505,5464,2283,126888
LGA17310,3636,5041,4000,3621,3280,2579,2009,4024,451,28644
LGA17350,550,394,359,323,280,204,190,347,48,2685
LGA17400,562,325,269,266,265,176,180,313,75,2431
LGA17420,18196,31402,9132,7118,14436,7679,2818,4217,1489,96477
LGA17550,4965,7891,6272,5740,4665,3829,2045,4492,787,40678
LGA17620,1037,825,1152,631,575,403,892,1136,122,6784
LGA17640,1095,563,511,423,446,221,237,419,94,3997
LGA17650,500,455,376,313,324,184,145,346,48,2688
LGA17750,4066,6901,4996,4823,3733,3028,1785,3375,576,33283
LGA17850,470,154,134,118,122,76,79,203,24,1379
LGA17900,427,220,132,288,153,84,128,206,35,1668
LGA17950,343,108,123,83,106,58,107,158,24,1106
LGA18020,882,463,353,394,277,199,238,526,76,3401
LGA18050,8448,15962,2532,2535,3654,2584,587,1155,764,38229
LGA18100,454,193,148,144,125,88,116,200,20,1487
LGA18200,657,442,427,339,352,231,229,422,73,3174
LGA18250,7726,15460,2219,2442,4411,2570,621,1198,663,37312
LGA18350,3785,5156,3799,2594,2627,2009,1334,2265,397,23960
LGA18400,3720,3986,4898,2678,3812,2061,2411,2479,493,26528
LGA18450,11323,24620,13766,12667,12282,7663,5962,8200,1524,98020
LGA18500,7020,12489,1068,1422,2861,1972,196,449,748,28230
LGA18710,1844,1954,1286,982,1200,532,361,662,177,9001
LGA19399,236,54,48,31,44,24,14,93,13,556
LGA19499,234,500,279,334,236,171,253,419,77,2511
LGA19799,0,0,0,0,0,0,0,0,0,0
LGA20110,1172,1112,952,774,572,509,351,771,111,6320
LGA20260,939,682,555,771,437,357,276,829,115,4973
LGA20570,6051,12096,7328,7300,6522,5024,2750,5233,792,53104
LGA20660,9738,20961,7289,6312,8534,4746,1933,3444,958,63920
LGA20740,2405,2984,2664,2119,1725,1681,763,1815,342,16498
LGA20830,3755,4668,4219,3258,3026,2085,1814,3337,444,26602
LGA20910,12136,16991,3399,4199,6074,4420,708,1699,877,50508
LGA21010,973,978,941,789,630,478,468,848,137,6251
LGA21110,17169,35030,4911,6715,10260,7149,1257,3052,1443,86987
LGA21180,7263,13915,11306,9092,11081,7105,9831,11033,2361,82979
LGA21270,785,354,284,230,227,160,204,365,48,2654
LGA21370,2898,2482,2592,2125,1660,1538,1270,2489,319,17368
LGA21450,6957,9756,10124,6994,7609,5134,4821,6165,1163,58709
LGA21610,18090,29881,27300,20449,23051,15072,16825,19037,3853,173556
LGA21670,561,529,729,722,449,481,354,772,103,4693
LGA21750,1770,1379,1434,1255,929,861,792,2011,209,10642
LGA21830,2012,894,911,758,584,497,618,1173,139,7583
LGA21890,11135,27103,8116,8027,9420,5644,3059,5176,1409,79087
LGA22110,2869,2996,2675,2660,2042,1698,1199,2626,438,19190
LGA22170,8120,12782,11535,8402,8986,6439,4361,6696,1227,68545
LGA22250,970,545,604,448,401,344,348,632,96,4391
LGA22310,14008,28781,6484,7182,9896,6432,1861,3535,1448,79628
LGA22410,1418,1225,1230,1115,786,674,960,1218,212,8834
LGA22490,1659,1992,2293,1477,1466,977,968,1312,200,12341
LGA22620,6276,12043,7830,7514,6637,5067,3472,6529,928,56299
LGA22670,5406,10732,9815,7423,7147,5293,8242,11725,1915,67704
LGA22750,14977,29365,18789,17599,14732,11517,7881,12494,2241,129587
LGA22830,4266,5305,4090,3533,3332,2698,1995,4311,606,30136
LGA22910,1338,1529,1079,839,685,466,315,773,135,7159
LGA22980,582,336,251,243,206,135,214,381,46,2402
LGA23110,7207,12360,5147,4230,6157,3335,2586,3099,900,45021
LGA23190,1610,1751,1400,1231,1095,909,629,1055,176,9857
LGA23270,10159,17264,15706,12797,13945,9065,10648,10826,2481,102892
LGA23350,1495,1717,1173,942,818,594,539,933,152,8366
LGA23430,12556,21568,10259,8153,11486,7176,3400,5311,1381,81284
LGA23670,10483,19146,11758,8397,11818,7638,4374,6452,1453,81521
LGA23810,3054,5175,5379,4260,4382,3044,2399,3782,668,32139
LGA23940,987,337,293,279,258,180,230,461,61,3085
LGA24130,4098,6014,3885,2776,3107,1807,1151,2012,427,25279
LGA24210,10003,17706,5918,5263,7979,5753,1576,3185,1142,58529
LGA24250,852,748,757,545,455,424,260,494,79,4610
LGA24330,7038,15251,4310,4565,5859,3407,2402,3333,896,47058
LGA24410,8009,15617,8179,6429,7997,5014,2353,4367,1017,58987
LGA24600,12006,35631,6928,9971,9970,6328,2166,5671,1670,90347
LGA24650,8154,13993,11205,9727,11670,7491,9295,8000,1912,81442
LGA24780,3596,4105,3362,3035,2607,2371,1754,3642,626,25101
LGA24850,2762,3238,4156,3110,2969,1869,2220,2682,503,23504
LGA24900,2289,1630,1837,1498,1242,1045,925,2133,276,12870
LGA24970,12814,29473,9066,8493,11954,8096,3757,6488,1928,92075
LGA25060,10534,20066,6163,5864,9356,5196,2164,3690,1168,64208
LGA25150,2330,3128,3124,2167,2541,1437,1590,1761,347,18429
LGA25250,12684,32299,9783,9344,11550,6460,3489,5801,1638,93061
LGA25340,11921,15422,12759,9177,8704,7142,2789,6450,1413,75773
LGA25430,1251,2310,1199,1001,831,583,384,873,133,8570
LGA25490,2225,1317,1075,875,700,576,489,1118,159,8539
LGA25620,1208,978,1285,808,715,420,459,781,133,6789
LGA25710,5833,9097,4836,3440,4570,2643,1033,1864,464,33770
LGA25810,945,634,611,772,457,383,373,897,97,5170
LGA25900,12457,23230,4640,5192,6896,4138,1116,2256,1085,61013
LGA25990,644,389,396,362,297,201,262,400,75,3032
LGA26080,229,402,135,128,164,103,20,82,30,1287
LGA26170,2668,2155,2047,1490,1365,1086,856,1643,290,13607
LGA26260,1683,1250,1020,867,761,652,393,969,124,7720
LGA26350,12218,25201,3539,4721,7081,4756,852,1923,1076,61373
LGA26430,1062,720,724,525,484,320,281,718,106,4925
LGA26490,3393,5177,2567,2148,1921,1474,515,1296,280,18769
LGA26610,1757,1305,1217,1055,978,764,636,1896,249,9866
LGA26670,746,406,360,290,279,156,194,363,64,2856
LGA26700,2078,2571,1962,1859,1433,1231,923,1754,230,14043
LGA26730,1865,3460,2412,2281,1864,1794,938,2388,301,17305
LGA26810,3093,3276,3001,2579,1843,1534,1288,2306,391,19315
LGA26890,727,226,162,157,124,79,106,258,38,1877
LGA26980,11988,27848,8042,8043,10730,7185,2656,5364,1473,83325
LGA27070,10815,20006,15735,13364,14925,9997,9099,10760,2344,107055
LGA27170,2258,3590,3265,3017,2435,1888,1603,2288,354,20689
LGA27260,14489,29780,15967,15369,18225,10986,15447,12263,3292,135825
LGA27350,10299,26225,3675,4491,5752,3309,826,1749,855,57177
LGA27450,10833,15672,14690,9471,10170,6273,4162,7232,1401,79903
LGA27630,686,331,278,343,241,186,208,335,48,2670
LGA29399,120,40,74,110,25,30,34,80,27,530
LGA29499,174,334,250,227,143,129,177,308,49,1797
LGA29799,0,4,0,0,0,0,0,4,0,15
LGA30250,26,28,12,35,14,7,10,15,9,152
LGA30300,504,262,224,190,187,132,214,339,50,2102
LGA30370,1377,747,1096,536,658,436,1031,1009,162,7053
LGA30410,391,175,160,122,145,70,95,243,35,1435
LGA30450,42,12,17,6,14,8,10,61,3,176
LGA30760,224,76,106,84,99,67,71,195,24,937
LGA30900,59,13,16,14,25,8,28,54,5,226
LGA31000,92784,212007,65259,69720,87018,50848,28189,45592,10897,662318
LGA31750,47,12,24,15,23,3,22,66,7,218
LGA31820,4363,5950,5266,5440,4341,3573,3148,6021,718,38815
LGA31900,1242,814,1187,761,825,613,868,1287,144,7742
LGA31950,37,33,24,14,17,4,15,49,0,194
LGA32080,8814,16235,11931,11887,9531,7525,4478,7874,1366,79649
LGA32250,118,116,98,103,96,35,84,198,30,888
LGA32260,1809,1415,1682,1346,1174,967,1132,2529,281,12329
LGA32270,2126,1598,2377,1025,1381,1042,2482,1866,301,14188
LGA32310,702,674,683,539,443,370,553,673,126,4756
LGA32330,13,29,12,63,21,0,12,35,0,185
LGA32450,228,209,362,127,185,78,327,266,50,1827
LGA32500,325,322,203,217,196,105,117,274,54,1803
LGA32600,38,5,11,8,9,0,18,30,3,129
LGA32750,31,10,18,16,18,4,19,39,5,154
LGA32770,24,59,11,57,15,10,8,30,13,234
LGA32810,791,731,927,930,559,567,292,854,142,5797
LGA33100,126,33,35,21,21,7,31,75,15,353
LGA33200,203,76,75,71,67,44,69,118,20,732
LGA33220,3578,6067,5367,6326,4368,3823,2636,4615,743,37531
LGA33360,2652,4116,5876,3086,2904,2297,3472,3528,634,28565
LGA33430,39782,62178,43364,39190,38588,31927,15714,28127,6244,305103
LGA33610,1003,581,579,460,506,353,497,751,99,4824
LGA33620,2500,2537,3115,2634,2287,2002,1837,3010,445,20351
LGA33800,705,565,759,535,483,361,543,606,114,4671
LGA33830,12,37,18,59,24,10,33,19,16,227
LGA33960,10005,17051,14898,14558,14336,9087,10219,11983,2149,104282
LGA33980,1346,1109,1982,646,972,506,2530,1278,263,10624
LGA34420,12,29,26,46,20,7,6,18,14,187
LGA34530,1985,2937,3163,2179,2078,1390,1855,1697,338,17627
LGA34570,13,30,27,28,18,4,17,21,18,168
LGA34580,2307,2141,2568,2012,1963,1475,1757,3403,346,17963
LGA34590,14492,21402,23874,18466,20965,13045,16962,19055,3438,151708
LGA34710,362,285,254,232,246,114,114,263,50,1914
LGA34770,5811,8859,11826,6065,6833,4952,7373,5994,1252,58955
LGA34800,128,24,62,19,44,17,46,108,16,461
LGA34830,9,17,10,16,13,3,9,15,4,93
LGA34860,1451,831,858,582,756,468,524,858,132,6463
LGA34880,1391,1281,1272,1131,974,687,644,1474,238,9088
LGA35010,25034,39202,32335,29224,30987,19947,15630,22976,4001,219332
LGA35250,22,47,21,46,17,12,8,36,3,213
LGA35300,736,1608,1950,951,1022,598,1438,871,209,9378
LGA35600,357,272,211,231,201,108,100,324,57,1869
LGA35670,11,17,15,20,5,8,31,14,20,137
LGA35740,3697,5008,3582,3162,2539,2438,936,2398,494,24250
LGA35760,1022,354,400,393,362,246,370,986,122,4250
LGA35780,79,147,95,167,110,51,52,94,43,837
LGA35790,15,61,25,130,37,13,14,30,18,339
LGA35800,181,76,67,73,56,33,55,92,20,648
LGA36070,21,21,14,36,11,4,10,28,9,144
LGA36150,108,41,49,22,46,14,43,65,10,389
LGA36250,10144,14123,11969,8986,11605,6939,4800,6985,1256,76809
LGA36300,119,35,39,25,31,17,46,86,15,410
LGA36370,3219,6157,5772,5316,4548,3303,3418,4553,687,36979
LGA36510,2856,2901,3040,2276,2151,1372,1389,2361,420,18769
LGA36580,1374,1132,1590,1297,1147,782,952,1712,260,10248
LGA36630,1858,1565,1636,1566,1148,1071,984,2087,260,12182
LGA36660,2317,1938,1845,1848,1560,1316,1309,2543,300,14978
LGA36720,19747,33789,24290,21525,19410,15288,7863,15619,2769,160291
LGA36820,1621,1637,1449,1383,1105,875,760,1526,247,10605
LGA36910,9522,15662,11495,10681,9879,6677,5087,9171,1331,79508
LGA36950,179,345,178,244,233,86,55,167,43,1520
LGA36960,124,209,82,183,119,82,28,152,28,1015
LGA37010,9528,18550,13681,15159,11599,8064,7007,8780,1617,93989
LGA37300,177,349,551,209,202,97,473,151,64,2271
LGA37310,2906,1732,2329,1393,1638,1164,1434,2249,254,15105
LGA37340,2292,2036,3009,2242,1768,1544,1959,2769,345,17965
LGA37400,171,41,68,42,54,38,47,84,14,559
LGA37550,10,42,13,55,25,0,14,33,5,194
LGA37570,6,14,0,8,4,0,5,6,7,44
LGA37600,30,76,39,128,50,9,9,51,8,398
LGA39499,290,488,386,429,275,208,319,732,98,3219
LGA39799,0,10,0,0,0,0,0,17,0,29
LGA40070,1728,4736,1000,1687,1478,878,236,716,197,12644
LGA40120,3725,6150,2655,2245,2333,1414,677,1543,304,21047
LGA40150,666,451,874,496,602,372,549,730,110,4851
LGA40220,1710,1759,1794,1590,1235,959,731,1472,209,11456
LGA40250,61,202,24,129,32,12,7,45,18,518
LGA40310,1942,1988,1844,1365,1341,936,794,1855,200,12267
LGA40430,253,139,97,103,92,41,52,122,14,913
LGA40520,589,643,615,647,436,372,324,853,96,4580
LGA40700,3802,8891,1481,2015,2726,1669,391,1013,324,22310
LGA40910,3187,7453,3275,3250,3918,2495,1120,2198,389,27289
LGA41010,286,243,166,251,162,99,115,229,29,1586
LGA41060,7891,14822,7712,7514,8739,5317,3237,5084,1037,61344
LGA41140,921,673,588,484,404,317,273,606,77,4337
LGA41190,264,84,105,75,72,58,51,99,19,831
LGA41330,68,71,63,103,51,58,45,54,18,528
LGA41560,660,723,807,837,565,540,412,697,106,5346
LGA41750,171,54,27,29,49,20,15,85,4,451
LGA41830,122,84,96,111,67,41,88,86,17,716
LGA41960,151,50,73,71,44,36,65,55,14,545
LGA42030,1181,1802,1753,1571,1508,1058,905,1272,200,11248
LGA42110,447,146,223,160,145,119,144,261,23,1669
LGA42250,809,500,678,392,460,316,349,563,68,4133
LGA42600,2962,5328,1941,2394,2454,1537,554,1068,287,18522
LGA42750,560,265,277,268,220,191,108,348,61,2290
LGA43080,177,31,27,45,25,21,29,59,9,430
LGA43220,190,50,49,45,43,19,37,64,11,507
LGA43360,278,100,117,105,87,89,68,200,16,1064
LGA43650,1219,1166,1299,988,1021,677,601,978,140,8102
LGA43710,581,393,400,317,303,224,169,312,61,2765
LGA43790,987,639,652,603,509,367,400,915,121,5186
LGA44000,9,14,0,8,0,0,0,0,0,27
LGA44060,5189,11999,6241,7123,6667,4014,1995,3780,813,47816
LGA44210,680,281,513,424,301,232,284,631,80,3429
LGA44340,5279,11842,3278,3897,4015,2587,821,2088,411,34217
LGA44550,2834,4113,3096,2533,2447,1855,966,1891,345,20081
LGA44620,1251,1829,1776,1847,1294,1402,1141,1620,196,12349
LGA44830,370,177,137,136,112,48,99,134,22,1232
LGA45040,1067,849,1205,1263,875,868,631,1782,193,8721
LGA45090,1003,484,551,344,377,362,225,930,99,4363
LGA45120,556,283,273,203,181,129,160,237,32,2058
LGA45290,2790,6960,1708,2073,2396,1452,552,1166,257,19346
LGA45340,8807,14384,13412,12138,11218,7781,4623,8476,1391,82233
LGA45400,143,66,40,38,25,21,14,48,11,398
LGA45540,84,35,46,73,34,51,43,88,7,474
LGA45680,3572,4157,5734,5965,4834,3792,4430,6162,962,39609
LGA45890,6559,13644,8427,8725,7985,4968,4391,7145,1224,63073
LGA46090,476,836,780,979,625,520,517,733,124,5584
LGA46300,695,1087,966,962,684,703,362,938,109,6509
LGA46450,730,986,989,1028,685,714,742,857,133,6865
LGA46510,1794,4010,1221,1254,1581,985,453,835,169,12294
LGA46670,713,465,557,521,435,376,329,972,102,4486
LGA46860,198,76,116,85,57,66,26,107,18,753
LGA46970,175,268,601,146,209,88,494,222,54,2254
LGA47140,5564,8933,9266,9449,8112,5541,6226,9267,1409,63767
LGA47290,305,80,106,67,81,56,89,170,16,967
LGA47490,260,137,148,69,90,68,63,140,11,975
LGA47630,914,331,471,261,328,232,335,743,50,3670
LGA47700,5810,10315,7570,6669,7743,4514,2815,4221,845,50516
LGA47800,707,199,226,226,192,167,176,407,42,2351
LGA47910,363,140,133,126,110,98,90,137,20,1206
LGA47980,3297,7736,1528,1967,2267,1476,351,1015,281,19908
LGA48050,666,870,792,924,560,592,244,649,75,5378
LGA48130,618,266,318,304,258,172,304,558,69,2869
LGA48260,679,1566,249,352,458,294,78,185,55,3914
LGA48340,1040,553,695,591,451,394,437,930,105,5200
LGA48410,3796,8559,3842,4688,4481,2742,1532,2824,516,32970
LGA48540,753,1248,1543,1186,802,758,1350,1029,197,8870
LGA48640,180,58,61,41,46,39,38,81,16,565
LGA48750,421,303,310,285,277,188,122,349,48,2291
LGA48830,1059,439,543,465,372,301,349,559,84,4168
LGA49399,343,134,177,130,97,42,174,276,47,1424
LGA49499,66,123,106,76,64,57,66,141,27,724
LGA49799,0,0,0,0,0,0,0,0,0,8
LGA50080,2215,3027,2726,2475,1845,1636,1203,2223,251,17599
LGA50210,4253,7912,7445,5586,5741,3575,4604,4526,809,44453
LGA50250,288,379,961,269,284,112,1022,415,100,3828
LGA50280,1310,1489,1431,961,692,689,478,1133,111,8297
LGA50350,978,2114,1188,914,1080,613,467,629,115,8098
LGA50420,4391,9796,4914,4261,4805,2685,2152,2982,572,36553
LGA50490,2302,4690,3432,2625,2818,1639,1988,2064,413,21968
LGA50560,170,74,74,57,60,31,76,92,17,651
LGA50630,97,79,149,55,76,25,190,76,15,759
LGA50770,278,79,89,48,79,43,72,104,13,807
LGA50840,380,332,380,253,197,151,268,264,41,2261
LGA50910,126,33,33,37,38,21,29,61,6,395
LGA50980,1088,1808,1004,1139,997,552,401,725,174,7893
LGA51080,210,46,37,33,36,8,30,61,10,466
LGA51120,151,34,44,37,34,14,49,44,0,411
LGA51190,1322,2525,2482,1779,1582,1281,1373,2063,236,14644
LGA51260,2498,3157,3399,2326,1874,1805,1277,2326,309,18958
LGA51310,2887,6444,904,1225,1581,948,253,547,200,14988
LGA51330,4632,12439,6382,6100,5659,3757,3434,4788,854,48045
LGA51400,955,1641,1627,1095,1006,717,846,1041,127,9068
LGA51470,69,20,31,19,25,16,29,41,0,252
LGA51540,448,282,275,278,269,186,170,328,52,2279
LGA51610,161,103,125,62,97,46,82,63,7,747
LGA51680,441,328,596,288,375,171,335,306,51,2893
LGA51710,100,97,143,123,92,14,80,105,16,771
LGA51750,1027,2324,259,533,535,371,78,183,74,5382
LGA51820,7197,14180,10505,7236,8308,4847,4178,5419,1039,62912
LGA51860,37,34,40,39,21,12,11,46,0,239
LGA51890,230,296,790,397,291,252,560,529,79,3420
LGA51960,82,114,291,109,127,69,405,129,33,1359
LGA52030,132,31,50,22,45,17,60,54,7,426
LGA52100,188,40,51,43,57,33,44,62,11,527
LGA52170,822,1844,189,364,374,282,55,111,83,4120
LGA52240,218,31,32,36,41,8,46,95,15,525
LGA52310,108,42,46,34,50,26,35,75,3,419
LGA52380,15,6,21,3,4,3,43,12,6,111
LGA52450,148,48,86,50,58,43,52,80,11,580
LGA52520,239,79,80,31,75,33,63,63,10,671
LGA52590,330,186,229,115,155,91,187,254,25,1571
LGA52660,707,934,1330,793,832,655,816,844,117,7025
LGA52730,503,528,397,277,228,179,131,310,45,2592
LGA52800,236,462,202,435,215,83,95,207,64,2001
LGA52870,485,385,463,273,252,155,320,373,53,2774
LGA52940,129,23,31,28,29,6,31,35,0,318
LGA53010,127,27,33,27,26,11,13,41,4,312
LGA53080,38,35,33,34,25,21,30,41,0,262
LGA53150,772,1509,318,408,408,290,78,188,43,4016
LGA53220,313,528,1366,307,305,144,1239,562,97,4859
LGA53290,1166,811,978,567,714,515,775,820,153,6504
LGA53360,226,256,322,231,198,131,76,236,43,1733
LGA53430,2481,6213,1824,1907,1509,955,520,920,238,16569
LGA53570,481,215,371,158,244,115,296,547,63,2487
LGA53640,208,44,81,21,49,26,57,99,10,610
LGA53710,129,44,62,41,49,17,52,50,8,440
LGA53780,4848,9817,9809,7286,7434,4916,6217,6947,1116,58391
LGA53800,1878,3032,3012,2421,2036,1618,1645,2043,282,17963
LGA53920,110,161,86,176,54,26,37,84,48,786
LGA53990,1314,1797,2670,1461,1485,1030,1550,1933,246,13484
LGA54060,211,172,282,140,137,118,156,210,42,1465
LGA54130,241,49,68,26,48,17,46,90,4,589
LGA54170,11428,21153,12693,9590,11672,6794,3570,5652,1187,83741
LGA54200,3443,5442,5011,3138,4186,2198,2690,2378,491,28979
LGA54280,1386,2246,3390,1414,1687,994,2545,1372,265,15298
LGA54310,1183,1631,2850,1029,1252,604,1216,1128,239,11129
LGA54340,241,207,272,181,180,141,111,447,37,1816
LGA54410,103,49,61,59,34,31,44,79,11,472
LGA54480,125,20,12,12,15,5,32,42,6,258
LGA54550,340,89,100,65,71,42,79,165,16,967
LGA54620,174,24,44,38,40,19,43,60,12,459
LGA54690,72,9,14,16,15,8,26,24,3,193
LGA54760,175,42,31,20,28,15,33,51,6,404
LGA54830,1679,3181,3915,2829,2613,1791,2465,2575,340,21377
LGA54900,304,57,71,40,61,38,71,81,23,744
LGA54970,47,66,106,41,30,4,180,41,7,518
LGA55040,62,52,138,62,69,17,165,97,16,669
LGA55110,3489,5215,6739,5061,3765,3438,3937,3895,632,36163
LGA55180,886,463,568,427,401,320,389,812,73,4339
LGA55250,75,60,85,47,38,18,87,60,12,483
LGA55320,7912,17167,5352,5008,6802,4135,1728,2908,734,51746
LGA55390,15,30,60,7,14,0,90,24,3,247
LGA55460,258,165,222,155,151,112,173,148,34,1414
LGA55530,83,13,14,14,9,9,20,20,3,184
LGA55600,267,115,144,106,110,58,113,144,16,1078
LGA55670,95,32,17,26,20,12,19,28,3,249
LGA55740,836,1733,278,482,424,321,99,235,65,4486
LGA55810,25,26,27,12,16,7,29,28,6,179
LGA55880,116,13,23,14,18,3,22,36,3,249
LGA55950,112,29,33,13,21,11,28,20,7,270
LGA56090,2355,3891,3161,2079,2385,1445,1375,1410,358,18464
LGA56160,21,0,3,4,0,0,0,9,4,40
LGA56230,777,787,1553,874,698,610,1055,879,141,7368
LGA56300,151,80,83,54,57,23,52,119,8,617
LGA56370,146,34,36,20,26,16,22,53,4,362
LGA56460,339,336,323,258,221,160,162,282,31,2119
LGA56580,2036,4989,484,937,1059,671,154,364,158,10851
LGA56620,38,86,7,35,22,0,6,22,5,221
LGA56730,573,579,739,571,545,415,465,605,88,4577
LGA56790,308,138,142,136,109,78,127,233,33,1306
LGA56860,37,7,10,12,10,3,13,12,0,98
LGA56930,184,280,28,78,65,51,10,21,17,737
LGA57000,119,25,32,18,25,3,57,35,4,308
LGA57080,2254,6138,1527,2092,1775,986,550,1124,249,16702
LGA57140,112,41,53,38,35,19,29,59,10,391
LGA57210,523,257,287,219,221,143,205,401,55,2308
LGA57280,731,1020,1938,650,871,431,1161,774,202,7782
LGA57350,107,25,27,34,24,17,27,35,0,296
LGA57420,219,99,166,66,93,40,182,112,34,997
LGA57490,6050,8990,12233,9169,7292,5361,6046,6742,1145,63025
LGA57630,10,0,3,5,3,0,8,8,5,44
LGA57700,1696,2025,3232,1913,2205,1211,1879,1555,341,16059
LGA57770,67,51,76,61,46,30,36,84,14,475
LGA57840,3507,8629,1962,2356,2709,1645,724,1194,355,23079
LGA57910,15355,33757,14326,13749,14362,9265,5796,9717,1899,118218
LGA57980,1407,4465,496,749,885,530,143,368,112,9155
LGA58050,7728,11444,13081,10196,10309,6710,7723,7943,1405,76545
LGA58190,61,10,11,17,15,9,10,21,0,161
LGA58260,86,15,29,28,24,4,30,21,12,242
LGA58330,271,266,329,218,228,123,249,182,41,1904
LGA58400,50,7,15,13,13,3,16,7,0,125
LGA58470,23,17,0,5,0,0,0,11,0,56
LGA58510,2581,6424,2383,2392,2418,1340,1034,1521,316,20410
LGA58540,161,30,45,21,25,23,43,59,7,412
LGA58570,3450,8789,1989,2189,2362,1300,588,1064,281,22010
LGA58610,162,73,100,74,67,49,70,124,16,734
LGA58680,79,17,23,10,18,6,46,36,3,242
LGA58760,10829,17222,18242,13956,13906,9406,8149,11056,1827,104601
LGA58820,192,144,407,174,152,105,286,236,51,1750
LGA58890,196,32,31,17,21,10,28,43,0,378
LGA59030,51,5,9,0,15,6,10,12,5,115
LGA59100,132,20,30,22,19,13,25,46,4,322
LGA59170,195,56,54,31,38,23,54,84,8,537
LGA59250,27,20,40,17,11,3,36,36,8,196
LGA59310,167,66,95,49,62,52,70,85,10,648
LGA59320,89,16,16,14,18,11,19,25,3,210
LGA59330,68,26,20,17,33,5,15,31,3,208
LGA59340,492,647,399,472,387,157,201,358,82,3198
LGA59350,14,9,24,7,8,0,39,14,0,120
LGA59360,155,27,107,32,52,16,138,78,14,620
LGA59370,249,193,215,164,152,97,136,162,29,1408
LGA59499,107,257,272,223,150,77,213,292,33,1614
LGA59799,9,33,83,9,10,0,31,98,6,277
LGA60210,342,318,347,328,215,211,164,358,48,2328
LGA60410,785,867,1375,1245,1183,823,746,1035,189,8256
LGA60610,843,1394,1259,1275,1007,883,801,1144,130,8736
LGA60810,1279,1655,1556,1359,1023,843,852,1234,187,9989
LGA61010,242,73,125,112,77,36,102,200,19,989
LGA61210,733,346,411,364,285,246,354,822,69,3626
LGA61410,3837,6856,4021,3962,4097,2370,1092,2296,468,28997
LGA61510,450,491,799,735,549,394,467,641,95,4622
LGA61610,1121,1603,1702,1709,1167,1152,830,1701,207,11207
LGA61810,586,273,391,288,245,199,296,539,50,2874
LGA62010,126,57,54,47,38,28,24,60,12,453
LGA62210,247,293,406,330,221,213,309,390,65,2489
LGA62410,393,232,277,242,189,123,113,409,38,2015
LGA62610,2094,3688,3509,3937,3101,2289,1572,2976,506,23678
LGA62810,4127,10560,2545,3687,3077,2039,589,1749,415,28780
LGA63010,1122,1452,1214,890,834,494,449,1026,181,7657
LGA63210,402,336,509,332,279,185,290,417,62,2815
LGA63410,206,77,110,61,80,46,45,187,20,838
LGA63610,2709,5415,2558,2343,2468,1510,617,1465,347,19444
LGA63810,757,781,884,747,550,530,453,681,99,5479
LGA64010,3620,6686,4195,4689,3555,3115,2288,3755,566,32465
LGA64210,1468,1464,1354,1166,1185,850,797,1199,168,9654
LGA64610,984,797,986,722,683,568,569,883,121,6313
LGA64810,975,1203,1338,1050,1135,695,443,835,171,7839
LGA65010,449,280,492,372,343,250,311,415,88,2994
LGA65210,165,146,142,123,83,43,62,151,25,939
LGA65410,695,908,914,805,607,525,564,710,122,5836
LGA65610,166,156,256,214,128,108,249,276,36,1588
LGA65810,1461,2458,1700,1501,1346,1044,732,1054,197,11506
LGA69499,24,50,48,39,27,21,37,50,11,309
LGA69799,0,0,0,0,0,0,0,5,0,12
LGA70200,1682,3486,1736,2412,1739,847,489,971,358,13726
LGA70420,274,357,191,369,187,81,76,321,48,1904
LGA70540,0,5,3,5,5,0,0,0,3,17
LGA70620,120,152,41,163,55,27,59,109,12,744
LGA70700,75,71,47,42,38,23,47,70,21,435
LGA71000,5911,11580,5445,6361,5797,3005,1892,3339,795,44133
LGA71150,58,72,12,25,22,6,0,4,0,209
LGA71300,147,404,133,327,100,104,76,121,94,1498
LGA72200,593,820,751,794,562,237,241,388,108,4486
LGA72300,1571,1454,2122,1359,1624,630,852,911,256,10776
LGA72330,148,265,73,331,82,44,28,167,21,1155
LGA72800,2111,3012,3179,3161,3093,1545,1249,1523,393,19262
LGA73600,197,305,104,253,108,50,90,217,55,1367
LGA74050,61,120,37,108,41,24,12,47,16,462
LGA74550,120,145,76,136,53,25,42,217,19,836
LGA74560,30,43,30,25,33,14,11,9,3,186
LGA74660,184,414,174,269,129,47,54,140,49,1463
LGA74680,48,124,37,99,29,27,21,56,39,470
LGA79399,468,625,529,485,368,172,275,339,65,3334
LGA79499,54,107,49,62,46,19,31,107,22,500
LGA79799,0,18,9,5,0,0,4,26,0,56
LGA89399,44363,78121,23848,27111,36128,15185,6002,12362,5261,248388
LGA89499,28,51,25,30,27,21,5,19,0,216
LGA89799,0,0,0,0,0,0,0,0,0,0
LGA99399,212,165,209,171,169,116,45,122,20,1231
LGA99499,0,4,0,0,0,0,0,0,0,3
LGA99799,0,0,0,0,0,0,0,0,0,0
