SA4_CODE_2021,C16_P_25_29_Em_FT,C16_P_25_29_Em_PT,C16_P_25_29_Em_AFW,C16_P_25_29_Em_Hrs_NS,C16_P_25_29_Em_Tot,C16_P_25_29_Unem_Look_FT,C16_P_25_29_Unem_Look_PT,C16_P_25_29_Unem_Tot,C16_P_25_29_Tot_LF,C16_P_25_29_Not_LF,C16_P_25_29_LF_NS,C16_P_25_29_Tot,C16_P_30_34_Em_FT,C16_P_30_34_Em_PT,C16_P_30_34_Em_AFW,C16_P_30_34_Em_Hrs_NS,C16_P_30_34_Em_Tot,C16_P_30_34_Unem_Look_FT,C16_P_30_34_Unem_Look_PT,C16_P_30_34_Unem_Tot,C16_P_30_34_Tot_LF,C16_P_30_34_Not_LF,C16_P_30_34_LF_NS,C16_P_30_34_Tot,C16_P_35_39_Em_FT,C16_P_35_39_Em_PT,C16_P_35_39_Em_AFW,C16_P_35_39_Em_Hrs_NS,C16_P_35_39_Em_Tot,C16_P_35_39_Unem_Look_FT,C16_P_35_39_Unem_Look_PT,C16_P_35_39_Unem_Tot,C16_P_35_39_Tot_LF,C16_P_35_39_Not_LF,C16_P_35_39_LF_NS,C16_P_35_39_Tot,C16_P_40_44_Em_FT,C16_P_40_44_Em_PT,C16_P_40_44_Em_AFW,C16_P_40_44_Em_Hrs_NS,C16_P_40_44_Em_Tot,C16_P_40_44_Unem_Look_FT,C16_P_40_44_Unem_Look_PT,C16_P_40_44_Unem_Tot,C16_P_40_44_Tot_LF,C16_P_40_44_Not_LF,C16_P_40_44_LF_NS,C16_P_40_44_Tot,C16_P_45_49_Em_FT,C16_P_45_49_Em_PT,C16_P_45_49_Em_AFW,C16_P_45_49_Em_Hrs_NS,C16_P_45_49_Em_Tot,C16_P_45_49_Unem_Look_FT,C16_P_45_49_Unem_Look_PT,C16_P_45_49_Unem_Tot,C16_P_45_49_Tot_LF,C16_P_45_49_Not_LF,C16_P_45_49_LF_NS,C16_P_45_49_Tot,C16_P_50_54_Em_FT,C16_P_50_54_Em_PT,C16_P_50_54_Em_AFW,C16_P_50_54_Em_Hrs_NS,C16_P_50_54_Em_Tot,C16_P_50_54_Unem_Look_FT,C16_P_50_54_Unem_Look_PT,C16_P_50_54_Unem_Tot,C16_P_50_54_Tot_LF,C16_P_50_54_Not_LF,C16_P_50_54_LF_NS,C16_P_50_54_Tot,C16_P_55_59_Em_FT,C16_P_55_59_Em_PT,C16_P_55_59_Em_AFW,C16_P_55_59_Em_Hrs_NS,C16_P_55_59_Em_Tot,C16_P_55_59_Unem_Look_FT,C16_P_55_59_Unem_Look_PT,C16_P_55_59_Unem_Tot,C16_P_55_59_Tot_LF,C16_P_55_59_Not_LF,C16_P_55_59_LF_NS,C16_P_55_59_Tot,C16_P_60_64_Em_FT,C16_P_60_64_Em_PT,C16_P_60_64_Em_AFW,C16_P_60_64_Em_Hrs_NS,C16_P_60_64_Em_Tot,C16_P_60_64_Unem_Look_FT,C16_P_60_64_Unem_Look_PT,C16_P_60_64_Unem_Tot,C16_P_60_64_Tot_LF,C16_P_60_64_Not_LF,C16_P_60_64_LF_NS,C16_P_60_64_Tot,C16_P_65_69_Em_FT,C16_P_65_69_Em_PT,C16_P_65_69_Em_AFW,C16_P_65_69_Em_Hrs_NS,C16_P_65_69_Em_Tot,C16_P_65_69_Unem_Look_FT,C16_P_65_69_Unem_Look_PT,C16_P_65_69_Unem_Tot,C16_P_65_69_Tot_LF,C16_P_65_69_Not_LF,C16_P_65_69_LF_NS,C16_P_65_69_Tot,C16_P_70_74_Em_FT,C16_P_70_74_Em_PT,C16_P_70_74_Em_AFW,C16_P_70_74_Em_Hrs_NS,C16_P_70_74_Em_Tot,C16_P_70_74_Unem_Look_FT,C16_P_70_74_Unem_Look_PT,C16_P_70_74_Unem_Tot,C16_P_70_74_Tot_LF,C16_P_70_74_Not_LF,C16_P_70_74_LF_NS,C16_P_70_74_Tot,C16_P_75over_Em_FT,C16_P_75over_Em_PT,C16_P_75over_Emp_Aw_fr_w,C16_P_75over_Emp_Hou_w_ns,C16_P_75over_Em_Tot,C16_P_75over_Unem_Lo_ft_wor,C16_P_75over_Unem_Lo_pt_wor,C16_P_75over_Unemp_Tot,C16_P_75over_Tot_lab_for,C16_P_75over_N_lab_forc,C16_P_75over_LF_NS,C16_P_75over_Tot,C16_P_Tot_Em_FT,C16_P_Tot_Em_PT,C16_P_Tot_Em_AFW,C16_P_Tot_Em_Hrs_NS,C16_P_Tot_Em_Tot,C16_P_Tot_Unem_Look_FT,C16_P_Tot_Unem_Look_PT,C16_P_Tot_Unem_Tot,C16_P_Tot_Tot_labo_for,C16_P_Tot_Not_LF,C16_P_Tot_LF_NS,C16_P_Tot_Tot,C21_P_15_19_Em_FT,C21_P_15_19_Em_PT,C21_P_15_19_Em_AFW,C21_P_15_19_Em_Hrs_NS,C21_P_15_19_Em_Tot,C21_P_15_19_Unem_Look_FT,C21_P_15_19_Unem_Look_PT,C21_P_15_19_Unem_Tot,C21_P_15_19_Tot_LF,C21_P_15_19_Not_LF,C21_P_15_19_LF_NS,C21_P_15_19_Tot,C21_P_20_24_Em_FT,C21_P_20_24_Em_PT,C21_P_20_24_Em_AFW,C21_P_20_24_Em_Hrs_NS,C21_P_20_24_Em_Tot,C21_P_20_24_Unem_Look_FT,C21_P_20_24_Unem_Look_PT,C21_P_20_24_Unem_Tot,C21_P_20_24_Tot_LF,C21_P_20_24_Not_LF,C21_P_20_24_LF_NS,C21_P_20_24_Tot,C21_P_25_29_Em_FT,C21_P_25_29_Em_PT,C21_P_25_29_Em_AFW,C21_P_25_29_Em_Hrs_NS,C21_P_25_29_Em_Tot,C21_P_25_29_Unem_Look_FT,C21_P_25_29_Unem_Look_PT,C21_P_25_29_Unem_Tot,C21_P_25_29_Tot_LF,C21_P_25_29_Not_LF,C21_P_25_29_LF_NS,C21_P_25_29_Tot,C21_P_30_34_Em_FT,C21_P_30_34_Em_PT,C21_P_30_34_Em_AFW,C21_P_30_34_Em_Hrs_NS,C21_P_30_34_Em_Tot,C21_P_30_34_Unem_Look_FT,C21_P_30_34_Unem_Look_PT,C21_P_30_34_Unem_Tot,C21_P_30_34_Tot_LF,C21_P_30_34_Not_LF,C21_P_30_34_LF_NS,C21_P_30_34_Tot,C21_P_35_39_Em_FT,C21_P_35_39_Em_PT,C21_P_35_39_Em_AFW,C21_P_35_39_Em_Hrs_NS,C21_P_35_39_Em_Tot,C21_P_35_39_Unem_Look_FT,C21_P_35_39_Unem_Look_PT,C21_P_35_39_Unem_Tot
101,5412,1969,348,159,7888,335,149,488,8373,1610,817,10804,5601,2363,490,148,8601,266,146,417,9016,1712,809,11538,5721,2543,335,169,8765,253,133,388,9149,1662,768,11579,7295,2921,315,185,10715,272,138,412,11128,1784,935,13845,8146,3173,352,179,11852,280,118,393,12247,2072,1070,15392,8055,3289,426,194,11968,280,155,438,12401,2551,1156,16113,6675,3513,534,162,10884,259,170,433,11317,4295,1133,16745,4012,2966,419,121,7524,212,193,405,7927,6927,1129,15987,1666,1677,209,76,3627,28,61,87,3719,10420,1203,15339,592,718,86,54,1446,10,19,28,1477,8758,980,11212,375,423,53,91,947,12,7,22,970,15011,2521,18510,59495,31860,4008,1972,97338,2959,2027,4984,102319,63683,14067,180076,1735,4337,406,180,6661,185,447,631,7295,4709,782,12785,4820,2950,311,190,8272,281,204,481,8759,1413,707,10876,6438,2613,529,245,9821,252,156,411,10230,1616,921,12766,7113,3042,725,214,11089,205,119,320,11411,1673,903,13984,7423,3022,538,215,11195,166,108,278
102,8598,3311,534,239,12690,648,300,946,13637,2665,898,17196,8666,3919,710,227,13523,487,289,778,14300,2902,875,18078,8818,4253,549,253,13876,446,295,741,14614,2988,905,18508,10423,4828,394,249,15897,494,329,821,16719,3117,1031,20868,10894,4938,393,260,16480,534,262,803,17283,3328,1128,21737,10511,4834,504,231,16083,567,273,843,16927,3883,1079,21895,8982,4801,556,189,14537,466,287,749,15286,5584,1171,22044,4988,3767,455,155,9370,336,252,585,9958,9283,1083,20321,1556,2061,180,76,3873,39,91,125,4000,14817,1215,20034,388,880,58,41,1374,12,25,38,1411,13978,1170,16557,141,341,22,62,568,10,19,31,603,27537,3834,31967,82787,49220,5076,2514,139595,5823,4275,10101,149698,101393,16220,267309,1760,5922,1967,173,9822,416,1016,1433,11252,8128,896,20276,5649,5277,2020,253,13198,661,394,1056,14255,3340,899,18486,7960,3947,1571,301,13779,517,236,755,14533,2970,1048,18552,8243,4427,1843,303,14818,389,168,553,15373,3159,1039,19570,9243,5084,1569,254,16157,327,211,536
103,5434,1952,371,159,7917,393,174,569,8486,2126,868,11479,5291,2438,417,166,8310,318,181,499,8804,1985,825,11619,5268,2327,289,168,8051,315,157,471,8523,1878,828,11225,6190,2615,226,160,9186,340,129,467,9662,1849,919,12429,6630,2586,266,160,9639,335,147,482,10123,2115,1039,13278,6512,2676,302,167,9657,331,158,489,10151,2454,1133,13738,5899,2654,373,120,9054,276,147,423,9472,3369,1095,13938,3646,2267,320,114,6344,192,127,315,6667,5136,1033,12830,1586,1332,172,78,3162,19,36,57,3220,8233,1156,12606,617,754,90,63,1525,6,12,17,1548,7341,990,9878,454,501,56,111,1116,7,10,18,1139,14236,2201,17577,53417,27637,3381,1848,86288,3569,2133,5707,91990,59170,14088,165244,1791,3837,359,163,6157,236,421,658,6810,5091,787,12689,4820,2619,322,191,7955,372,241,614,8570,1770,824,11161,6095,2283,528,196,9110,255,163,419,9521,1813,776,12117,6228,2700,628,173,9726,210,118,330,10054,1785,901,12743,6242,2762,427,150,9574,202,122,325
104,2522,1332,180,92,4120,290,141,430,4552,1302,442,6302,2555,1538,198,75,4372,228,131,361,4734,1293,425,6454,2725,1692,164,75,4655,230,139,365,5023,1221,420,6662,3529,1986,143,92,5744,231,132,363,6104,1382,535,8026,3742,2114,166,95,6115,221,120,345,6455,1566,576,8592,3775,2290,213,111,6388,256,140,401,6792,2150,629,9571,3488,2486,267,79,6320,247,156,407,6732,3167,782,10675,2126,2024,225,74,4455,171,147,314,4770,5166,672,10608,713,958,97,45,1814,15,39,54,1868,7456,717,10046,203,371,40,21,633,5,16,21,653,6342,590,7586,114,202,18,51,387,8,3,9,394,11612,1750,13755,28133,20926,1993,1022,52076,2690,1778,4462,56547,47410,8475,112424,784,2812,249,96,3935,193,386,576,4516,2941,496,7950,2206,1799,162,137,4296,268,150,420,4715,1228,422,6369,2802,1709,260,129,4899,215,122,340,5240,1353,519,7112,3103,2007,314,138,5562,195,119,319,5877,1468,576,7919,3380,2113,251,106,5848,150,100,251
105,3445,1031,200,104,4778,277,124,401,5182,1336,669,7185,3012,1231,262,90,4590,233,102,334,4928,1279,612,6822,2818,1182,136,89,4226,219,89,306,4527,1026,515,6067,3207,1156,110,102,4573,204,88,292,4865,1131,602,6596,3540,1254,104,100,5007,235,85,319,5320,1169,653,7151,3725,1240,166,102,5232,199,76,272,5504,1547,705,7756,3506,1326,210,91,5139,199,88,285,5421,1970,747,8135,2234,1088,179,79,3571,108,92,200,3776,2711,678,7171,997,684,100,58,1847,12,27,34,1878,4093,634,6605,395,353,31,43,829,3,8,9,839,3817,566,5217,297,275,35,68,677,3,6,8,690,7627,1175,9488,30428,13403,1745,1133,46712,2314,1213,3522,50237,32312,8604,91150,926,1776,133,87,2924,164,192,360,3284,2468,785,6541,2536,1060,137,118,3853,179,124,303,4153,1113,719,5979,3716,1298,314,148,5476,173,78,255,5726,1197,843,7776,3606,1424,345,142,5514,128,70,196,5709,1157,847,7714,3268,1340,208,107,4921,119,59,176
106,7391,2884,498,203,10976,613,297,907,11884,2703,1007,15598,7357,3296,575,181,11405,456,270,731,12136,2825,1044,16004,7236,3440,403,210,11289,472,239,709,12001,2617,867,15484,8276,3721,365,210,12564,483,256,737,13307,2642,1048,16994,8562,3694,372,224,12859,516,203,715,13573,2720,1065,17361,8175,3592,406,194,12360,439,206,647,13008,3339,1068,17418,6808,3388,497,147,10839,380,202,579,11416,4947,1051,17405,3701,2705,325,134,6866,270,164,435,7300,7783,1075,16165,1233,1466,149,58,2901,24,58,84,2992,11372,1109,15472,359,597,48,36,1046,5,15,21,1061,9806,980,11852,218,340,35,69,667,8,9,16,683,16096,2126,18897,66978,37604,4274,2098,110962,5357,3306,8664,119631,76326,14190,210149,2398,5525,940,197,9055,481,830,1310,10360,6401,819,17584,6657,4201,768,261,11892,582,374,955,12848,2480,854,16178,8553,3577,940,282,13355,470,226,696,14055,2789,917,17758,8900,4157,1052,275,14385,333,212,545,14930,2854,972,18755,8835,4227,846,241,14155,282,196,476
107,8567,3602,570,211,12949,613,400,1012,13959,3201,938,18102,8608,3788,721,222,13350,430,296,723,14066,2824,906,17794,8444,4155,554,166,13314,375,278,651,13967,2798,760,17527,9668,4648,386,179,14886,434,272,704,15594,2848,823,19264,9575,4159,375,202,14306,421,237,660,14967,3046,863,18878,9399,4264,460,184,14302,416,205,616,14922,3806,921,19649,7666,3848,507,145,12168,358,187,545,12715,5563,941,19210,3747,2912,379,102,7136,204,181,380,7519,8616,889,17024,1042,1354,137,54,2583,24,58,86,2673,11986,928,15588,245,497,37,40,816,6,13,20,839,10734,885,12454,111,228,31,51,425,5,17,19,438,21462,2495,24397,75469,44938,4830,2087,127328,4791,4595,9387,136721,89925,13087,239723,1742,5141,1732,137,8748,367,960,1323,10071,8247,804,19124,6384,6025,2240,269,14921,727,645,1369,16285,4074,967,21328,9255,4290,1671,301,15517,528,286,818,16335,2897,957,20186,8757,4598,1818,271,15439,354,224,576,16013,2876,923,19809,9025,4847,1380,195,15455,291,180,473
108,3254,1843,239,125,5457,423,172,603,6054,1925,591,8567,3302,1999,324,103,5731,299,166,470,6204,1961,536,8698,3621,2296,221,138,6281,308,173,480,6763,1914,544,9215,4914,2703,233,146,7993,347,172,518,8520,2291,682,11492,5416,3034,274,177,8900,392,202,598,9500,2424,813,12739,5563,3420,344,174,9503,416,216,630,10127,3378,981,14489,5196,3595,462,162,9415,406,275,683,10095,5196,1082,16371,3041,2972,368,120,6505,329,226,551,7052,8594,1092,16742,1104,1547,163,84,2893,22,50,73,2974,13758,1310,18034,348,625,65,64,1107,5,24,29,1134,12574,1195,14906,218,308,45,87,662,11,12,19,683,22231,3095,26007,39617,29593,3216,1734,74159,4012,2513,6526,80684,83640,13166,177491,1377,4149,371,178,6073,292,522,814,6886,4533,783,12206,3194,2564,315,197,6266,408,275,686,6947,1792,616,9356,3830,2188,412,162,6587,327,185,512,7099,1840,692,9633,4035,2553,387,164,7137,288,134,421,7557,1896,689,10145,4408,2763,364,146,7668,251,133,386
109,2945,1171,202,76,4390,204,83,290,4680,892,506,6084,2935,1395,254,81,4671,171,93,268,4932,906,490,6333,2817,1463,141,73,4492,157,70,227,4724,907,439,6068,3366,1533,139,98,5136,142,95,240,5369,903,498,6768,3644,1558,150,98,5449,191,82,269,5719,1003,546,7266,3760,1597,204,87,5639,181,72,251,5889,1147,542,7579,3532,1744,270,106,5653,155,91,247,5896,1779,665,8339,2238,1502,246,84,4077,113,87,204,4280,3047,658,7984,873,889,106,76,1947,15,29,49,1994,5065,644,7715,324,376,63,33,796,7,11,18,812,4651,549,6016,193,238,36,47,521,0,4,8,521,8987,1485,10994,29960,16999,2051,1091,50100,1851,1189,3043,53140,33179,8041,94356,944,2369,202,104,3620,136,256,384,4009,2573,513,7090,2668,1596,181,110,4549,192,138,332,4881,863,476,6222,3469,1371,283,121,5243,157,81,240,5483,827,562,6878,3248,1580,302,95,5224,99,73,174,5405,868,542,6805,3341,1689,244,84,5360,99,69,170
110,4751,1712,312,142,6921,392,179,571,7495,1888,844,10226,4607,1983,330,129,7047,291,142,433,7482,1717,795,9986,4448,1981,245,137,6812,266,150,413,7224,1605,779,9612,5182,2214,188,146,7729,290,149,444,8172,1646,837,10647,5652,2238,215,153,8257,305,113,423,8685,1752,893,11325,5852,2371,241,143,8605,269,122,389,8996,2109,969,12080,5329,2457,320,166,8277,238,141,376,8655,3005,1084,12737,3593,2017,278,117,6010,197,157,357,6364,4324,1001,11695,1596,1249,147,79,3071,14,28,46,3119,6960,1006,11081,663,675,53,66,1463,10,7,11,1479,6534,891,8897,459,438,79,98,1067,9,6,19,1092,12348,2103,15537,47148,24219,2869,1750,75986,3227,1998,5219,81208,51726,12988,145924,1516,3328,245,166,5255,228,401,625,5883,4453,1222,11556,3977,2104,258,178,6515,384,248,628,7146,1861,1202,10211,5278,1950,384,169,7783,307,161,465,8254,1648,1092,10994,5159,2168,428,181,7934,248,136,378,8316,1571,1075,10960,5084,2213,319,126,7743,169,116,289
111,11925,4696,742,310,17672,773,450,1221,18897,3288,1083,23264,11513,4967,1004,252,17736,684,376,1054,18791,3349,940,23078,10486,5248,602,226,16560,607,290,894,17454,3173,819,21446,11509,5574,449,243,17771,606,314,923,18695,3288,903,22891,11903,5267,418,237,17814,623,285,913,18729,3492,1031,23258,11272,5050,497,221,17042,574,260,834,17876,4395,1039,23310,9721,4806,610,169,15302,485,277,770,16077,6358,1137,23567,5004,3800,424,104,9330,349,275,623,9951,10600,1028,21576,1395,1864,186,61,3503,39,67,107,3615,15460,1073,20147,304,794,63,41,1206,9,27,29,1235,13872,1017,16125,129,359,33,63,584,11,15,26,606,26132,3959,30705,94963,56985,5979,2522,160448,6913,5485,12397,172840,107158,15690,295688,2215,8193,1258,172,11833,472,1388,1860,13698,7822,940,22461,8592,9422,1362,345,19721,778,759,1543,21261,3875,1273,26409,13049,6006,1290,358,20701,682,360,1041,21738,3135,1191,26063,13044,6155,1520,290,21010,449,290,743,21750,3053,1128,25934,12787,6433,1221,244,20681,415,260,678
112,4046,2512,289,166,7011,401,242,643,7644,1860,880,10392,4591,3002,411,171,8183,332,194,517,8699,2180,930,11815,5168,3464,301,173,9107,349,218,567,9674,2151,987,12814,6241,4040,283,218,10783,406,242,649,11436,2373,1147,14951,6799,4085,272,199,11355,419,226,645,12005,2604,1214,15818,7028,4292,321,198,11836,451,242,688,12525,3265,1377,17165,6432,4609,424,191,11657,412,287,698,12352,4977,1504,18830,3937,3821,401,139,8292,304,266,569,8857,7975,1582,18416,1375,2019,197,85,3681,26,62,88,3769,11704,1342,16820,394,728,55,46,1221,6,35,42,1262,10209,1070,12536,288,389,37,102,822,11,7,21,839,20534,3213,24594,50691,40256,3400,2087,96433,4116,3171,7285,103712,77750,17056,198517,1352,5136,504,186,7172,255,637,886,8064,4696,983,13741,3677,3672,424,200,7978,385,289,674,8648,1679,946,11273,4619,3281,551,226,8677,312,198,507,9192,1746,1090,12025,5265,3916,736,240,10161,236,194,430,10599,1982,1160,13736,6066,4186,604,227,11087,234,190,422
113,4912,1629,290,150,6979,299,112,413,7394,1557,669,9613,4473,1817,347,154,6785,237,117,353,7139,1577,649,9360,4207,1846,219,108,6381,226,110,336,6713,1394,613,8718,4842,1986,172,105,7103,205,83,289,7394,1406,662,9461,5209,1893,167,122,7396,201,79,279,7671,1401,687,9765,5242,1972,239,118,7573,189,76,266,7837,1526,757,10122,4823,1957,269,136,7189,175,91,267,7456,2201,802,10453,2946,1631,258,102,4937,113,92,202,5140,3448,786,9374,1168,1020,149,71,2415,10,33,39,2454,5315,710,8480,418,449,71,41,980,7,6,12,998,4955,615,6566,286,349,38,81,747,7,8,13,765,10510,1747,13018,44221,21173,2540,1521,69454,2366,1458,3822,73277,41543,10028,124846,1871,3157,220,143,5383,177,358,530,5921,3840,697,10463,4352,2291,274,214,7142,258,196,454,7594,1689,746,10028,5381,1888,383,172,7821,251,129,381,8203,1537,750,10493,5252,2171,410,162,7998,183,104,287,8285,1509,673,10470,5123,2187,263,138,7714,170,102,278
114,2957,1356,204,103,4620,181,98,280,4897,1171,449,6520,2892,1518,221,81,4708,174,95,269,4977,1311,467,6753,3020,1662,169,72,4922,159,88,248,5169,1271,444,6883,3805,2025,135,86,6060,189,100,288,6349,1389,527,8256,4095,2130,189,111,6529,174,124,295,6820,1553,581,8957,4318,2252,222,116,6910,186,101,290,7201,1948,646,9786,3842,2481,276,112,6717,177,136,314,7030,3180,651,10860,2237,2100,214,88,4633,134,131,262,4900,5476,732,11111,815,1310,129,49,2302,13,46,59,2364,8977,830,12173,269,613,41,26,948,5,19,26,974,8181,734,9891,138,309,21,56,528,10,4,12,541,14118,1996,16656,31761,21880,2103,1153,56895,1977,1417,3392,60288,53402,8983,122674,1063,2681,391,126,4259,147,303,448,4708,3202,501,8411,2656,1951,258,129,5000,243,150,391,5387,1064,445,6898,3454,1657,379,121,5611,162,91,251,5863,1198,453,7515,3590,2024,454,121,6183,162,86,245,6429,1322,482,8234,3688,2149,350,106,6302,141,95,235
115,6820,1759,267,183,9031,260,138,402,9433,1122,430,10988,6848,2153,454,177,9638,217,130,348,9979,1607,385,11971,8427,3016,363,172,11979,256,191,442,12423,1914,468,14804,10259,3767,219,208,14451,275,169,444,14899,1936,545,17378,10477,3613,209,182,14475,305,176,477,14955,1920,602,17476,9784,3249,248,157,13441,269,142,416,13855,1882,628,16369,7916,2951,290,123,11276,248,137,385,11662,2764,529,14944,4604,2605,228,84,7522,163,116,278,7801,4739,447,12994,1868,1829,157,63,3918,50,68,120,4036,7117,462,11616,531,816,61,31,1430,4,22,29,1458,6614,414,8486,147,380,28,29,586,4,12,16,608,11070,1293,12970,74729,35845,3025,1725,115319,2547,2781,5324,120641,53058,7080,180785,1158,4183,1767,76,7187,123,804,929,8118,9765,393,18272,5252,4581,1802,164,11802,360,426,784,12588,2726,382,15695,6648,2176,852,146,9825,295,136,434,10257,1388,451,12093,7133,2605,1135,218,11094,271,114,383,11476,1868,437,13785,10516,3723,1171,264,15679,292,159,452
116,12357,3913,554,498,17316,899,453,1347,18666,4513,1212,24386,14776,4519,801,483,20578,838,418,1252,21836,5107,1396,28333,14889,4600,530,449,20471,731,402,1132,21599,4593,1257,27449,13482,4155,336,368,18345,621,362,984,19322,4024,1101,24453,11911,3551,289,360,16113,604,296,907,17017,3919,1021,21963,10786,3100,341,279,14515,511,246,751,15267,4131,984,20379,8471,2671,316,194,11656,435,278,714,12369,5048,895,18317,4844,2158,258,149,7408,342,235,578,7982,6819,813,15616,1604,1044,105,54,2808,40,53,96,2900,9430,752,13077,267,355,26,24,675,11,14,28,705,7329,605,8638,70,121,15,25,231,4,7,12,244,11933,1133,13307,103241,41614,4170,3651,152674,6736,5262,12000,164679,84354,13282,262311,1046,4406,1813,157,7419,424,1182,1606,9024,14208,1275,24508,6680,6520,2862,481,16546,995,872,1865,18415,6585,1683,26679,11286,5018,2342,589,19241,818,480,1302,20540,5661,2064,28266,13724,5349,2697,628,22398,776,397,1174,23569,6412,1978,31950,18387,6062,2452,564,27470,866,380,1246
117,25243,8870,731,650,35490,968,900,1869,37357,6022,5837,49214,25260,6448,1063,549,33324,739,449,1187,34514,3661,4686,42860,16944,4619,784,310,22649,581,292,876,23528,2664,3052,29246,13036,3580,452,219,17288,479,238,719,18008,2281,2291,22577,10470,2897,286,197,13844,534,207,744,14593,2396,1928,18917,8490,2399,261,151,11298,413,203,612,11904,2792,1715,16413,6274,2168,236,123,8803,353,196,551,9352,3391,1549,14291,3534,1973,174,92,5774,238,161,401,6171,4438,1251,11865,1428,1271,104,47,2858,31,66,98,2957,6063,1072,10088,433,512,39,24,1017,9,33,42,1059,5255,765,7079,156,300,23,24,509,7,15,24,532,10138,1810,12473,120251,46420,4775,3016,174464,5091,5488,10580,185043,68742,31511,285297,298,2026,1021,53,3391,75,472,544,3936,5681,555,10170,7663,7223,3098,379,18364,746,1269,2016,20376,8499,2283,31157,23642,8711,3052,625,36033,1158,901,2060,38093,6910,3430,48428,25932,7824,2971,623,37350,965,565,1531,38881,5452,3057,47387,19226,5752,2133,353,27465,720,306,1028
118,15113,4025,441,334,19908,456,408,866,20774,3201,2668,26644,16261,3628,752,312,20954,372,238,613,21565,2402,2553,26517,12893,3697,718,215,17526,314,196,509,18037,2303,1934,22267,10942,3545,382,211,15082,358,185,544,15623,2223,1523,19371,9670,3302,221,169,13365,333,179,519,13878,2210,1411,17503,8308,2889,242,136,11572,288,151,435,12009,2224,1152,15387,6248,2707,215,124,9294,238,156,396,9687,2740,1033,13458,3758,2414,197,81,6453,150,147,295,6748,3906,971,11631,1900,2008,140,59,4104,24,80,100,4208,6081,995,11279,679,1082,74,47,1878,8,32,38,1920,6030,844,8797,332,705,47,46,1130,7,9,16,1149,14529,2381,18062,91586,38265,3875,2149,135881,3007,3590,6600,142478,63688,20117,226283,345,2132,1076,52,3608,59,395,459,4066,7820,553,12440,4413,4149,1677,218,10453,319,523,842,11294,3839,950,16077,13927,3939,1134,379,19376,465,315,780,20154,2736,1586,24477,14915,4137,1513,361,20920,421,276,702,21618,2692,1543,25855,12034,3742,1265,258,17295,334,165,500
119,21714,9601,829,973,33117,1664,1120,2784,35896,9296,2908,48101,22504,8255,1269,895,32921,1305,766,2069,34991,8915,2725,46635,19508,7647,908,678,28743,987,588,1574,30317,7530,2174,40023,18514,7489,579,550,27138,920,667,1591,28723,6870,1984,37574,17742,7021,441,590,25804,976,599,1574,27380,6872,1850,36098,16836,6527,481,606,24449,894,584,1477,25925,7877,1874,35676,13455,5703,537,428,20130,772,594,1364,21494,9784,1665,32944,7368,4523,422,261,12568,511,487,994,13569,13030,1534,28128,2627,2422,236,123,5399,74,95,164,5563,17118,1372,24052,630,957,81,59,1719,11,33,46,1769,15661,1146,18577,215,479,54,58,799,12,14,31,831,36176,3651,40657,153896,80220,6790,6502,247410,10234,9487,19720,267131,170581,26621,464332,955,4914,2543,177,8587,351,1169,1521,10112,21794,1761,33668,8944,10529,4704,762,24932,1271,1477,2750,27684,12265,2781,42735,17757,9126,3939,960,31780,1482,881,2363,34144,10620,3572,48332,18056,8372,4216,895,31533,1286,589,1875,33409,11300,3439,48148,17423,7971,3788,714,29902,1058,517,1578
120,14976,5359,493,435,21260,824,631,1454,22712,4158,2170,29041,16195,4270,840,372,21676,617,314,933,22614,3227,1985,27825,13260,4083,701,271,18315,427,257,689,19008,2772,1581,23362,12358,4109,384,241,17085,441,221,666,17754,2497,1321,21569,11314,3644,236,219,15418,417,249,665,16079,2517,1163,19756,10278,3462,282,199,14218,438,226,662,14882,2865,1119,18866,7817,3023,290,177,11310,322,224,547,11852,3576,994,16425,4539,2645,219,120,7525,212,200,418,7943,5267,846,14049,1805,1774,146,69,3796,40,75,120,3908,7473,716,12100,494,767,45,24,1333,11,36,50,1381,6913,623,8914,194,383,23,39,643,4,18,26,670,16572,1355,18592,99541,43773,4172,2625,150118,4439,4297,8739,158858,72146,16066,247072,386,2480,1166,52,4082,78,496,569,4655,8429,444,13528,5292,6799,2232,338,14663,560,944,1501,16168,5004,1293,22463,13408,5663,1732,443,21246,740,536,1279,22523,4045,1711,28276,14826,5079,2044,401,22348,615,353,972,23318,4020,1539,28880,13495,4550,1766,325,20128,495,254,742
121,16300,3761,487,310,20861,571,335,904,21763,2376,1648,25789,19326,4319,1164,336,25145,528,296,825,25973,3214,1845,31026,18742,5245,966,305,25254,634,356,997,26251,3746,1512,31505,18465,5892,470,274,25102,626,376,1006,26111,3808,1437,31347,17512,5831,358,252,23952,629,310,940,24889,3832,1300,30017,15604,5170,384,226,21393,585,285,874,22263,3788,1129,27182,12275,4746,357,182,17557,443,279,725,18277,4619,1077,23979,6783,4448,336,139,11708,317,258,573,12285,7257,940,20477,3085,3628,242,99,7057,92,126,212,7272,10966,913,19148,971,1955,149,38,3120,21,68,88,3203,10901,803,14905,418,1158,81,61,1714,16,28,41,1760,25115,2346,29223,137195,60125,5738,2665,205725,5010,4741,9755,215478,98026,16871,330376,543,4767,2037,58,7398,97,983,1084,8481,15276,527,24286,6441,7158,2576,187,16367,468,653,1121,17489,4174,645,22306,14438,4011,1204,275,19927,541,248,785,20717,2270,886,23884,17238,4436,1832,305,23810,454,223,680,24490,2886,1081,28460,19566,5902,1868,304,27635,624,279,902
122,8363,2403,333,196,11294,205,129,334,11638,1054,806,13492,9530,2946,697,192,13366,197,136,332,13695,1489,894,16080,10125,3892,567,213,14795,192,175,369,15161,1838,883,17888,11692,4638,361,209,16896,268,188,457,17355,2002,957,20310,11431,4437,287,202,16353,302,188,496,16850,1864,829,19539,10111,4074,284,191,14662,283,149,423,15084,1951,819,17856,7542,3630,319,140,11632,196,135,332,11963,2634,759,15351,4233,3278,223,113,7841,157,150,307,8152,4276,641,13070,1673,2357,173,56,4254,40,84,122,4381,7139,670,12186,535,1171,65,32,1811,8,24,34,1845,7796,613,10256,214,602,41,45,898,6,17,24,926,16977,2122,20023,81285,42658,3831,1910,129682,2201,2437,4640,134321,57544,11158,203023,867,4234,1811,63,6969,88,652,741,7708,8143,411,16263,4396,4567,1613,138,10720,235,294,531,11255,2048,441,13740,7444,2629,826,175,11071,255,125,385,11457,1248,576,13280,8615,3100,1230,188,13132,202,110,307,13439,1514,638,15599,9064,3887,1150,200,14299,220,124,348
123,9456,2754,489,320,13023,595,309,908,13929,2832,945,17712,9923,3340,680,282,14220,463,289,754,14971,3296,990,19254,9385,3308,442,254,13391,458,269,723,14119,3015,913,18045,10032,3544,292,242,14108,409,272,675,14781,2776,825,18387,9419,3064,259,238,12986,370,223,590,13576,2621,799,17001,8931,3029,314,217,12492,386,185,574,13063,2840,783,16689,7631,2750,336,154,10870,292,166,451,11319,3838,748,15905,4522,2201,316,135,7172,201,134,334,7502,5726,725,13961,1457,1157,143,62,2827,32,38,71,2901,8323,698,11925,272,398,28,35,733,4,17,21,757,6465,581,7798,95,181,20,21,315,3,7,11,324,9626,1505,11457,80661,34749,3831,2573,121806,4663,3492,8151,129961,62868,11252,204088,1518,4100,1668,149,7432,360,738,1098,8529,9842,927,19300,5638,4268,2222,309,12438,651,433,1087,13520,4102,928,18548,8250,3423,1931,326,13927,569,225,790,14720,3667,1057,19446,9079,4180,2120,378,15761,462,245,703,16464,4123,1178,21760,10214,4512,1864,346,16933,452,254,705
124,11207,3400,621,328,15554,563,329,885,16448,3157,1196,20800,11184,3842,771,310,16100,484,227,712,16814,3383,1097,21290,10979,3907,481,259,15620,449,253,700,16324,3060,1006,20388,11616,4173,349,242,16382,411,249,658,17037,2931,1004,20972,11432,3979,360,257,16020,381,214,592,16613,2920,1011,20534,10758,3765,390,223,15131,369,177,553,15683,3163,1010,19856,9556,3783,480,186,14005,346,218,564,14570,4497,989,20058,5641,3169,345,133,9282,265,193,454,9741,7088,917,17746,1902,1829,182,71,3993,30,68,97,4089,10761,920,15769,402,688,44,30,1170,14,18,36,1200,8695,693,10585,130,299,23,25,486,7,12,14,500,14381,1434,16311,96217,43753,4695,2668,147334,4779,3645,8430,155759,75844,13183,244789,1796,4832,1943,155,8724,377,783,1160,9883,9561,971,20422,6942,5095,2167,313,14512,694,425,1119,15638,3805,1139,20581,9974,4081,2021,374,16447,575,250,829,17275,3597,1317,22192,10591,4633,2140,367,17727,435,218,652,18376,3925,1311,23607,11219,4850,1770,320,18160,420,182,602
125,18482,7310,628,831,27251,1775,979,2753,30011,9264,2852,42126,22277,6824,1057,787,30949,1655,786,2437,33386,9451,3035,45869,18144,5803,705,585,25232,1171,614,1793,27024,7609,2259,36892,14539,5061,356,410,20366,866,518,1379,21751,6250,1633,29630,12692,4594,287,424,17996,747,442,1191,19184,6015,1502,26702,11870,4173,305,391,16738,714,404,1116,17857,6375,1422,25655,9372,3680,330,297,13683,583,392,980,14655,7475,1345,23484,5404,2914,256,183,8752,386,291,679,9432,9339,1097,19863,1876,1470,142,65,3558,52,66,123,3679,11877,1001,16555,422,663,48,40,1173,10,19,30,1201,10288,769,12264,147,278,27,45,500,10,18,27,526,21328,2165,24024,125086,56541,4826,4999,191446,9764,7579,17343,208790,128988,22141,359916,667,3725,1495,136,6027,266,946,1214,7241,16458,1473,25171,7232,9317,3210,726,20487,1173,1389,2563,23047,10363,2638,36044,16173,8381,3110,1000,28662,1575,822,2398,31064,10352,3649,45070,18657,7038,3428,933,30052,1419,657,2078,32129,11639,3520,47294,19398,6668,2954,708,29735,1255,497,1755
126,7598,2269,264,237,10371,459,352,817,11188,2551,634,14380,8429,2149,462,196,11237,404,208,614,11848,1992,634,14477,7644,2403,335,145,10523,311,189,498,11022,1855,515,13395,7203,2415,179,116,9903,251,193,444,10348,1656,465,12471,6773,2405,139,127,9433,243,130,376,9809,1591,417,11821,6621,2266,140,138,9167,282,149,433,9601,1818,402,11822,5170,2151,196,112,7631,229,134,366,7991,2419,360,10766,2998,1800,158,74,5028,135,124,253,5289,3874,359,9518,1199,1195,100,39,2533,25,38,61,2600,5168,318,8086,331,499,39,19,887,3,18,27,910,4662,291,5861,127,315,14,29,495,9,8,18,512,11981,1084,13571,57847,26808,2434,1505,88596,2736,2998,5733,94334,50509,6375,151219,252,2067,895,35,3251,58,457,514,3761,6320,249,10329,3261,3758,1492,157,8665,308,469,778,9446,3028,484,12954,7771,2674,950,216,11610,410,231,637,12250,2015,714,14979,9429,2833,1149,247,13663,425,192,607,14276,2339,771,17385,9288,3069,1016,226,13595,420,187,612
127,14080,4096,573,602,19349,1047,491,1536,20884,6168,1844,28899,13330,4420,749,528,19029,902,456,1359,20381,7047,1805,29232,12216,4519,423,449,17605,803,476,1285,18890,6914,1691,27497,12492,4872,354,473,18191,742,548,1289,19479,6749,1548,27776,12249,4557,290,457,17557,749,524,1274,18826,6912,1600,27340,11749,4145,358,456,16701,688,484,1168,17874,7593,1471,26939,9330,3527,332,340,13527,623,482,1104,14634,9060,1407,25099,5264,2419,274,212,8166,389,374,763,8920,10438,1147,20511,1762,1141,104,99,3102,36,71,112,3214,12187,1054,16455,392,407,38,25,861,9,13,21,881,9812,776,11462,105,169,26,37,336,3,9,17,350,18429,1667,20446,104418,46905,4218,4682,160221,8044,6911,14955,175171,126304,19096,320572,1201,4472,2095,218,7984,419,1262,1676,9663,20761,1698,32117,7824,6510,3552,566,18450,1207,971,2176,20623,10202,1860,32683,12883,4821,2932,639,21279,1055,437,1486,22770,8691,2219,33673,12271,5203,3081,597,21142,841,408,1246,22391,9784,2152,34332,12373,5411,2721,500,21000,810,352,1162
128,8335,1845,353,186,10716,255,96,349,11069,1027,600,12692,7940,2525,673,171,11299,167,100,270,11571,1323,591,13488,8035,3312,441,151,11932,174,120,293,12222,1402,565,14195,9125,3906,259,158,13448,194,145,338,13785,1484,616,15881,9093,3519,241,172,13034,204,151,357,13387,1406,556,15347,8454,3312,284,178,12232,233,127,359,12594,1733,515,14841,7436,3189,371,123,11119,184,117,301,11419,2525,560,14500,4024,2784,321,93,7219,127,141,266,7484,4723,492,12698,1464,1693,146,39,3342,24,44,70,3410,7312,443,11164,362,758,46,20,1190,6,16,23,1215,7196,368,8771,124,316,29,34,506,10,15,25,531,15515,937,16990,71485,35704,3609,1641,112435,2061,2055,4112,116554,52729,7049,176335,1096,3713,1545,58,6411,102,591,697,7106,6584,308,14006,4844,3809,1554,112,10317,267,236,496,10818,1763,340,12920,7247,2246,1015,159,10658,244,100,339,10993,1141,446,12586,7401,2720,1330,191,11636,185,82,266,11906,1319,535,13762,7903,3674,1153,182,12911,162,91,259
197,6,0,0,0,11,0,0,0,11,0,0,17,8,0,3,0,9,0,0,0,9,4,3,19,3,0,3,0,6,0,0,0,6,0,0,7,5,3,9,0,18,0,0,0,18,0,4,24,5,0,3,0,11,0,0,0,11,3,0,16,12,5,6,0,18,0,0,0,18,6,3,36,5,0,5,4,12,0,0,0,12,17,8,35,4,7,5,0,12,0,0,0,13,24,5,45,0,6,3,0,9,0,0,0,9,45,17,64,0,0,0,0,4,0,0,0,4,29,6,40,0,0,0,0,0,0,0,0,3,34,20,53,47,27,44,8,130,3,3,3,133,184,62,377,0,0,0,0,0,0,0,0,0,0,0,0,0,0,0,0,0,0,0,0,0,0,0,0,0,0,0,0,0,0,0,0,0,0,0,0,0,0,0,0,0,0,0,0,0,0,0,0,0,0,0,0,0,0,0,0
199,429,174,20,33,660,96,43,147,807,310,442,1561,275,117,23,16,431,105,28,134,561,261,317,1139,223,86,7,15,331,81,20,105,431,232,299,959,188,83,10,14,299,50,10,66,364,207,363,938,155,78,8,9,246,68,12,84,331,253,295,878,138,90,17,11,255,51,12,68,316,283,319,920,124,76,16,6,222,48,20,60,291,329,236,857,72,64,13,5,145,32,17,50,199,459,211,866,29,30,6,0,69,5,6,6,76,532,168,781,5,7,0,0,15,0,0,3,24,319,75,417,3,4,0,4,10,0,0,0,9,254,94,358,1976,1048,146,156,3327,701,238,939,4275,4059,3215,11549,31,66,17,6,123,22,26,46,169,186,175,532,112,97,24,10,245,50,41,86,336,224,266,829,226,153,40,11,430,50,27,79,517,233,372,1118,185,137,52,10,381,45,24,72,449,252,369,1068,157,78,27,9,269,57,13,74
201,4120,1782,269,104,6274,382,171,551,6826,1459,531,8821,3845,1929,365,109,6238,264,136,403,6640,1527,529,8699,3943,2180,273,94,6495,221,125,346,6844,1495,512,8851,4523,2469,226,111,7329,214,161,375,7701,1620,572,9897,4843,2484,200,120,7644,256,137,392,8041,1796,617,10449,4871,2466,295,135,7763,260,134,400,8156,2005,684,10846,4214,2416,299,94,7026,204,117,323,7348,2764,693,10806,2476,2089,301,94,4956,167,117,283,5246,4591,693,10528,827,1129,155,51,2157,19,34,50,2211,7083,719,10009,268,397,43,30,737,4,17,18,755,6039,664,7467,153,223,34,43,457,0,3,6,465,10861,1311,12634,37943,25288,2830,1331,67395,2816,2084,4898,72293,47547,8679,128520,975,3292,469,116,4851,165,476,641,5494,4084,552,10126,3356,3030,406,133,6932,286,232,512,7444,1489,568,9501,4849,2364,487,156,7858,286,168,453,8311,1476,651,10435,4778,2430,549,147,7906,218,98,318,8220,1505,543,10272,4725,2696,409,109,7940,183,113,293
202,4109,1621,261,105,6098,287,133,425,6519,1464,536,8518,3817,1930,347,97,6200,204,118,320,6516,1491,581,8589,3744,2148,283,102,6270,206,124,334,6597,1519,541,8659,4400,2364,223,104,7097,210,140,351,7443,1529,586,9550,4729,2510,212,104,7554,192,121,307,7861,1563,670,10090,4743,2427,302,113,7578,210,109,317,7899,1800,687,10380,4153,2555,322,120,7144,209,102,307,7455,2552,727,10731,2527,2153,307,85,5064,154,125,272,5338,4126,748,10215,798,1149,159,55,2155,13,34,43,2196,6665,730,9593,241,428,53,19,740,3,21,22,760,5612,631,7008,170,263,29,39,505,7,7,16,516,10608,1711,12838,37285,25070,2881,1210,66440,2359,1900,4260,70701,44838,9247,124781,844,3307,397,102,4650,126,494,620,5270,3618,494,9392,3196,2691,378,134,6405,246,201,443,6842,1470,477,8790,4619,2124,388,120,7257,209,144,351,7606,1366,598,9569,4527,2379,593,125,7624,161,102,259,7887,1469,538,9899,4584,2699,423,123,7832,139,86,219
203,8438,3274,499,232,12444,533,282,817,13258,2510,926,16698,8406,3587,736,219,12951,415,222,638,13586,2914,882,17390,7951,4180,532,180,12834,351,215,568,13397,2704,801,16906,8967,4748,423,219,14362,399,269,663,15019,2649,958,18628,8985,4501,395,224,14102,437,207,645,14752,2606,1014,18369,8685,4347,445,173,13649,395,181,576,14224,2926,944,18100,7170,4325,508,181,12176,333,186,520,12695,4243,989,17931,4108,3666,440,129,8344,273,232,503,8846,7325,1010,17179,1286,1957,219,52,3512,12,62,70,3583,11659,1075,16316,322,763,81,44,1203,6,30,33,1236,10095,881,12213,153,362,40,55,608,16,15,21,632,19876,2315,22825,71044,46729,5010,2244,125023,4301,3622,7920,132941,80633,13553,227126,1336,6557,935,137,8967,232,1119,1352,10316,7285,772,18372,6311,6961,989,277,14548,538,549,1079,15632,2896,1013,19539,10871,5094,916,322,17204,481,304,781,17987,2605,1108,21694,11050,5067,1293,250,17667,353,229,575,18245,2805,979,22034,10827,5804,1047,241,17915,301,205,508
204,4125,1579,284,131,6121,242,118,357,6477,1295,592,8368,4061,1924,353,133,6472,204,96,303,6776,1375,604,8753,4093,2120,282,119,6609,194,104,302,6912,1415,625,8951,4866,2538,247,148,7802,227,133,356,8159,1452,719,10326,5577,2628,242,152,8596,216,109,326,8924,1526,764,11220,5836,2736,332,155,9068,228,120,348,9416,1880,849,12143,5228,2929,454,139,8752,221,150,365,9120,2816,880,12819,3375,2581,401,104,6465,185,150,333,6798,4723,946,12469,1328,1484,221,75,3115,20,40,61,3170,7818,895,11882,464,605,68,55,1195,0,13,15,1210,6948,769,8928,348,397,70,69,877,3,4,4,884,12417,1853,15149,44130,26464,3331,1617,75545,2372,1639,4007,79552,49449,10785,139792,1398,3336,539,182,5451,136,372,508,5965,3905,692,10563,3711,2208,320,182,6421,216,146,362,6782,1233,689,8704,4768,2039,441,174,7418,219,96,319,7740,1169,668,9578,4804,2332,562,175,7871,135,86,220,8090,1292,629,10014,4934,2568,383,161,8053,125,69,191
205,6333,2657,497,194,9679,529,251,780,10460,2409,992,13855,6107,3252,599,171,10128,439,231,671,10798,2743,1026,14563,5829,3373,407,199,9800,420,217,640,10444,2537,939,13920,6820,3742,360,183,11106,468,215,680,11789,2558,1072,15422,7641,4200,431,202,12466,495,205,704,13171,2851,1274,17289,7801,4312,606,242,12963,476,193,671,13639,3602,1391,18626,7213,4515,721,240,12685,549,267,813,13502,5136,1468,20104,4572,3973,639,176,9357,379,260,646,10001,8669,1506,20183,1795,2140,309,120,4353,37,70,107,4465,14055,1654,20166,580,899,120,79,1679,6,20,27,1708,12115,1302,15129,399,575,82,113,1163,14,9,20,1185,20976,3214,25375,61524,41271,5296,2390,110488,5168,3069,8231,118716,87069,17809,223598,1714,5057,737,245,7756,302,642,947,8704,6202,1007,15913,5314,3742,516,296,9864,507,273,780,10648,2135,966,13743,7464,3291,726,295,11771,424,215,643,12411,2380,1154,15948,7404,3848,885,263,12401,339,216,558,12952,2707,1103,16769,7247,4334,673,244,12489,261,169,432
206,45447,15604,1281,952,63285,2330,1748,4076,67362,10141,7979,85482,44697,10815,2083,757,58352,1616,831,2450,60806,6614,6929,74353,28619,8432,1567,459,39071,1155,527,1678,40749,5170,4479,50396,21340,7522,822,368,30054,1011,505,1522,31577,4699,3352,39626,19077,6817,580,326,26797,947,444,1392,28185,4642,2917,35749,15506,5685,550,285,22025,758,363,1123,23147,4857,2593,30596,12089,5300,479,231,18094,597,356,951,19050,6226,2401,27675,6773,4614,431,159,11970,401,285,692,12656,8522,2016,23193,2982,3135,235,110,6462,77,144,217,6682,11707,1807,20198,940,1434,106,64,2543,22,67,88,2629,10367,1313,14315,448,759,71,70,1350,19,23,40,1394,24635,3307,29334,212345,93689,9348,4777,320164,10796,11852,22649,342814,134696,46779,524286,581,6776,1316,115,8791,186,1900,2082,10875,11482,1071,23434,13265,20640,3283,679,37869,1409,2822,4235,42098,11887,3326,57314,45892,19806,2864,980,69541,2085,1425,3513,73059,7926,5091,86078,47489,14808,3179,790,66267,1551,795,2347,68613,6328,4496,79441,34105,11139,2484,521,48248,1145,520,1670
207,13066,5070,481,364,18970,857,632,1493,20457,4068,1273,25802,12451,3876,763,262,17356,618,339,955,18313,3152,1055,22516,11159,4404,618,242,16417,473,308,777,17197,3270,860,21329,12210,5352,344,223,18123,469,342,809,18937,3528,908,23377,13473,5949,355,257,20030,550,340,887,20915,3671,993,25579,12657,5412,338,255,18660,516,289,800,19458,3745,1014,24214,10080,4741,395,177,15392,450,268,715,16112,4882,894,21893,5774,4113,336,124,10352,256,221,478,10830,7120,796,18750,2301,2981,203,94,5583,61,93,151,5734,10720,793,17241,771,1528,100,54,2454,19,35,53,2504,10976,766,14242,305,821,64,71,1252,6,18,28,1283,28618,2631,32531,100608,60717,4672,2610,168597,5080,6426,11506,180104,106354,13890,300354,403,6633,1127,88,8250,95,1685,1780,10028,13138,543,23713,6280,11189,1380,311,19154,577,1186,1760,20916,5162,994,27065,13295,5600,721,347,19972,613,438,1051,21026,2809,1149,24987,12883,4775,1027,307,19004,509,294,807,19809,2976,997,23787,12890,5318,969,262,19439,460,289,754
208,14014,4658,495,362,19530,804,491,1292,20827,3317,1435,25576,15275,4605,1048,326,21254,597,311,905,22159,3083,1412,26650,14680,5711,907,295,21593,490,270,762,22355,3364,1323,27042,16578,6893,513,295,24275,536,424,962,25238,3425,1384,30045,17162,7339,446,324,25273,586,343,928,26203,3597,1408,31211,15034,5980,421,276,21717,575,300,877,22591,3530,1268,27386,11857,5601,472,210,18138,481,249,735,18873,4826,1130,24836,6863,4835,419,170,12278,279,259,538,12812,7566,1077,21457,2777,3491,231,107,6607,70,114,186,6791,11631,1029,19458,729,1613,108,59,2500,15,59,74,2574,11120,897,14586,311,804,64,84,1263,16,24,40,1297,28702,3128,33131,122078,67324,5782,3000,198182,5353,5763,11122,209301,103075,17475,329842,720,8036,1260,93,10112,111,1773,1881,11992,12542,581,25117,6503,10246,1387,251,18383,515,868,1384,19771,3887,740,24406,14542,5284,821,341,20994,674,306,982,21970,2240,1183,25395,15971,4940,1484,338,22734,467,237,700,23437,2477,1047,26959,16632,6287,1347,314,24580,408,236,645
209,18096,6923,863,624,26510,1379,740,2120,28628,6114,2096,36839,19792,7445,1479,572,29295,1074,574,1642,30935,6451,2195,39577,18012,7925,1023,460,27421,880,528,1402,28820,5710,1776,36311,17708,8283,652,444,27084,820,509,1334,28417,5333,1701,35455,17536,7721,572,439,26263,778,417,1198,27464,5193,1622,34281,15382,6696,565,381,23022,692,333,1031,24052,5606,1546,31207,12668,6096,606,325,19697,550,321,868,20564,7078,1404,29045,7193,4885,508,210,12793,363,255,622,13411,10256,1316,24985,2357,2536,231,120,5242,51,94,143,5384,15390,1275,22053,519,942,66,58,1584,6,22,33,1615,13502,1076,16188,206,438,43,66,752,11,9,22,777,26732,3020,30532,140524,79010,7525,4549,231605,8510,7713,16223,247829,129678,21995,399507,1658,8612,1224,158,11654,365,2312,2682,14340,14955,1118,30410,9957,11873,1542,552,23926,1070,1175,2245,26165,5577,1487,33231,18547,8168,1314,653,28689,1083,596,1677,30364,4767,1901,37029,21749,8959,2226,662,33597,914,523,1432,35029,6020,1828,42880,22296,10168,1755,572,34791,804,538,1337
210,12832,4702,641,561,18730,1159,500,1656,20384,5008,1602,26996,13464,4907,905,462,19735,841,370,1209,20949,5618,1640,28205,12137,5080,651,394,18256,724,385,1111,19368,5195,1476,26040,11768,5298,426,356,17845,717,380,1094,18941,4649,1272,24867,12055,5031,348,374,17812,621,350,980,18789,4919,1331,25036,11028,4435,396,298,16162,554,271,823,16983,5031,1214,23228,8276,3759,422,252,12711,418,249,667,13379,5653,1123,20159,4537,2784,361,159,7839,273,210,480,8315,7596,1039,16950,1513,1523,139,85,3252,31,61,90,3343,10836,1021,15199,358,551,60,29,1000,9,24,29,1029,9601,887,11519,128,245,19,64,464,3,15,17,476,20223,2151,22852,96481,51141,4970,3809,156403,7123,5537,12658,169061,102410,17132,288599,1310,6241,899,179,8627,395,1834,2225,10850,12918,1170,24940,7876,8786,1033,527,18219,1127,926,2045,20267,5269,1460,26989,14575,6285,1131,673,22659,988,482,1467,24128,5040,2008,31170,16727,6845,1541,630,25748,858,489,1346,27091,6296,1926,35308,16356,7250,1275,548,25430,764,467,1234
211,17506,5380,805,459,24155,846,409,1258,25421,3807,1304,30526,17665,6409,1356,396,25830,695,386,1082,26915,4626,1365,32904,16875,7599,991,361,25826,602,415,1016,26842,4650,1298,32788,18120,8668,635,400,27822,663,488,1149,28971,4689,1327,34994,19350,8754,585,436,29126,670,436,1103,30232,4582,1365,36183,18520,8060,696,407,27682,675,342,1020,28700,4866,1384,34951,15427,7551,811,312,24099,559,323,878,24980,6665,1361,33009,9054,6594,689,240,16575,393,301,690,17266,10936,1176,29378,3121,3760,392,109,7378,71,106,182,7560,17624,1209,26387,741,1469,133,64,2411,13,35,47,2450,16172,1062,19692,254,674,78,94,1098,11,22,30,1128,30414,3039,34579,150004,85511,8171,4050,247731,6837,6733,13566,261296,128757,17995,408055,2035,10264,1524,175,14000,308,2219,2524,16522,13465,824,30811,10622,10837,1371,388,23217,801,884,1691,24906,4221,961,30089,16491,6089,1192,442,24214,660,387,1046,25260,3212,1139,29608,18378,7238,1928,463,28000,512,298,810,28814,4023,1189,34028,19447,8878,1530,385,30244,499,364,859
212,26856,10414,1131,1079,39484,2171,1229,3399,42881,10624,3074,56570,29430,10972,1769,975,43143,1865,924,2792,45939,10744,3133,59818,26711,10628,1124,775,39234,1498,850,2350,41582,9551,2576,53710,26119,10955,777,683,38533,1435,818,2253,40783,8600,2537,51922,25951,10362,710,696,37721,1277,707,1983,39702,8448,2402,50554,23160,8611,764,620,33158,1217,611,1830,34989,8776,2265,46028,17827,7703,769,445,26747,978,525,1504,28247,11317,2114,41670,10293,6271,646,336,17541,618,442,1061,18607,15260,1810,35677,3363,3318,327,145,7147,92,151,241,7391,22171,1823,31384,808,1317,120,86,2332,16,59,70,2400,20055,1514,23977,310,701,60,118,1194,8,32,46,1234,39830,4150,45223,208897,109826,9494,7482,335693,14581,13415,28000,363694,209074,32342,605117,2602,13659,1578,298,18141,625,4057,4690,22827,26603,2108,51538,17380,20096,2186,1063,40722,1971,2484,4457,45176,12324,3216,60714,31657,14615,2086,1432,49797,1927,1016,2943,52734,9987,4263,66987,32971,14058,2818,1220,51070,1616,860,2475,53550,10928,3908,68385,34792,15006,2132,1031,52960,1406,826,2227
213,27647,10878,1183,1131,40848,2599,1324,3926,44765,10799,3652,59223,33465,11382,2022,1083,47952,2247,1094,3347,51294,12076,3948,67322,30554,11152,1548,869,44114,1865,963,2836,46947,10532,3314,60787,27466,10402,898,766,39529,1725,939,2663,42191,8820,2904,53921,24426,9289,712,698,35128,1601,773,2368,37498,8258,2636,48386,20642,7783,747,613,29780,1376,596,1974,31752,8441,2447,42644,15620,6775,706,449,23550,1077,621,1695,25249,10906,2209,38368,8710,4879,607,247,14438,744,517,1265,15707,15080,1962,32747,2454,2296,242,113,5102,75,124,200,5302,19917,1864,27080,443,729,55,70,1297,14,27,37,1335,15434,1384,18154,181,262,37,50,531,6,18,26,557,26987,3348,30895,207582,101261,9884,7486,326217,17125,12928,30047,356260,181527,34695,572486,2121,12154,1659,338,16277,726,3502,4224,20500,24360,2441,47305,14804,17584,2112,1132,35634,2101,2170,4272,39900,10093,3339,53336,29235,14503,2106,1467,47311,2301,1275,3579,50891,10457,4890,66241,36742,14688,3240,1480,56150,2082,1107,3190,59341,12678,4758,76771,40841,15515,2792,1322,60468,1882,1058,2945
214,8081,2868,463,239,11651,486,235,716,12369,2115,927,15411,8179,3456,669,205,12500,343,203,544,13044,2539,979,16559,8081,3984,486,228,12773,350,242,595,13370,2632,913,16912,9628,4803,365,236,15031,457,257,712,15742,2729,1101,19576,10416,4861,383,249,15908,417,237,652,16558,2923,1123,20610,9615,4422,406,203,14644,422,211,633,15276,3097,1101,19474,8117,4392,523,198,13231,408,225,632,13859,4232,1075,19167,4878,3822,464,143,9312,300,239,540,9853,6995,1094,17937,1698,2460,261,90,4508,30,97,123,4635,12208,1161,18005,459,996,107,51,1610,18,50,68,1675,11919,1011,14608,173,463,43,48,730,4,14,16,749,22673,2713,26133,77118,46704,4683,2403,130900,4307,3548,7850,138757,83564,14949,237275,1511,5759,914,172,8357,219,1063,1281,9643,6950,847,17441,5619,5002,824,257,11707,461,331,787,12497,2132,772,15401,8260,3153,753,233,12405,360,194,548,12958,1785,894,15636,8957,4066,1122,268,14412,287,157,447,14862,2180,953,17998,9119,4753,954,245,15069,230,163,395
215,3997,1445,258,147,5847,287,127,412,6260,1423,714,8400,3373,1655,277,108,5420,252,119,375,5795,1559,626,7980,3353,1720,191,118,5376,191,101,294,5675,1406,561,7640,3897,1959,162,111,6136,226,111,335,6470,1470,595,8534,4642,2177,186,116,7122,212,107,312,7433,1595,730,9768,4766,2137,272,135,7315,233,90,327,7645,1886,809,10347,4598,2298,369,157,7419,198,110,309,7729,2463,840,11034,3009,1928,315,126,5377,144,84,228,5607,3911,856,10378,1165,1120,190,55,2524,18,33,51,2573,6314,873,9755,412,509,68,55,1043,4,16,19,1057,5641,731,7431,322,361,55,92,823,9,7,12,838,12454,1880,15172,37671,21571,2651,1477,63376,2426,1472,3895,67275,45639,10442,123354,983,2570,255,112,3922,140,278,416,4339,3370,630,8340,3367,1785,264,158,5570,270,154,420,5992,1301,594,7898,4608,1788,392,185,6969,192,132,325,7298,1375,730,9395,4290,2093,420,184,6979,163,104,270,7246,1582,793,9623,3898,2068,301,151,6417,159,88,246
216,3349,1211,215,94,4872,252,118,371,5241,1256,537,7032,3121,1422,265,95,4904,177,100,276,5178,1328,527,7032,2965,1505,210,79,4758,182,77,266,5020,1277,485,6783,3691,1784,181,123,5778,168,94,263,6042,1260,548,7843,4180,1771,193,122,6261,199,94,295,6561,1306,612,8476,4178,1929,239,107,6452,178,71,253,6706,1526,654,8885,3740,1816,325,94,5976,138,69,206,6187,2039,667,8893,2384,1671,280,88,4424,98,98,198,4618,3268,709,8597,887,914,142,51,1994,6,18,27,2024,5418,752,8193,271,362,41,44,721,0,7,7,723,5100,659,6486,189,258,33,67,549,6,5,5,559,10107,1532,12198,32566,18406,2436,1295,54706,1960,1348,3302,58007,38842,8658,105505,938,2456,326,133,3854,127,330,459,4310,3130,539,7982,2928,1669,225,131,4957,213,145,356,5315,1197,504,7014,3844,1517,312,153,5827,180,100,276,6105,1189,616,7904,3555,1784,340,144,5817,139,83,222,6041,1265,635,7938,3467,1874,249,130,5720,120,69,185
217,3057,1195,220,101,4568,160,77,238,4805,916,425,6148,2736,1452,295,78,4553,160,66,225,4783,989,376,6149,2855,1670,204,78,4804,139,63,198,5006,941,366,6308,3386,1927,178,116,5608,150,85,234,5842,980,490,7313,3964,2059,220,108,6345,146,71,220,6563,1121,589,8274,4226,2100,291,109,6727,149,87,239,6966,1324,574,8863,3741,2148,316,97,6300,138,86,229,6527,1921,599,9052,2444,1872,293,107,4716,87,88,178,4896,3266,666,8827,1021,1015,151,57,2246,8,26,37,2281,5225,662,8169,379,446,65,44,930,0,6,6,934,4570,584,6092,286,310,46,72,711,3,6,5,722,9287,1429,11434,31540,20257,2570,1250,55606,1618,1093,2714,58321,34691,7665,100674,1032,2553,309,126,4021,67,231,296,4321,2589,449,7353,2780,1463,205,100,4552,137,104,237,4789,790,367,5941,3528,1509,331,124,5495,117,60,179,5677,835,430,6946,3244,1739,380,127,5486,93,54,147,5634,908,420,6962,3194,1921,291,105,5520,80,72,152
297,0,0,0,0,0,0,0,0,0,0,0,0,0,0,0,0,0,0,0,0,0,0,0,0,0,0,0,0,0,0,0,0,0,0,0,4,3,0,0,0,3,0,0,0,3,0,0,3,7,0,0,0,7,0,0,0,7,0,0,7,7,0,0,0,7,0,0,0,7,0,0,0,0,0,0,0,4,0,0,0,4,0,0,0,0,0,0,0,5,0,0,0,5,0,0,3,0,0,0,0,0,0,0,0,0,0,0,0,0,0,0,0,0,0,0,0,0,0,0,0,0,0,0,0,0,0,0,0,0,0,0,0,18,0,0,0,24,0,0,0,24,0,5,27,0,0,0,0,0,0,0,0,0,0,0,0,0,0,0,0,0,0,0,0,0,0,0,0,0,0,0,0,0,0,0,0,0,0,0,0,0,0,0,0,0,0,0,0,0,0,0,6,0,0,0,0,0,0,0,0
299,270,127,14,13,426,71,33,110,532,230,236,988,212,63,15,11,299,76,20,90,392,217,243,855,146,47,7,9,215,45,16,58,276,171,245,691,103,41,14,12,171,38,18,56,224,142,234,599,85,53,13,10,163,37,14,51,214,132,171,523,87,32,5,11,136,39,8,40,174,125,148,455,68,47,9,4,123,16,11,21,149,161,112,422,39,39,9,0,86,20,6,29,119,176,93,393,5,18,4,0,25,6,0,4,31,224,50,313,9,0,0,0,11,0,0,6,16,128,29,174,5,0,0,0,8,0,0,0,8,123,25,162,1196,641,109,84,2028,411,202,615,2647,2293,1886,6821,25,44,9,6,82,18,29,45,130,165,172,459,91,99,21,7,217,41,31,68,282,173,214,671,169,120,23,6,315,45,25,70,388,203,332,928,153,97,25,8,286,44,14,61,342,202,351,892,119,57,13,5,192,47,10,61
301,6430,2049,333,171,8990,420,168,588,9577,1379,521,11479,7303,2621,542,174,10643,358,173,528,11169,1642,552,13359,7587,3053,394,159,11190,298,186,480,11669,1728,585,13979,9252,3481,296,177,13205,364,194,559,13766,1840,634,16237,9578,3385,307,172,13444,337,163,498,13939,1787,657,16382,9038,3161,339,168,12695,404,143,549,13243,2160,660,16070,7201,2972,398,124,10695,383,153,534,11233,3209,700,15143,4130,2389,309,75,6902,247,174,422,7320,5461,615,13395,1268,1334,124,45,2778,34,68,102,2882,8785,603,12271,288,545,36,14,885,3,9,13,902,7697,520,9118,113,212,22,25,372,4,6,8,378,13329,1713,15413,68636,34325,3521,1645,108131,4047,2899,6946,115076,55960,8693,179729,1294,5344,1172,94,7899,251,955,1210,9109,5498,382,14997,4807,3730,998,164,9696,469,272,738,10436,1549,442,12431,6053,2335,777,143,9307,323,170,494,9796,1327,465,11585,7114,2874,1012,205,11204,231,133,370,11572,1519,533,13627,8605,3580,854,176,13204,235,165,399
302,8915,2994,467,199,12575,521,225,745,13319,1686,859,15862,9759,3053,697,218,13723,458,218,671,14401,1854,870,17123,8530,3018,464,173,12185,341,190,531,12722,1811,686,15226,8641,3117,287,179,12214,400,181,584,12797,1669,676,15147,8200,2828,243,154,11425,376,143,515,11941,1609,652,14204,7118,2434,285,123,9962,368,139,504,10466,1867,574,12908,5617,2204,326,100,8251,293,131,416,8668,2594,517,11779,3313,1839,238,70,5453,184,120,306,5758,4151,470,10381,1054,1034,97,29,2219,14,50,61,2278,6310,425,9016,234,415,28,21,695,9,11,22,714,5993,354,7059,80,207,15,39,333,7,9,15,355,13221,1664,15247,67876,31585,3565,1588,104614,3927,2876,6807,111416,49126,8923,169462,727,4209,1072,62,6073,203,814,1020,7094,4772,348,12203,5041,4617,1074,202,10940,455,420,876,11816,1720,575,14116,8825,3529,1021,234,13609,446,225,672,14280,1578,784,16637,9872,3594,1313,243,15026,349,156,503,15528,1873,765,18165,10178,3873,1065,187,15305,314,163,475
303,14701,6682,637,405,22420,1217,781,1998,24416,4883,1731,31028,15824,5902,1088,373,23186,895,464,1361,24542,4172,1638,30357,13720,5353,700,266,20049,647,384,1033,21075,3483,1253,25819,12901,5108,352,252,18607,670,344,1015,19624,3038,1029,23693,12118,4603,308,221,17239,608,284,891,18128,2985,1048,22161,10728,3770,339,201,15034,527,217,744,15782,3303,980,20065,8289,3385,388,160,12224,450,208,658,12882,4394,851,18126,4662,2641,319,97,7718,292,195,482,8199,6541,709,15455,1572,1557,147,40,3320,42,59,103,3419,9002,682,13104,366,620,48,31,1074,4,30,36,1107,7933,551,9587,122,317,24,34,497,7,7,18,512,16974,1509,18992,104280,55733,5020,2674,167704,7081,6392,13472,181178,83901,14446,279525,1063,6519,1564,127,9276,287,1530,1817,11094,9552,640,21283,8202,9565,2228,482,20477,875,1045,1920,22394,4918,1269,28582,15040,7052,1540,503,24142,903,556,1459,25599,3849,1605,31052,16198,6763,1817,459,25235,765,390,1155,26393,3799,1404,31596,16553,6994,1578,355,25479,605,390,995
304,5634,2029,275,99,8037,381,244,619,8657,1868,505,11030,5930,2045,513,98,8589,291,152,443,9036,1524,495,11054,6235,2564,394,87,9279,285,157,446,9727,1649,434,11805,7386,2961,219,111,10671,308,164,470,11139,1489,472,13102,7413,2724,182,110,10428,294,140,433,10865,1387,464,12717,6520,2243,195,77,9035,266,111,373,9410,1332,454,11192,5118,2066,231,67,7485,233,99,331,7819,1834,389,10045,3121,1693,189,60,5061,172,95,274,5335,3194,345,8874,1204,1274,113,30,2609,26,61,83,2696,5273,351,8316,339,619,37,18,1010,5,26,36,1037,4830,289,6152,112,277,20,23,426,7,6,12,433,8776,1360,10569,53667,30235,2885,1113,87902,2995,3499,6495,94393,43975,6668,145038,612,4128,1656,66,6461,106,1050,1162,7623,6442,284,14353,3531,4794,1505,125,9951,345,563,902,10857,2568,488,13919,5252,2118,670,125,8160,294,177,465,8628,1378,453,10454,5779,2144,830,100,8853,226,136,361,9216,1271,329,10816,7085,2950,783,124,10936,224,149,366
305,16784,5917,530,367,23593,831,659,1490,25081,3321,2770,31166,15460,4157,796,267,20681,653,342,993,21675,2643,2284,26601,11035,3481,559,174,15247,461,244,705,15951,2194,1597,19733,10180,3350,325,149,14009,451,237,687,14698,1995,1371,18066,9774,3090,287,138,13290,450,165,617,13901,1813,1348,17069,8222,2571,253,100,11148,374,130,498,11649,1907,1176,14731,6147,2212,250,84,8692,327,138,467,9162,2405,972,12538,3495,1927,197,69,5690,213,121,335,6021,3490,942,10458,1388,1303,109,41,2832,45,56,98,2932,4781,719,8430,395,568,43,18,1021,6,17,21,1039,4100,514,5652,151,324,17,30,530,9,12,18,547,7943,1268,9765,92215,42270,3929,1848,140265,4691,4577,9268,149530,48119,17842,215488,613,4921,1781,87,7408,138,1029,1161,8573,6671,627,15874,9352,9791,2824,328,22296,687,1099,1785,24083,4919,1671,30667,18357,7492,2017,423,28293,752,549,1308,29595,3263,2222,35081,17123,5715,1838,315,24984,597,308,905,25891,2613,1896,30403,14475,4574,1344,221,20613,509,252,757
306,6545,2673,397,233,9844,680,282,958,10804,2349,1568,14716,6941,2916,560,222,10640,516,251,767,11400,2421,1552,15373,6956,3310,404,195,10863,478,224,703,11571,2227,1385,15178,8058,3514,368,251,12196,551,258,814,13009,2331,1521,16862,8518,3514,336,225,12590,611,215,827,13420,2372,1557,17351,8076,3362,419,216,12076,618,207,825,12900,2734,1590,17223,6917,3211,420,131,10675,528,220,745,11421,3757,1547,16727,4306,2750,359,119,7536,420,220,633,8168,5439,1362,14972,1657,1488,152,72,3373,64,88,154,3526,8314,1256,13091,529,662,67,54,1316,12,37,47,1363,7109,977,9450,272,339,46,65,717,8,15,22,738,11429,1863,14035,65173,34843,3949,2178,106144,5828,3204,9032,115176,58702,18657,192536,1456,5101,347,210,7116,321,779,1108,8220,5566,1310,15096,4587,3119,357,258,8321,563,311,871,9199,2100,1482,12780,6690,3154,544,280,10668,464,243,702,11368,2010,1938,15316,7001,3548,707,295,11551,406,222,626,12177,2154,1835,16161,7337,3747,615,224,11920,336,203,537
307,3383,1112,192,81,4770,238,93,328,5096,1070,650,6816,3309,1341,244,101,4992,198,77,280,5269,1187,578,7035,3187,1459,185,73,4909,157,75,237,5145,1100,586,6834,3873,1544,155,111,5683,214,87,309,5991,1103,659,7753,4289,1586,153,124,6165,193,67,259,6425,1225,763,8410,4200,1544,200,122,6067,190,71,263,6329,1479,693,8500,3811,1497,247,100,5657,167,80,248,5905,2064,750,8722,2616,1383,185,112,4300,122,58,180,4476,3027,677,8176,1280,815,121,86,2307,16,16,38,2345,4800,738,7878,588,491,49,54,1173,5,11,12,1184,4312,638,6132,437,346,30,81,886,4,8,11,896,7884,1206,9997,35098,16433,2049,1287,54864,2162,1034,3200,58063,33345,8991,100401,1170,2399,154,133,3854,183,221,406,4262,2548,628,7446,3038,1215,175,124,4555,237,125,364,4922,921,693,6530,3451,1262,256,116,5087,171,100,268,5353,1068,794,7220,3265,1382,277,123,5045,109,82,190,5236,1019,730,6987,3390,1545,237,90,5260,124,75,193
308,7109,2192,508,189,10004,729,272,996,11000,2371,1220,14596,7286,2732,562,171,10752,627,255,884,11632,2505,1309,15443,6822,2740,383,186,10127,598,220,818,10945,2031,1220,14199,7558,2765,333,210,10867,562,232,797,11656,1930,1257,14845,7855,2747,341,188,11130,650,185,830,11962,2032,1352,15341,7651,2675,395,186,10910,638,154,790,11699,2514,1410,15624,6267,2389,454,131,9242,524,176,703,9944,3404,1275,14625,3540,1757,321,74,5692,332,153,488,6184,4856,954,11992,1229,882,123,50,2281,33,29,61,2346,6690,808,9847,397,408,44,30,879,11,17,30,907,5602,643,7154,221,247,29,53,548,7,5,15,564,9745,1551,11862,63387,28454,4005,1810,97657,6491,2794,9282,106942,51077,15110,173127,2007,4948,283,189,7427,375,738,1117,8547,4778,1024,14351,5629,2821,349,237,9034,551,285,830,9865,1762,1190,12816,6943,2487,670,294,10390,408,199,606,10998,2103,1336,14433,7145,2764,707,275,10889,355,165,518,11411,2124,1378,14912,7641,3143,506,243,11534,312,182,499
309,18252,8185,943,592,27976,1330,729,2061,30029,5182,3257,38469,19080,8272,1234,508,29095,998,632,1628,30722,5269,3023,39011,18580,8536,933,460,28514,934,589,1521,30031,5244,2646,37921,20384,9259,709,510,30858,1040,603,1637,32499,5262,2743,40501,20711,8708,650,469,30544,1049,535,1587,32128,5134,2826,40090,18373,7990,680,376,27423,1074,441,1516,28941,5658,2627,37226,14789,7419,761,360,23326,920,475,1397,24723,7738,2578,35039,9082,6189,559,259,16089,689,473,1154,17254,11650,2373,31274,3599,4155,300,139,8192,109,192,306,8499,20197,2334,31028,975,1706,119,70,2871,28,78,109,2987,18857,1862,23700,323,785,59,98,1253,20,36,55,1312,33066,5099,39476,159811,94210,8014,4852,266887,11140,8847,19987,286876,143113,36552,466537,2525,12578,2998,360,18467,729,2322,3052,21520,13953,1842,37315,12249,12394,3412,742,28794,1328,1213,2543,31337,5934,2643,39925,18659,10245,2966,866,32736,1153,745,1899,34633,5178,3431,43237,19900,10417,3012,759,34087,933,617,1550,35638,5594,3215,44445,20857,10741,2553,621,34765,765,562,1327
310,10685,3772,627,362,15444,1051,473,1522,16964,4486,1611,23063,11199,4210,783,278,16469,924,406,1333,17803,4850,1660,24307,10330,4056,492,285,15165,754,305,1059,16219,4077,1374,21677,11020,4059,378,276,15746,738,333,1070,16817,3884,1454,22161,10856,3770,404,285,15318,731,279,1016,16328,3970,1425,21716,9830,3459,428,193,13911,628,241,868,14780,4224,1298,20297,7541,3009,458,164,11169,474,214,691,11858,5326,1179,18362,4242,2306,327,113,6983,327,166,489,7473,6934,1109,15516,1303,1257,139,65,2761,25,54,79,2837,9571,998,13407,337,478,51,26,891,11,28,37,924,8055,840,9828,161,219,23,54,453,16,5,25,477,13371,1713,15563,87101,41418,4764,2682,135969,8405,4967,13365,149334,83325,17631,250289,1923,6457,1353,214,9944,707,1678,2382,12326,10366,1301,23991,8167,5834,1412,437,15842,1208,779,1984,17830,4545,1543,23919,11426,4714,1527,464,18133,901,473,1383,19513,4901,1712,26127,12695,5184,1622,477,19978,723,376,1100,21078,5273,1641,27998,13203,5212,1342,354,20116,635,356,991
311,10038,3709,576,378,14699,1080,436,1520,16216,3995,1484,21694,10637,3963,668,363,15630,888,392,1276,16907,4090,1397,22399,10604,3965,503,316,15384,720,346,1064,16454,3705,1272,21429,10937,4002,373,318,15628,734,323,1053,16677,3540,1345,21563,10839,3911,347,276,15375,657,260,916,16292,3497,1373,21160,9869,3424,408,242,13941,558,238,798,14743,3772,1283,19793,8127,3298,398,180,11998,515,198,715,12710,4705,1131,18547,4921,2613,327,117,7980,322,198,516,8502,6698,1042,16243,1612,1447,133,75,3266,37,71,111,3377,10580,976,14927,362,471,27,37,904,13,33,48,948,8456,757,10162,104,197,13,37,351,7,9,15,366,12397,1257,14022,88413,41541,4379,2983,137310,8407,4868,13276,150592,79401,16008,246000,2089,6118,1100,233,9551,699,1649,2348,11897,10519,1626,24043,8050,5635,1318,477,15481,1349,722,2070,17556,4159,1785,23503,10859,4726,1293,507,17382,989,478,1474,18855,4464,2049,25374,11628,4978,1369,452,18434,759,381,1136,19569,4384,1978,25930,12077,5190,1089,394,18745,607,326,927
312,6094,1674,413,168,8347,505,195,701,9044,1503,1476,12018,6102,2177,456,166,8906,410,207,614,9523,1712,1456,12692,5581,2157,317,174,8226,357,182,540,8771,1364,1216,11351,6086,2275,270,162,8795,423,176,596,9391,1275,1234,11901,6333,2245,270,163,9018,395,152,548,9561,1339,1223,12128,6053,2114,339,170,8680,462,140,597,9277,1662,1282,12222,5021,1930,312,139,7396,416,140,550,7951,2386,1140,11477,2984,1461,231,88,4760,267,133,397,5158,3452,871,9485,973,723,102,44,1843,38,49,85,1929,4956,701,7586,318,302,37,33,688,8,15,28,711,4070,549,5341,180,163,22,49,413,3,3,10,423,6923,900,8244,51849,21788,3098,1653,78387,4441,2152,6598,84984,35627,13886,134499,1805,3653,189,131,5772,234,434,665,6440,3090,870,10398,5222,1902,295,206,7625,259,158,418,8042,1028,1477,10543,6299,1921,485,238,8944,272,114,390,9326,1265,1891,12490,6048,2373,576,222,9221,205,134,347,9565,1346,1836,12744,6535,2605,414,220,9775,169,95,262
313,5621,2409,353,215,8594,686,288,975,9568,2588,793,12954,5999,2603,394,158,9154,511,303,813,9969,2665,837,13473,6195,2720,316,181,9412,451,255,709,10119,2571,792,13481,7410,3077,319,213,11016,523,249,773,11796,2721,926,15439,7787,3247,316,226,11578,518,220,743,12318,2717,919,15952,7345,3095,396,191,11018,490,203,691,11709,3079,912,15698,5833,2753,394,152,9138,429,188,622,9752,4353,905,15011,3448,2338,327,106,6228,294,197,496,6717,7054,980,14751,1126,1193,130,48,2496,50,69,115,2614,11332,1068,15014,252,442,38,31,758,10,24,33,792,9951,860,11601,87,179,18,50,338,6,9,20,355,15356,2832,18544,57625,32148,3440,2002,95217,5854,3574,9431,104647,72500,13366,190506,1467,4929,971,204,7569,547,1018,1562,9134,5867,805,15811,4996,3729,970,267,9965,750,379,1132,11100,2419,920,14440,6208,2937,919,273,10336,520,264,786,11121,2813,999,14935,6427,3197,950,255,10828,388,239,622,11448,2736,916,15100,7225,3351,757,225,11554,361,183,539
314,6696,2191,433,170,9492,464,204,667,10162,1580,646,12386,7395,2652,621,145,10809,344,185,528,11345,1872,676,13891,7767,3033,403,145,11343,324,182,504,11845,1745,583,14174,8634,3359,299,148,12441,306,189,496,12934,1665,608,15211,8448,3035,261,144,11897,349,160,506,12405,1490,603,14502,7185,2374,282,105,9948,319,112,430,10380,1559,498,12439,5358,2216,250,98,7918,265,115,383,8301,2206,467,10970,2928,1697,209,65,4902,145,104,248,5152,3681,365,9199,921,915,106,45,1979,26,30,51,2033,6186,413,8634,186,341,26,15,567,11,10,21,581,5021,324,5926,58,112,10,12,192,4,9,14,205,6692,845,7745,61894,30047,3308,1423,96672,3763,2828,6587,103260,40104,6999,150363,1125,4914,1099,115,7257,305,1163,1467,8720,5442,398,14561,4953,3929,966,171,10021,539,336,875,10898,1645,529,13072,6786,2801,948,224,10770,406,185,596,11364,1759,652,13771,7916,3239,1121,217,12493,300,179,481,12974,1818,628,15411,8735,3585,924,207,13456,249,195,446
315,3009,673,157,89,3922,263,78,345,4269,1296,773,6334,2638,786,189,112,3724,234,89,315,4037,1181,591,5810,2394,711,138,95,3333,196,73,267,3605,971,511,5082,2523,770,111,84,3491,215,60,281,3776,908,435,5119,2618,726,100,94,3538,191,54,249,3785,943,515,5242,2842,688,129,79,3724,179,45,233,3960,958,551,5466,2383,672,156,77,3285,160,44,207,3494,1124,525,5138,1471,537,124,63,2193,107,55,158,2353,1285,456,4093,649,263,51,41,1005,19,16,30,1042,1788,391,3219,255,160,28,28,469,4,0,4,478,1551,240,2274,170,86,18,28,295,8,5,10,306,2199,356,2867,23912,7528,1349,970,33764,2136,759,2891,36651,17868,6517,61038,749,861,86,103,1802,165,128,295,2094,2205,511,4804,2276,619,127,143,3167,196,74,271,3445,1360,660,5463,2859,720,208,158,3939,180,64,240,4186,1398,795,6374,2677,783,254,121,3840,149,51,198,4037,1253,732,6021,2512,795,157,113,3580,130,49,180
316,7828,3767,510,231,12331,595,316,913,13246,2341,1054,16646,8418,4308,681,229,13634,472,319,793,14427,2899,1111,18438,9032,5001,484,239,14762,488,319,800,15563,2951,1178,19691,11265,6218,463,290,18244,595,382,976,19216,3005,1312,23539,12114,6178,487,270,19047,648,328,980,20032,3187,1386,24606,11300,6125,594,229,18255,669,341,1011,19266,3823,1387,24479,9090,5764,608,194,15663,684,367,1053,16712,6057,1384,24152,5384,4747,482,178,10784,456,358,817,11598,10078,1284,22967,1789,2610,210,80,4691,63,141,202,4889,16909,1406,23199,487,1050,65,44,1650,22,55,79,1732,15383,1205,18313,161,431,47,71,713,18,19,38,748,27136,3092,30974,84900,58912,5256,2577,151647,6353,5208,11565,163207,103645,17844,284697,1990,8451,2266,227,12928,403,1289,1687,14623,7482,1020,23120,6613,6064,1617,377,14666,517,471,988,15657,2459,1121,19242,8789,4856,1459,361,15455,502,314,819,16280,2387,1265,19930,9738,5373,1692,428,17226,358,267,624,17854,2736,1408,21994,10793,6438,1480,367,19074,337,241,577
317,4914,1789,332,98,7141,370,177,551,7685,1615,637,9934,4505,1961,342,115,6919,293,158,460,7377,1554,567,9503,4181,1868,199,80,6325,253,139,395,6717,1416,526,8661,4715,2013,150,110,6990,220,136,357,7341,1330,579,9262,5129,1943,194,96,7370,261,134,392,7758,1308,594,9661,4796,1832,202,78,6910,236,83,322,7232,1462,536,9230,4195,1815,247,76,6322,178,93,272,6593,2128,576,9298,2463,1487,206,64,4223,111,80,192,4417,3199,542,8159,846,889,97,43,1873,14,23,42,1917,5287,548,7752,235,376,39,22,672,7,10,22,689,4924,512,6125,104,154,19,36,314,3,8,11,324,9409,1570,11307,41295,21704,2360,1031,66388,2976,2051,5027,71413,39342,8485,119238,1179,3865,295,83,5420,232,628,856,6283,4221,493,10992,4240,2824,308,153,7530,357,273,628,8160,1550,609,10312,5541,2336,442,160,8478,298,172,472,8944,1453,667,11074,5293,2380,487,121,8271,209,135,345,8626,1481,541,10645,5197,2490,345,113,8141,178,114,293
318,8147,2538,525,188,11388,733,286,1018,12408,2465,1278,16145,7714,2681,589,177,11157,624,261,884,12040,2404,1176,15624,6986,2753,396,181,10321,560,220,778,11096,2172,997,14264,7957,2887,318,177,11335,596,201,796,12130,2065,1066,15269,8107,2749,321,166,11350,568,194,765,12113,2131,1129,15371,7508,2677,366,121,10670,571,140,708,11378,2341,1100,14816,6395,2461,373,153,9388,492,164,658,10043,3143,1034,14226,3630,1953,290,111,5983,422,200,620,6605,4774,891,12266,1281,1047,138,68,2535,48,57,97,2629,7424,920,10978,338,426,49,26,844,7,14,16,866,6144,695,7700,181,241,23,56,499,10,5,20,517,10798,1335,12644,66827,31182,4055,1852,103920,6321,3548,9861,113782,55258,14215,183256,1791,5449,369,147,7755,303,807,1110,8869,5380,1162,15403,7072,4092,461,288,11916,497,351,849,12762,2412,1881,17056,8410,2974,657,267,12311,412,210,621,12928,2205,1680,16818,7733,2855,679,232,11506,328,187,512,12019,2010,1318,15346,7952,2935,491,179,11561,301,174,478
319,5040,2495,351,184,8067,783,309,1089,9156,2890,1006,13057,5300,2687,393,155,8543,690,299,988,9526,2985,993,13511,5587,3109,285,154,9131,620,267,885,10016,2993,970,13980,6906,3477,305,227,10912,692,274,960,11875,3411,1206,16487,7625,3777,356,226,11988,699,247,948,12931,3884,1347,18161,7657,3875,452,208,12184,783,307,1091,13275,5055,1498,19830,6740,3889,509,194,11333,712,321,1037,12373,7221,1589,21179,4229,2996,438,144,7806,561,291,849,8654,11398,1678,21725,1457,1556,195,100,3307,40,63,103,3409,17973,1836,23220,511,689,63,67,1328,3,14,22,1345,15508,1603,18457,357,360,46,97,855,8,15,23,878,23473,3301,27653,57460,36396,3845,2167,99864,7764,3827,11594,111459,106455,19026,236938,1865,5464,351,248,7929,588,922,1507,9436,6376,1096,16904,5031,3205,373,256,8863,756,367,1123,9990,2506,981,13476,5993,2918,552,262,9724,553,299,854,10577,2648,1118,14349,5882,3215,545,273,9913,401,222,622,10537,2776,1142,14455,6362,3395,474,247,10474,358,214,571
397,0,5,0,0,3,0,0,0,3,0,0,6,0,3,0,0,4,0,0,0,4,0,0,4,5,0,0,0,5,0,0,0,5,0,0,9,3,0,0,0,7,0,0,0,7,0,0,6,9,0,0,0,9,0,0,0,9,0,0,9,0,0,3,0,5,0,0,0,3,6,0,12,8,4,4,0,12,0,0,0,14,5,0,16,3,0,0,0,9,0,0,0,9,3,0,11,0,0,0,0,0,0,0,0,0,13,5,17,0,0,0,0,0,0,0,0,0,12,0,12,0,0,0,0,0,0,0,0,0,16,5,16,37,20,12,0,67,6,0,5,65,58,20,144,0,0,0,0,0,0,0,0,0,0,0,0,0,0,0,0,4,0,0,0,4,0,14,16,3,0,4,0,3,0,0,0,5,3,21,25,0,0,0,0,0,0,0,0,5,0,18,24,6,0,0,0,6,0,0,0
399,383,183,27,28,622,90,31,120,745,289,316,1348,233,112,20,19,386,98,19,114,503,219,226,941,145,52,14,22,234,77,15,96,331,210,198,737,144,60,15,14,239,73,22,91,329,175,237,741,146,61,11,13,239,70,19,90,324,233,194,750,158,79,26,11,277,69,14,84,356,333,225,913,132,84,26,0,243,57,20,84,328,549,207,1081,83,73,24,9,186,51,15,71,255,815,226,1297,25,32,6,6,65,3,6,15,82,1002,166,1253,4,7,0,0,11,0,5,5,11,549,101,662,5,0,0,3,11,0,0,0,7,332,80,417,1750,980,194,160,3083,754,234,985,4073,5144,2470,11690,23,72,23,8,128,37,41,76,204,229,124,566,161,118,35,15,325,69,30,96,426,236,267,934,328,182,39,16,570,89,33,126,692,316,403,1404,246,154,43,17,465,71,26,94,550,330,357,1242,171,123,40,11,349,62,23,82
401,9071,3930,466,215,13687,654,457,1110,14796,3170,1012,18976,9119,3815,736,187,13858,552,262,817,14671,2459,903,18034,8576,4277,591,156,13600,510,293,804,14404,2369,809,17584,9586,4895,364,172,15018,481,245,727,15744,2371,798,18911,10794,4862,363,161,16181,490,260,745,16925,2374,921,20225,10211,4458,452,168,15281,406,211,621,15904,2703,892,19503,8756,4357,498,128,13742,354,185,536,14281,3712,894,18889,5394,3805,387,106,9695,232,201,440,10135,6168,838,17145,2159,2632,230,68,5089,38,70,103,5196,10282,854,16326,577,1169,87,45,1876,18,24,40,1912,9669,616,12195,277,588,59,49,974,8,14,23,995,22277,1745,25021,79874,51151,4850,1822,137697,4582,4752,9332,147025,84017,11961,242999,762,6732,457,128,8081,128,1142,1277,9356,8448,487,18294,5715,8675,658,227,15276,528,900,1433,16705,4445,805,21957,10351,5375,632,248,16616,554,436,992,17606,2514,904,21023,10494,4821,884,182,16387,416,292,704,17088,2283,798,20171,10853,5269,726,184,17032,370,250,624
402,13430,5792,851,405,20483,1598,657,2259,22734,6089,1496,30318,14511,6671,1098,403,22675,1375,548,1929,24601,6166,1579,32351,12742,6102,716,318,19875,1162,515,1674,21553,5411,1335,28296,12725,6031,516,305,19579,1061,436,1497,21078,4968,1250,27298,13240,5985,498,315,20039,1071,417,1489,21524,5137,1259,27912,12613,5676,552,230,19080,901,353,1256,20337,5960,1275,27563,10180,5025,582,186,15980,755,303,1062,17043,7310,1242,25590,6075,3770,445,143,10430,409,247,652,11085,9975,1002,22063,1687,1835,208,68,3805,21,58,84,3880,15323,1016,20229,291,662,49,33,1034,8,21,26,1058,13340,912,15314,133,241,26,54,453,8,11,24,473,24780,2362,27616,107997,62750,6321,3112,180182,11467,7123,18589,198772,124497,17052,340320,1780,8351,515,194,10841,610,1922,2527,13372,12232,1041,26643,9875,9613,760,470,20720,1498,1160,2658,23380,5758,1229,30363,15362,7795,1087,546,24785,1228,648,1879,26663,5617,1538,33817,15296,7704,1357,447,24804,931,522,1455,26253,5973,1448,33677,16161,7945,1023,392,25521,852,521,1381
403,10240,4798,743,255,16030,868,434,1304,17335,3311,1014,21665,10959,5257,1074,257,17546,692,343,1040,18587,3519,1032,23136,10476,5693,724,220,17103,653,373,1031,18130,3306,985,22424,11630,5950,488,209,18279,622,330,945,19222,3137,909,23265,12112,5871,504,237,18719,619,261,879,19602,3213,1013,23833,11677,5688,613,184,18160,626,276,901,19063,3627,936,23630,10265,5474,645,159,16537,588,249,833,17370,5405,1087,23867,6152,4527,509,135,11329,377,274,648,11976,9277,1002,22263,1908,2513,245,71,4736,52,82,134,4871,15086,1013,20972,417,942,71,43,1474,8,17,24,1500,12881,887,15277,147,422,30,56,654,19,12,27,689,26011,2490,29187,93672,62052,6480,2290,164499,6835,5513,12346,176842,102782,14013,293631,1342,8234,533,126,10237,354,1503,1861,12095,8610,594,21302,6824,8707,745,249,16528,822,786,1612,18138,3325,761,22229,11180,5764,908,270,18128,652,409,1059,19184,2719,852,22756,11977,5967,1263,250,19455,486,292,770,20236,2988,844,24059,12487,7025,960,223,20698,451,301,747
404,8131,3621,423,257,12427,737,388,1125,13553,2517,779,16850,8293,3551,692,188,12724,630,254,882,13609,2532,824,16972,7099,3432,453,153,11142,511,231,740,11875,2197,656,14735,7324,3384,291,131,11136,486,209,695,11830,2239,673,14738,7883,3543,287,165,11872,507,232,739,12610,2626,727,15969,7442,3207,319,142,11104,445,206,647,11752,2962,724,15436,6104,3049,357,104,9617,405,208,614,10234,4146,681,15061,3396,2378,289,79,6138,225,176,395,6536,5701,608,12847,1060,1268,138,48,2523,20,46,62,2584,8545,622,11751,262,506,37,31,838,3,6,17,850,7380,528,8757,91,267,32,47,438,3,12,17,456,18569,1823,20843,62018,37214,3790,1664,104684,5050,3739,8782,113470,69463,9885,192811,681,4553,263,93,5589,177,791,962,6549,5161,340,12052,5194,6401,456,220,12266,512,546,1061,13328,2576,617,16525,9824,4977,557,267,15630,506,332,833,16464,2038,759,19257,9694,4626,877,214,15413,406,219,621,16035,2162,760,18952,8907,4472,649,169,14201,336,216,551
405,2305,970,189,67,3542,226,64,293,3836,850,303,4990,2349,1212,226,71,3860,176,85,268,4128,945,255,5331,2416,1378,165,60,4018,143,81,221,4238,935,302,5478,2916,1537,155,73,4686,179,74,255,4938,962,326,6225,3368,1802,153,79,5407,204,90,294,5699,1197,417,7318,3542,1869,191,75,5683,212,103,314,5998,1581,475,8062,3327,1969,254,83,5634,198,94,294,5925,2270,540,8729,2239,1626,276,69,4207,146,97,240,4446,3696,530,8676,826,871,130,38,1865,16,18,31,1900,5750,547,8198,291,425,48,37,801,0,9,12,812,5238,478,6532,202,245,43,72,563,6,3,12,579,9144,1011,10733,26256,16792,2041,893,45981,2062,1106,3167,49151,36427,5751,91324,644,1999,164,98,2907,106,191,299,3209,2432,340,5968,2046,1317,131,97,3587,205,116,324,3914,791,282,4985,2440,1047,219,77,3786,160,80,242,4032,792,324,5148,2404,1377,263,78,4125,126,54,177,4305,911,323,5542,2726,1578,195,69,4565,112,58,170
406,2343,902,194,62,3505,233,95,323,3829,1051,459,5342,2268,1048,192,77,3580,197,83,282,3861,1023,499,5383,2012,1005,124,60,3205,172,67,238,3443,885,393,4717,2403,1135,128,70,3735,206,82,287,4022,822,380,5223,2731,1218,131,78,4160,193,65,259,4425,953,474,5851,2647,1122,165,86,4021,217,61,280,4300,1134,510,5945,2308,1187,190,77,3764,178,69,246,4013,1451,539,6001,1397,861,144,53,2447,131,70,202,2654,2083,452,5184,483,424,69,18,1001,13,17,29,1026,3136,356,4523,161,195,27,19,406,0,0,3,409,2811,375,3595,86,101,17,29,237,0,4,4,240,4861,676,5772,20926,11376,1573,777,34656,2057,935,2991,37650,23234,5853,66735,530,1353,104,77,2066,103,154,257,2324,1822,346,4487,1659,881,123,80,2742,200,115,313,3054,842,360,4259,2402,1015,230,103,3747,158,76,236,3981,964,448,5396,2286,1148,255,81,3772,145,58,206,3976,1056,448,5482,2278,1160,162,73,3673,115,66,178
407,4064,1791,304,115,6270,336,140,476,6746,1667,508,8921,3874,2234,323,135,6562,289,126,419,6981,1802,504,9283,3986,2365,269,105,6726,273,119,386,7114,1716,537,9367,4912,2645,272,116,7945,298,125,426,8371,1797,611,10776,5816,2918,297,128,9158,304,127,433,9596,1948,725,12267,5681,3100,371,155,9304,335,144,476,9785,2323,782,12896,5227,3104,447,116,8892,306,151,457,9348,3400,804,13553,3645,2687,400,98,6832,202,150,351,7183,5631,839,13648,1378,1613,217,79,3281,19,41,57,3339,9805,962,14108,475,723,79,54,1330,3,18,22,1355,8699,757,10813,309,482,58,82,927,3,11,18,945,15605,1922,18479,43962,28829,3424,1458,77679,3164,1807,4976,82647,60532,9988,153167,1323,3545,224,176,5268,170,363,529,5803,3815,611,10226,3581,2302,233,174,6285,318,178,497,6786,1333,544,8662,4286,2125,383,161,6953,257,130,382,7335,1554,603,9492,4262,2465,409,154,7290,215,126,342,7634,1617,642,9893,4350,2652,327,127,7460,178,109,286
497,0,0,0,0,0,0,0,0,0,0,0,0,0,0,0,0,0,0,0,0,0,0,0,0,0,0,0,0,0,0,0,0,0,0,0,0,0,0,0,0,0,0,0,0,0,0,0,0,0,0,0,0,0,0,0,0,0,0,0,0,0,0,0,0,0,0,0,0,0,0,0,0,0,0,0,0,0,0,0,0,0,0,0,0,0,0,0,0,0,0,0,0,0,0,0,0,0,0,0,0,0,0,0,0,0,0,0,0,0,0,0,0,0,0,0,0,0,0,0,0,0,0,0,0,0,0,0,0,0,0,0,0,8,0,0,0,8,0,0,0,8,0,0,8,0,0,0,0,0,0,0,0,0,0,0,0,0,0,0,0,0,0,0,0,0,0,0,0,0,0,0,0,0,0,0,0,0,0,0,0,0,0,0,0,0,0,0,0,0,0,0,0,0,0,0,0,0,0,0,0
499,88,42,8,6,140,32,11,42,185,71,52,300,61,31,7,9,98,26,4,31,130,77,54,254,41,18,0,0,61,28,8,34,98,60,59,219,26,27,9,6,64,18,3,23,87,58,58,205,41,19,6,4,73,23,5,27,99,54,85,240,34,22,4,0,59,14,3,21,76,94,59,232,37,23,3,0,58,18,9,28,88,78,39,202,20,10,0,3,39,13,0,13,53,108,45,203,8,10,5,0,19,0,0,0,18,133,26,184,0,0,0,0,4,5,0,5,0,69,17,88,0,0,0,0,0,0,0,0,0,67,10,82,402,246,48,35,733,242,68,305,1037,1039,573,2648,3,18,4,0,32,11,25,35,65,86,30,186,19,34,3,3,61,10,15,29,87,80,39,206,44,42,6,6,101,22,12,34,131,101,73,309,63,37,11,0,113,16,12,32,144,91,85,318,55,21,9,0,86,21,11,30
501,4250,1723,323,119,6408,367,174,547,6957,1560,701,9216,4435,2412,455,140,7446,376,206,580,8025,1870,741,10637,4744,2727,396,129,7998,359,168,528,8525,1741,745,11014,5487,3107,320,133,9054,361,192,548,9602,1593,834,12030,5945,3053,420,162,9573,385,138,526,10102,1577,900,12579,5616,2794,428,144,8986,365,156,517,9506,1838,860,12203,4780,2808,484,128,8201,334,175,507,8712,2610,926,12242,2780,2368,422,67,5642,246,165,409,6056,4504,832,11392,995,1344,180,52,2574,31,64,92,2669,7186,818,10673,300,553,70,38,954,9,17,30,977,5886,667,7537,163,312,44,44,567,0,0,9,574,10018,1570,12164,44201,28070,3940,1454,77660,3692,2154,5840,83503,46209,10857,140568,1516,3932,293,139,5879,235,497,726,6606,3786,569,10963,3550,1897,283,145,5881,270,184,453,6328,1103,519,7948,4271,1884,392,145,6698,251,116,364,7066,1415,735,9216,4821,2506,551,152,8027,203,127,328,8360,1686,704,10748,5288,3206,519,170,9182,165,135,297
502,2133,861,203,65,3264,316,109,418,3681,946,349,4974,2167,1045,214,77,3509,266,121,384,3889,1125,369,5380,2103,1116,138,67,3424,237,127,365,3785,1039,329,5154,2685,1244,160,82,4172,311,130,438,4605,954,398,5960,3006,1247,183,81,4523,266,111,376,4898,933,405,6230,2901,1275,231,69,4478,309,86,391,4873,1051,427,6351,2325,1205,210,65,3801,226,89,309,4112,1617,419,6142,1299,1111,182,45,2636,173,95,268,2908,2930,415,6246,422,596,74,17,1108,19,28,51,1158,5087,425,6670,101,235,36,11,383,5,13,23,407,4702,397,5507,34,155,12,16,207,5,3,12,224,8441,942,9607,21485,13088,1831,720,37121,2908,1532,4443,41559,32144,5475,79178,601,2155,118,65,2941,170,415,583,3533,2163,295,5986,1878,1575,173,87,3715,278,136,420,4133,812,362,5306,2187,1060,230,112,3592,213,98,312,3910,935,347,5188,2293,1270,291,104,3956,179,102,282,4232,1059,405,5700,2655,1412,247,80,4398,170,78,253
503,8568,3040,342,182,12129,454,359,811,12942,1873,1839,16653,8345,2544,504,129,11521,418,221,633,12155,1682,1665,15500,6009,2439,399,105,8953,330,176,504,9456,1533,1040,12033,5543,2379,208,98,8223,339,166,501,8727,1454,793,10974,5947,2434,182,99,8664,318,146,467,9133,1469,774,11369,5418,2201,190,66,7871,288,119,409,8286,1466,756,10504,4537,2114,219,47,6911,259,92,353,7265,1891,715,9870,2766,1938,188,56,4950,169,107,276,5230,2905,661,8796,1182,1494,109,31,2816,39,71,111,2928,4176,578,7684,357,709,49,24,1132,12,32,40,1168,4044,486,5702,161,479,20,23,682,10,12,18,705,9462,1257,11421,52241,28900,2761,1133,85031,3079,2907,5982,91017,40151,12150,143315,338,3855,226,59,4474,51,702,753,5224,4642,306,10172,3452,5606,335,157,9554,245,424,671,10222,2300,745,13265,8491,3408,344,187,12431,295,227,523,12951,1483,1131,15567,8924,3070,646,163,12802,253,172,423,13227,1409,1022,15654,7781,3117,501,132,11535,230,126,358
504,9498,3416,567,289,13773,784,378,1160,14935,2966,1183,19091,10056,3626,683,239,14600,722,299,1016,15622,3457,1208,20288,8763,3571,488,206,13034,588,293,881,13914,3003,1057,17979,8966,3845,367,219,13394,622,280,903,14293,2675,1053,18023,9355,3615,395,224,13595,637,221,858,14449,2436,1059,17949,8687,3295,398,172,12542,566,200,766,13312,2518,996,16827,6810,2973,427,137,10346,496,200,697,11040,3160,910,15115,4085,2649,331,91,7164,365,169,537,7702,4407,769,12884,1395,1459,147,61,3062,50,63,106,3172,7274,741,11180,304,582,41,20,953,22,15,36,988,6288,627,7902,102,245,31,23,399,3,6,8,407,11124,1819,13349,75196,38333,4357,2103,119990,6418,3929,10349,130341,59077,13145,202558,1419,5641,227,140,7425,317,1121,1437,8864,6356,600,15820,6126,5482,387,331,12323,628,444,1070,13393,2396,777,16571,9567,3922,656,353,14505,539,284,816,15328,2644,1072,19045,11259,4475,1013,327,17069,409,244,659,17728,3288,1186,22203,11182,4835,745,232,16994,406,265,674
505,20949,7369,1173,548,30038,1597,743,2338,32373,4952,2545,39865,21722,8075,1612,563,31970,1361,704,2065,34031,5833,2587,42456,18712,8242,1143,416,28517,1202,667,1871,30386,5556,2051,37992,19522,9006,851,441,29821,1270,684,1951,31777,4938,2021,38728,20131,8808,748,411,30105,1305,533,1834,31938,4472,1932,38342,17941,7653,785,369,26752,1159,442,1606,28353,4737,1666,34753,14103,6906,807,303,22115,986,390,1374,23491,6031,1603,31135,8313,5770,691,195,14972,685,360,1044,16012,9412,1338,26759,2741,3398,334,80,6550,95,150,241,6793,15748,1258,23794,603,1356,103,53,2114,32,54,91,2206,13481,1039,16725,214,616,46,62,937,13,26,39,973,26350,3108,30429,159206,89035,9405,4287,261943,12453,9035,21483,283427,121872,24258,429556,2645,13094,486,230,16451,602,2862,3469,19917,13471,1049,34435,12237,12893,775,540,26441,1125,994,2118,28560,4422,1527,34506,19595,7917,1259,614,29390,921,501,1424,30816,3954,2010,36779,21883,9250,2221,648,33997,770,548,1325,35323,5081,2227,42622,23055,10656,1750,582,36037,763,526,1281
506,19405,7603,1051,589,28657,1850,981,2832,31490,6631,2887,41002,20807,7534,1332,511,30193,1605,799,2400,32594,6901,2715,42209,17366,7118,909,431,25827,1435,643,2084,27911,6054,2181,36147,16244,6761,602,366,23978,1309,597,1900,25877,4946,1890,32718,16294,6381,641,363,23677,1320,458,1773,25452,4428,1795,31674,14904,5700,708,311,21625,1141,350,1496,23118,4698,1699,29511,11953,5350,675,258,18230,941,389,1332,19557,5914,1573,27043,7435,4845,626,135,13039,691,340,1035,14072,8993,1574,24638,2638,2816,320,81,5855,109,151,255,6107,14138,1328,21574,540,1092,100,48,1771,12,50,61,1833,11848,1067,14753,177,481,40,42,737,11,22,32,774,22720,3323,26824,141502,74606,8025,3967,228087,13176,9075,22249,250338,119478,25581,395396,2452,10220,457,204,13331,624,2187,2818,16147,13107,1191,30444,11744,12717,772,653,25891,1137,1205,2340,28229,5884,1886,35999,18809,8660,1155,729,29354,1121,650,1768,31123,5364,2366,38852,20747,8681,1630,657,31709,924,637,1556,33264,6286,2424,41977,21973,9330,1452,506,33260,860,577,1430
507,14414,4990,817,365,20588,1276,568,1847,22434,4114,2194,28743,15002,5568,1120,335,22025,1129,537,1667,23691,4761,2066,30513,13684,5926,865,300,20773,951,517,1475,22244,4354,1725,28318,14278,6194,632,268,21372,1027,497,1524,22905,3947,1732,28588,14688,6060,641,291,21682,1113,391,1499,23184,3711,1726,28618,13439,5437,679,235,19792,998,323,1324,21121,3802,1625,26548,10400,4863,717,192,16174,789,300,1095,17266,5064,1378,23711,6004,4044,511,140,10697,548,291,834,11531,7872,1210,20622,1919,2314,247,77,4560,95,105,205,4767,11946,1156,17867,420,916,87,42,1456,9,54,61,1515,10570,920,13005,167,414,44,41,669,18,26,44,710,21042,3271,25023,115518,62320,7270,2925,188022,10330,6651,16982,205007,96572,21955,323531,2379,9906,366,207,12860,558,2141,2699,15560,9939,956,26454,9603,9367,680,378,20026,931,849,1778,21800,3779,1398,26979,14537,5791,1136,416,21877,798,463,1259,23146,3577,1707,28418,16064,6516,1614,474,24665,621,447,1066,25728,4339,1828,31895,16767,7582,1335,376,26059,599,408,1002
509,3064,1060,235,85,4439,229,67,297,4733,1386,624,6745,3125,1480,299,95,5000,176,94,273,5268,1460,627,7355,3209,1655,214,89,5170,218,95,309,5477,1315,597,7400,3830,1910,208,95,6050,231,86,325,6371,1219,699,8292,4485,2023,273,121,6907,217,92,302,7207,1407,780,9395,4763,2006,365,123,7255,258,78,340,7594,1594,856,10042,4331,2162,433,127,7054,224,112,333,7388,2259,959,10612,2905,1994,387,93,5374,176,100,276,5647,3498,862,10011,1374,1244,181,50,2857,30,31,58,2910,5611,874,9395,498,675,77,48,1299,4,17,19,1313,4761,629,6708,320,428,59,87,890,3,9,8,902,8667,1356,10926,35510,19371,2964,1203,59053,2315,1096,3412,62462,37770,9870,110109,1121,2018,125,115,3375,136,249,383,3757,2967,599,7320,2589,1136,157,126,4009,207,83,284,4300,878,534,5712,3067,1165,287,113,4631,162,79,239,4868,1110,590,6566,3135,1480,323,111,5050,134,83,211,5270,1284,707,7257,3365,1896,262,103,5627,118,78,194
510,4926,838,346,117,6235,288,107,396,6630,1453,1621,9703,5396,1110,476,131,7116,227,109,340,7451,1527,1658,10637,4539,1016,304,113,5968,219,78,297,6267,1183,1357,8808,4156,987,281,106,5527,221,71,284,5815,952,1191,7960,3881,757,242,112,4990,190,45,235,5223,828,1116,7173,3411,615,258,104,4390,168,48,216,4602,851,1074,6528,2779,493,225,65,3574,110,42,158,3727,849,791,5370,1526,386,135,60,2104,61,25,89,2192,812,539,3544,472,165,45,23,706,9,24,36,739,790,304,1834,112,62,11,6,199,7,0,14,211,581,136,928,56,34,3,3,97,0,0,0,98,625,168,885,34164,7833,2524,1021,45544,2034,763,2796,48336,13844,11302,73481,612,1093,75,62,1845,134,147,278,2125,2003,703,4829,2056,554,135,99,2846,189,80,268,3112,1179,975,5265,3631,757,299,154,4842,146,71,222,5060,1212,1429,7702,4289,1168,498,150,6102,137,77,209,6311,1364,1707,9378,4273,1208,398,130,6009,114,66,182
511,3876,1070,296,93,5338,320,102,430,5765,1439,962,8166,3875,1363,347,111,5687,261,109,368,6059,1481,1050,8582,3552,1393,261,103,5301,236,98,333,5638,1203,850,7689,4077,1495,200,133,5902,262,114,373,6278,1044,887,8210,4415,1554,258,118,6344,266,97,364,6706,1054,912,8679,4223,1469,287,127,6104,298,74,371,6479,1207,924,8615,3545,1347,311,90,5292,244,85,327,5620,1611,898,8124,2183,1090,214,79,3566,146,100,248,3817,2207,730,6757,806,600,118,57,1581,21,28,51,1635,3432,574,5640,248,292,58,14,615,9,10,16,630,2884,436,3947,125,162,22,23,333,0,11,9,341,4626,801,5772,34822,14588,2621,1144,53176,2742,1243,3981,57158,26475,10414,94046,1121,1910,114,82,3230,152,231,390,3613,2201,737,6553,3018,1084,191,133,4429,206,86,294,4727,978,964,6674,3838,1116,302,138,5398,140,84,227,5620,1122,1167,7904,3626,1439,375,122,5557,118,68,188,5739,1214,1089,8049,3769,1538,281,111,5700,122,73,198
597,35,0,0,0,36,0,0,0,37,0,5,49,57,0,0,0,63,0,0,0,63,0,15,83,43,0,5,0,49,0,0,0,50,0,10,62,46,4,3,0,51,0,0,0,51,5,7,63,40,4,0,0,43,0,0,0,43,0,14,57,33,0,4,0,36,0,0,0,36,0,7,45,22,0,3,0,20,0,0,0,20,0,3,26,12,0,0,0,12,0,0,0,12,4,0,15,0,0,0,0,0,0,0,0,0,0,0,4,0,0,0,0,0,0,0,0,0,0,0,0,0,0,0,0,0,0,0,0,0,4,0,3,301,16,13,7,332,3,0,3,337,22,75,431,0,0,0,0,5,0,0,0,5,0,3,6,20,0,0,0,17,0,0,0,17,0,15,31,32,0,4,0,36,0,0,0,36,0,24,54,30,0,0,0,32,0,0,0,32,0,22,54,45,4,0,4,52,0,0,0
599,228,80,20,8,333,58,12,68,405,116,182,701,185,49,22,12,268,40,4,47,314,118,173,608,117,39,18,10,181,32,5,37,215,98,136,450,103,29,17,3,150,35,11,45,190,98,166,454,99,32,19,3,156,40,3,40,199,79,173,454,98,35,11,3,150,34,8,43,194,151,161,509,112,47,7,0,165,31,12,41,204,184,109,503,62,30,11,4,101,25,9,33,136,256,83,473,20,12,5,0,36,0,0,0,36,319,84,440,0,4,0,0,4,0,0,0,6,143,32,185,0,0,0,0,0,0,0,0,3,92,20,114,1143,435,141,60,1772,352,91,446,2217,1846,1490,5558,16,33,0,3,53,13,13,24,72,89,98,261,90,73,17,4,185,31,18,48,235,93,230,562,176,64,18,7,260,45,13,60,314,120,310,744,152,64,28,9,246,27,9,39,282,142,342,773,100,52,36,3,193,29,12,42
601,6256,3054,432,169,9913,578,323,901,10810,2602,781,14196,6490,3301,601,168,10563,396,220,616,11181,2364,753,14292,6037,3443,433,119,10036,333,186,524,10556,2131,646,13334,6846,3698,341,118,11008,320,158,476,11487,2061,703,14247,7335,3529,307,132,11300,302,147,444,11753,2272,759,14783,7203,3351,401,142,11098,271,152,425,11526,2519,771,14817,6307,3443,436,118,10305,229,169,393,10697,3910,855,15458,3369,2787,340,77,6570,157,166,327,6898,6278,805,13981,1050,1520,132,51,2748,13,58,67,2814,9225,756,12795,226,576,61,26,884,7,7,19,903,7772,712,9389,89,304,24,44,462,6,8,12,474,15319,1568,17368,56177,37187,4078,1444,98886,3682,3111,6785,105671,66157,10429,182260,917,4164,260,96,5436,311,1069,1373,6813,5976,533,13323,4551,4967,369,221,10110,720,680,1400,11507,2698,614,14817,8602,5518,585,316,15016,834,555,1392,16405,2615,903,19919,8816,5545,823,289,15470,581,374,958,16419,2583,833,19837,7965,4773,619,174,13536,363,257,618
602,3235,1497,233,78,5049,304,164,461,5512,1421,488,7428,3212,1713,302,86,5316,244,121,359,5675,1436,499,7605,3096,1893,202,89,5280,215,118,330,5615,1339,454,7414,3743,2160,194,93,6193,244,144,384,6584,1367,530,8472,4411,2282,222,113,7035,266,144,407,7440,1522,576,9534,4310,2247,257,103,6916,298,125,420,7338,1804,660,9801,3815,2285,320,120,6540,244,114,361,6901,2718,667,10292,2294,1902,288,68,4562,192,144,335,4892,4168,691,9753,710,993,126,51,1887,13,27,39,1919,6749,718,9387,231,408,33,24,692,6,8,11,705,5841,602,7148,116,240,24,26,408,8,6,13,417,10151,1147,11717,32625,22221,2528,1078,58457,2874,1956,4828,63280,44612,8121,116018,816,2646,207,85,3754,197,461,659,4414,3457,374,8241,3102,2350,198,152,5800,437,284,723,6521,1465,499,8480,4480,2536,332,162,7510,361,191,558,8064,1488,509,10059,4128,2353,365,129,6976,258,146,403,7379,1381,475,9234,3934,2351,278,93,6654,193,114,305
603,599,287,50,38,977,56,23,81,1057,291,94,1443,689,433,78,17,1210,38,36,71,1284,329,108,1723,728,475,57,33,1297,57,24,89,1382,331,138,1851,915,575,41,38,1570,65,28,95,1660,426,163,2258,1121,631,60,44,1865,59,34,85,1956,529,180,2668,1105,662,85,40,1887,58,42,94,1985,693,191,2872,1014,747,117,24,1902,67,36,103,2006,1075,242,3320,625,594,82,19,1318,60,27,91,1403,1636,225,3267,241,330,39,22,629,8,13,17,649,2299,286,3230,96,137,13,13,247,6,3,4,252,1756,195,2203,49,74,17,18,158,0,0,3,156,2260,332,2755,7878,5665,691,380,14607,609,370,978,15593,12960,2348,30892,238,426,41,31,731,65,82,152,887,1045,144,2076,679,395,37,47,1158,92,45,137,1301,313,131,1742,794,447,80,38,1360,48,28,76,1435,312,151,1896,849,559,80,33,1522,62,33,96,1621,327,170,2116,985,643,95,41,1758,42,32,74
604,2389,1124,180,59,3752,227,120,348,4102,1099,328,5522,2389,1280,229,73,3975,181,93,275,4251,1065,298,5614,2338,1400,167,58,3976,197,70,274,4248,1114,294,5650,2803,1610,170,70,4654,229,81,312,4966,1141,339,6446,3297,1746,214,103,5368,256,101,359,5728,1311,417,7454,3422,1781,238,74,5514,233,91,328,5843,1664,469,7976,2910,1744,282,86,5025,213,91,304,5333,2412,507,8243,1689,1414,218,69,3394,136,106,243,3635,3556,523,7713,535,668,100,25,1323,18,18,36,1359,5574,532,7469,137,282,27,30,482,3,10,13,492,4733,445,5669,94,174,17,37,319,7,8,16,335,8264,923,9519,24962,16437,2104,842,44337,2385,1283,3672,48013,35979,5682,89675,764,2100,107,75,3051,159,252,407,3459,2550,332,6336,2483,1464,170,107,4224,267,145,415,4634,907,321,5864,3109,1538,294,105,5046,237,112,346,5389,996,380,6762,2855,1641,314,78,4884,155,87,237,5123,1089,389,6597,2854,1611,229,71,4767,125,91,214
697,6,0,0,0,8,0,0,0,8,0,0,12,11,0,4,0,9,0,0,0,9,0,0,15,0,0,0,0,0,0,0,0,0,0,0,0,4,0,0,0,6,0,0,0,6,0,3,6,3,0,0,0,7,0,0,0,6,0,0,9,10,0,0,0,10,0,0,0,7,0,0,7,3,0,0,0,5,0,0,0,5,0,0,4,0,0,0,0,0,0,0,0,0,3,0,5,0,0,0,0,0,0,0,0,0,0,0,0,0,0,0,0,0,0,0,0,0,0,0,0,0,0,0,0,0,0,0,0,0,0,0,0,39,3,3,0,48,4,0,4,53,13,9,72,0,0,0,0,0,0,0,0,0,0,0,0,0,0,0,0,0,0,0,0,0,0,0,0,0,0,0,0,0,0,0,0,0,0,0,0,0,0,0,0,0,0,0,0,0,0,0,0,4,0,0,0,4,0,0,0
699,33,13,0,0,48,8,3,13,60,15,26,102,26,12,0,0,38,3,5,10,50,16,17,80,15,14,4,0,36,10,0,7,45,25,15,84,7,10,0,0,11,6,3,9,21,28,14,64,16,12,0,0,24,0,0,9,31,17,22,70,13,7,0,0,23,7,0,4,32,27,12,71,4,9,5,0,13,7,0,8,22,31,12,56,7,4,0,0,11,0,4,3,19,36,5,52,0,3,0,0,3,0,0,0,3,46,9,61,0,0,0,0,0,0,0,0,0,19,0,26,0,0,0,0,0,0,0,0,0,9,3,17,136,89,15,9,247,69,30,97,341,324,169,836,3,7,3,0,12,12,9,18,31,42,19,95,17,21,3,0,33,21,7,27,58,43,16,119,22,9,9,0,35,9,11,20,59,34,18,111,23,11,3,0,35,7,6,15,53,31,29,114,15,14,4,0,39,6,0,0
701,7417,1675,411,232,9732,298,139,438,10171,1533,1771,13470,7419,1716,509,210,9852,243,106,352,10202,1594,1594,13392,6428,1542,344,142,8453,236,110,336,8796,1348,1295,11438,6084,1362,277,137,7863,207,74,283,8142,1071,1137,10345,5978,1228,274,143,7620,219,70,292,7915,1014,1136,10068,5187,1031,297,143,6648,199,68,266,6916,989,980,8889,4076,1007,279,95,5455,151,42,190,5647,1217,908,7773,2519,777,178,64,3543,111,63,180,3718,1772,775,6266,974,503,81,33,1588,34,24,61,1644,2486,541,4669,230,193,22,10,467,9,10,17,484,1938,321,2741,81,86,11,13,192,0,5,5,192,2535,368,3097,51905,14812,3080,1566,71358,2258,1206,3466,74821,21857,12624,109301,886,2434,138,103,3549,192,385,576,4124,2925,602,7651,4071,2062,231,177,6544,268,158,425,6968,1200,876,9046,6744,2238,445,230,9656,258,142,400,10055,1331,1196,12582,7159,2379,603,195,10339,231,124,351,10694,1471,1200,13367,6636,2038,488,152,9305,162,81,246
702,2837,639,179,132,3790,452,128,578,4369,2423,1186,7976,2718,809,186,139,3851,418,133,549,4402,2285,1029,7715,2300,748,176,105,3325,322,98,420,3747,1824,823,6393,2306,695,118,86,3209,312,98,408,3620,1662,763,6039,2538,648,132,82,3402,267,84,353,3754,1519,878,6154,2485,553,133,90,3264,241,56,299,3559,1367,803,5733,2154,491,136,61,2851,111,42,146,2996,1200,698,4894,1391,418,113,44,1965,76,48,123,2091,1269,556,3912,534,256,42,28,863,23,9,37,900,1253,354,2502,139,96,12,14,263,10,4,6,273,981,222,1469,63,48,6,10,127,3,0,3,130,1197,244,1575,21787,6582,1375,1018,30754,3198,938,4142,34896,23238,9573,67701,554,718,59,64,1396,244,151,395,1793,4096,537,6424,1703,587,107,107,2505,372,139,506,3013,2909,635,6550,2908,765,200,124,3986,305,136,448,4436,2722,868,8025,3103,885,272,136,4391,326,107,434,4817,2589,836,8236,2707,891,215,99,3917,243,85,330
797,3,0,0,0,3,0,0,0,3,6,0,7,7,0,0,0,8,0,0,0,8,8,8,17,0,0,0,0,4,0,0,0,4,5,0,7,0,0,0,0,4,0,0,0,4,4,3,12,0,0,0,0,6,0,0,0,4,0,0,6,0,0,0,6,3,0,0,0,3,0,0,7,0,0,0,0,0,0,0,0,0,0,0,6,0,0,0,0,0,0,0,0,0,0,0,4,0,0,0,0,0,0,0,0,0,0,0,0,0,0,0,0,0,0,0,0,0,0,0,0,0,0,0,0,0,0,0,0,0,0,0,3,16,0,0,7,28,0,0,0,30,28,14,70,0,0,0,0,0,0,0,0,0,0,6,4,5,0,0,0,5,0,0,0,5,0,0,6,5,0,0,0,3,0,0,0,3,0,0,3,12,0,0,0,12,0,0,0,12,0,6,17,3,0,0,0,3,0,0,0
799,66,14,13,4,96,4,0,10,105,41,107,254,46,13,9,5,68,6,3,8,81,48,82,208,35,9,4,3,44,9,0,7,56,53,70,179,37,7,7,0,52,5,4,13,64,71,79,215,46,9,7,0,60,5,3,15,72,70,84,227,39,13,0,4,53,7,0,6,59,86,89,233,31,10,0,0,49,8,5,9,60,106,53,211,27,9,4,0,38,4,0,4,48,131,51,225,9,0,0,0,13,0,0,0,13,141,34,191,0,0,0,0,3,0,0,0,3,70,18,89,0,0,0,0,0,0,0,0,0,27,11,34,401,96,54,14,574,59,25,77,649,886,744,2286,9,8,0,0,13,3,0,7,15,35,43,95,21,7,0,0,34,13,0,14,50,55,81,183,54,21,12,7,96,16,6,22,116,104,107,320,45,20,11,3,86,13,6,23,101,111,120,336,31,19,11,4,61,15,8,22
801,19036,4971,1029,369,25405,673,430,1101,26505,3929,1991,32426,19399,5698,1719,352,27173,609,336,947,28119,3493,1966,33581,17411,5853,1172,330,24760,526,267,792,25554,3067,1517,30129,17146,5284,697,249,23375,483,249,729,24102,2657,1404,28165,16791,4523,562,254,22126,383,182,561,22689,2506,1328,26527,14907,3853,708,202,19670,389,180,571,20237,2967,1180,24389,10989,3533,652,151,15327,333,227,559,15890,5294,1140,22318,5746,3128,479,104,9452,206,181,385,9835,8237,1032,19110,2039,2067,255,63,4420,47,112,166,4585,11751,931,17267,462,822,73,35,1399,25,43,64,1467,9891,804,12163,169,415,44,38,672,10,23,35,705,17436,2372,20506,136935,56998,8472,3014,205419,4863,5301,10168,215585,88427,18399,322413,2192,9811,707,129,12850,326,2065,2391,15233,9923,1128,26286,13190,11817,882,394,26280,736,970,1708,27985,4335,1851,34174,23413,7406,1176,521,32512,796,478,1272,33785,3570,1857,39217,22709,7370,1917,434,32429,596,301,891,33323,3379,1717,38419,22492,7416,1712,299,31921,516,294,808
897,0,0,0,0,0,0,0,0,0,0,0,0,0,0,0,0,0,0,0,0,0,0,0,0,0,0,0,0,0,0,0,0,0,0,0,0,0,0,0,0,0,0,0,0,0,0,0,0,0,0,0,0,0,0,0,0,0,0,0,0,0,0,0,0,0,0,0,0,0,0,0,0,0,0,0,0,0,0,0,0,0,0,0,0,0,0,0,0,0,0,0,0,0,0,0,0,0,0,0,0,0,0,0,0,0,0,0,0,0,0,0,0,0,0,0,0,0,0,0,0,0,0,0,0,0,0,0,0,0,0,0,0,0,0,0,0,0,0,0,0,0,0,0,0,0,0,0,0,0,0,0,0,0,0,0,0,0,0,0,0,0,0,0,0,0,0,0,0,0,0,0,0,0,0,0,0,0,0,0,0,0,0,0,0,0,0,0,0,0,0,0,0,0,0,0,0,0,0,0,0
899,27,5,0,0,36,6,0,10,46,8,4,63,14,3,4,5,21,6,0,7,26,14,5,47,21,6,3,0,26,4,0,4,30,14,19,61,16,0,0,0,14,3,0,5,18,18,12,48,7,3,0,0,4,0,0,0,10,11,8,26,11,9,0,5,17,6,0,6,23,9,12,48,13,3,0,0,16,0,0,0,18,8,12,37,6,7,0,0,11,0,0,0,12,11,12,38,0,0,0,0,0,0,0,0,0,17,4,19,0,0,0,0,0,0,0,0,0,3,0,10,0,0,0,0,0,0,0,0,0,6,0,10,126,59,11,6,201,33,10,39,247,153,110,506,8,13,6,0,22,4,7,8,34,25,0,58,17,20,0,0,36,4,7,14,50,26,9,82,19,9,3,0,33,3,4,8,39,16,8,63,13,9,8,0,26,0,0,0,26,8,15,45,13,3,0,0,17,0,0,0
901,100,27,10,3,144,0,3,5,151,74,31,260,118,54,14,5,188,0,0,0,194,83,38,308,147,51,18,10,220,0,0,0,221,72,17,316,159,41,13,3,221,10,5,9,232,59,27,318,169,50,8,3,239,3,0,5,245,54,36,334,180,67,7,6,268,4,0,4,267,55,49,377,164,59,22,10,249,5,9,13,263,66,47,370,132,46,12,5,197,4,0,9,199,82,44,322,87,51,8,3,152,0,0,0,150,95,38,287,27,21,0,0,47,0,0,0,47,109,17,175,9,18,0,5,36,0,0,0,36,169,35,239,1396,566,120,69,2150,36,19,51,2206,1085,427,3720,29,70,7,4,110,0,0,0,109,57,21,189,83,41,6,5,132,0,0,6,140,39,32,218,111,44,9,3,164,0,0,0,164,63,46,277,102,44,13,5,168,0,0,0,168,73,58,299,141,75,12,0,228,7,0,3
997,0,0,0,0,0,0,0,0,0,0,0,0,3,0,0,0,3,0,0,0,3,0,0,3,0,0,0,0,0,0,0,0,0,0,0,0,0,0,0,0,0,0,0,0,0,0,0,0,0,0,0,0,0,0,0,0,0,0,0,0,0,0,0,0,0,0,0,0,0,0,0,0,0,0,0,0,0,0,0,0,0,0,0,0,0,0,0,0,0,0,0,0,0,0,0,0,0,0,0,0,0,0,0,0,0,0,0,0,0,0,0,0,0,0,0,0,0,0,0,0,0,0,0,0,0,0,0,0,0,0,0,0,7,0,0,0,4,0,0,0,4,0,0,4,0,0,0,0,0,0,0,0,0,0,0,0,0,0,0,0,0,0,0,0,0,0,0,0,0,0,0,0,0,0,0,0,0,0,0,0,0,0,0,0,0,0,0,0,0,0,0,0,0,0,0,0,0,0,0,0
999,0,0,0,0,0,0,0,0,0,0,0,0,0,0,0,0,0,0,0,0,0,0,0,0,0,0,0,0,0,0,0,0,0,0,0,5,5,0,0,0,5,0,0,0,4,0,0,6,0,0,0,0,3,0,0,0,3,0,0,3,0,0,0,0,0,0,0,0,3,3,0,3,0,0,0,0,0,0,0,0,0,0,0,0,0,0,0,0,0,0,0,0,0,3,0,5,0,0,0,0,0,0,0,0,0,7,0,9,0,0,0,0,0,0,0,0,0,0,0,3,0,0,0,0,0,0,0,0,0,0,0,0,6,0,4,0,13,3,3,5,17,22,10,45,0,0,0,0,0,0,0,0,0,0,0,0,0,0,0,0,0,0,0,0,0,0,0,0,0,0,0,0,0,0,0,0,0,0,0,0,0,0,0,0,0,0,0,0,0,0,0,4,0,0,0,0,0,0,0,0
