SA4_CODE_2021,C21_F_Tot_Em_Tot,C21_F_Tot_Unem_Look_FT,C21_F_Tot_Unem_Look_PT,C21_F_Tot_Unem_Tot,C21_F_Tot_Tot_labo_for,C21_F_Tot_Not_LF,C21_F_Tot_LF_NS,C21_F_Tot_Tot,C11_P_15_19_Em_FT,C11_P_15_19_Em_PT,C11_P_15_19_Em_AFW,C11_P_15_19_Em_Hrs_NS,C11_P_15_19_Em_Tot,C11_P_15_19_Unem_Look_FT,C11_P_15_19_Unem_Look_PT,C11_P_15_19_Unem_Tot,C11_P_15_19_Tot_LF,C11_P_15_19_Not_LF,C11_P_15_19_LF_NS,C11_P_15_19_Tot,C11_P_20_24_Em_FT,C11_P_20_24_Em_PT,C11_P_20_24_Em_AFW,C11_P_20_24_Em_Hrs_NS,C11_P_20_24_Em_Tot,C11_P_20_24_Unem_Look_FT,C11_P_20_24_Unem_Look_PT,C11_P_20_24_Unem_Tot,C11_P_20_24_Tot_LF,C11_P_20_24_Not_LF,C11_P_20_24_LF_NS,C11_P_20_24_Tot,C11_P_25_29_Em_FT,C11_P_25_29_Em_PT,C11_P_25_29_Em_AFW,C11_P_25_29_Em_Hrs_NS,C11_P_25_29_Em_Tot,C11_P_25_29_Unem_Look_FT,C11_P_25_29_Unem_Look_PT,C11_P_25_29_Unem_Tot,C11_P_25_29_Tot_LF,C11_P_25_29_Not_LF,C11_P_25_29_LF_NS,C11_P_25_29_Tot,C11_P_30_34_Em_FT,C11_P_30_34_Em_PT,C11_P_30_34_Em_AFW,C11_P_30_34_Em_Hrs_NS,C11_P_30_34_Em_Tot,C11_P_30_34_Unem_Look_FT,C11_P_30_34_Unem_Look_PT,C11_P_30_34_Unem_Tot,C11_P_30_34_Tot_LF,C11_P_30_34_Not_LF,C11_P_30_34_LF_NS,C11_P_30_34_Tot,C11_P_35_39_Em_FT,C11_P_35_39_Em_PT,C11_P_35_39_Em_AFW,C11_P_35_39_Em_Hrs_NS,C11_P_35_39_Em_Tot,C11_P_35_39_Unem_Look_FT,C11_P_35_39_Unem_Look_PT,C11_P_35_39_Unem_Tot,C11_P_35_39_Tot_LF,C11_P_35_39_Not_LF,C11_P_35_39_LF_NS,C11_P_35_39_Tot,C11_P_40_44_Em_FT,C11_P_40_44_Em_PT,C11_P_40_44_Em_AFW,C11_P_40_44_Em_Hrs_NS,C11_P_40_44_Em_Tot,C11_P_40_44_Unem_Look_FT,C11_P_40_44_Unem_Look_PT,C11_P_40_44_Unem_Tot,C11_P_40_44_Tot_LF,C11_P_40_44_Not_LF,C11_P_40_44_LF_NS,C11_P_40_44_Tot,C11_P_45_49_Em_FT,C11_P_45_49_Em_PT,C11_P_45_49_Em_AFW,C11_P_45_49_Em_Hrs_NS,C11_P_45_49_Em_Tot,C11_P_45_49_Unem_Look_FT,C11_P_45_49_Unem_Look_PT,C11_P_45_49_Unem_Tot,C11_P_45_49_Tot_LF,C11_P_45_49_Not_LF,C11_P_45_49_LF_NS,C11_P_45_49_Tot,C11_P_50_54_Em_FT,C11_P_50_54_Em_PT,C11_P_50_54_Em_AFW,C11_P_50_54_Em_Hrs_NS,C11_P_50_54_Em_Tot,C11_P_50_54_Unem_Look_FT,C11_P_50_54_Unem_Look_PT,C11_P_50_54_Unem_Tot,C11_P_50_54_Tot_LF,C11_P_50_54_Not_LF,C11_P_50_54_LF_NS,C11_P_50_54_Tot,C11_P_55_59_Em_FT,C11_P_55_59_Em_PT,C11_P_55_59_Em_AFW,C11_P_55_59_Em_Hrs_NS,C11_P_55_59_Em_Tot,C11_P_55_59_Unem_Look_FT,C11_P_55_59_Unem_Look_PT,C11_P_55_59_Unem_Tot,C11_P_55_59_Tot_LF,C11_P_55_59_Not_LF,C11_P_55_59_LF_NS,C11_P_55_59_Tot,C11_P_60_64_Em_FT,C11_P_60_64_Em_PT,C11_P_60_64_Em_AFW,C11_P_60_64_Em_Hrs_NS,C11_P_60_64_Em_Tot,C11_P_60_64_Unem_Look_FT,C11_P_60_64_Unem_Look_PT,C11_P_60_64_Unem_Tot,C11_P_60_64_Tot_LF,C11_P_60_64_Not_LF,C11_P_60_64_LF_NS,C11_P_60_64_Tot,C11_P_65_69_Em_FT,C11_P_65_69_Em_PT,C11_P_65_69_Em_AFW,C11_P_65_69_Em_Hrs_NS,C11_P_65_69_Em_Tot,C11_P_65_69_Unem_Look_FT,C11_P_65_69_Unem_Look_PT,C11_P_65_69_Unem_Tot,C11_P_65_69_Tot_LF,C11_P_65_69_Not_LF,C11_P_65_69_LF_NS,C11_P_65_69_Tot,C11_P_70_74_Em_FT,C11_P_70_74_Em_PT,C11_P_70_74_Em_AFW,C11_P_70_74_Em_Hrs_NS,C11_P_70_74_Em_Tot,C11_P_70_74_Unem_Look_FT,C11_P_70_74_Unem_Look_PT,C11_P_70_74_Unem_Tot,C11_P_70_74_Tot_LF,C11_P_70_74_Not_LF,C11_P_70_74_LF_NS,C11_P_70_74_Tot,C11_P_75over_Em_FT,C11_P_75over_Em_PT,C11_P_75over_Em_Aw_fr_w,C11_P_75over_Emp_H_wor_ns,C11_P_75over_Em_Tot,C11_P_75over_Unem_Lo_ft_wor,C11_P_75over_Unem_Lo_pt_wor,C11_P_75over_Unemp_Tot,C11_P_75over_Tot_lab_for,C11_P_75over_N_lab_forc,C11_P_75over_LF_NS,C11_P_75over_Tot,C11_P_Tot_Em_FT,C11_P_Tot_Em_PT,C11_P_Tot_Em_AFW,C11_P_Tot_Em_Hrs_NS,C11_P_Tot_Em_Tot,C11_P_Tot_Unem_Look_FT,C11_P_Tot_Unem_Look_PT,C11_P_Tot_Unem_Tot,C11_P_Tot_Tot_labo_for,C11_P_Tot_Not_LF,C11_P_Tot_LF_NS,C11_P_Tot_Tot,C16_P_15_19_Em_FT,C16_P_15_19_Em_PT,C16_P_15_19_Em_AFW,C16_P_15_19_Em_Hrs_NS,C16_P_15_19_Em_Tot,C16_P_15_19_Unem_Look_FT,C16_P_15_19_Unem_Look_PT,C16_P_15_19_Unem_Tot,C16_P_15_19_Tot_LF,C16_P_15_19_Not_LF,C16_P_15_19_LF_NS,C16_P_15_19_Tot,C16_P_20_24_Em_FT,C16_P_20_24_Em_PT,C16_P_20_24_Em_AFW,C16_P_20_24_Em_Hrs_NS,C16_P_20_24_Em_Tot,C16_P_20_24_Unem_Look_FT,C16_P_20_24_Unem_Look_PT,C16_P_20_24_Unem_Tot,C16_P_20_24_Tot_LF,C16_P_20_24_Not_LF,C16_P_20_24_LF_NS,C16_P_20_24_Tot
101,54365,754,1004,1749,56116,37338,6374,99836,1924,3670,286,208,6088,372,445,822,6908,5758,604,13272,4647,1928,251,183,7006,410,146,559,7562,1525,531,9626,5106,1622,360,151,7235,286,105,395,7631,1619,558,9810,4978,2116,456,155,7711,211,125,337,8047,1712,563,10326,6501,2729,420,203,9853,253,141,400,10247,1967,626,12843,7616,3284,378,250,11520,289,167,455,11978,1962,739,14677,8280,3200,410,207,12090,273,125,396,12487,2086,711,15277,8022,3338,487,214,12069,268,132,399,12465,2655,711,15837,6133,2968,540,136,9782,213,155,364,10147,4127,711,14987,3692,2634,368,150,6838,159,137,304,7143,7132,695,14971,1249,1195,152,80,2675,22,31,51,2727,8419,582,11729,457,505,72,44,1082,5,23,28,1107,7243,587,8934,289,324,48,61,718,6,8,8,726,13333,1659,15713,58892,29512,4218,2040,94668,2773,1737,4512,99176,59553,9277,168001,1484,3848,218,206,5751,291,505,796,6551,5326,780,12657,4466,2455,222,223,7368,456,223,676,8048,1552,768,10367
102,74670,1406,1857,3268,77935,61981,8546,148463,2333,5791,408,329,8869,968,1132,2103,10970,9208,888,21072,6972,4287,442,407,12106,1143,423,1561,13665,2748,764,17178,7919,2767,569,279,11532,656,261,924,12457,2713,764,15931,7625,3329,686,248,11895,508,233,742,12631,3042,732,16411,9063,4390,604,274,14320,511,317,827,15155,3479,890,19515,10027,4870,505,327,15735,556,297,854,16586,3311,942,20839,10684,4802,536,351,16379,542,257,807,17180,3249,917,21349,10356,4560,606,298,15816,488,241,723,16545,3951,1013,21504,7756,3919,565,216,12461,387,192,576,13034,5563,837,19432,4142,3129,431,138,7835,247,195,445,8278,9791,892,18967,1155,1475,154,50,2836,16,58,78,2916,12538,916,16370,228,522,55,27,832,5,18,24,854,11699,882,13434,84,231,48,40,405,9,14,15,425,25631,3430,29482,78353,44067,5608,2983,131014,6041,3645,9685,140700,96916,13870,251484,1945,6159,317,197,8609,760,1310,2075,10685,8383,859,19930,6864,5135,391,329,12714,1021,538,1561,14280,2921,968,18169
103,46295,772,1023,1791,48089,32665,5940,86692,1904,3160,250,175,5494,416,466,881,6373,6485,620,13480,4981,2101,253,203,7538,538,271,806,8350,2462,629,11440,5220,1624,320,168,7334,349,150,497,7834,2057,498,10385,4787,1955,377,174,7298,297,110,405,7705,2113,534,10348,5788,2444,335,198,8760,300,133,438,9199,2057,648,11903,6465,2767,275,198,9711,254,138,393,10104,2066,599,12766,6944,2669,329,206,10146,250,151,398,10545,2185,552,13288,7002,2569,385,185,10144,230,92,324,10469,2463,549,13478,5648,2362,369,142,8522,185,107,295,8814,3222,601,12634,3436,2053,301,144,5932,122,89,211,6144,5746,638,12527,1358,1136,153,66,2714,6,33,41,2752,6828,602,10180,524,573,70,61,1226,0,4,4,1229,6246,569,8041,332,378,60,74,850,5,6,7,857,12837,1423,15111,54392,25789,3484,2001,85665,2956,1745,4701,90367,56759,8457,155584,1444,3139,232,192,5010,425,526,955,5968,6134,991,13088,4447,2399,270,190,7310,614,320,935,8238,2317,1003,11563
104,29891,665,868,1533,31423,26838,4207,62467,873,2440,194,129,3639,358,459,816,4458,3934,346,8729,1952,1366,166,117,3605,467,188,659,4262,1462,299,6026,2179,1088,178,85,3525,291,123,412,3937,1365,257,5557,2249,1310,186,79,3828,276,130,407,4237,1345,226,5801,2942,1814,192,113,5061,262,147,412,5473,1534,297,7301,3489,2129,207,107,5936,282,143,424,6359,1541,330,8226,3922,2321,233,108,6587,282,151,438,7026,1780,352,9161,4169,2478,273,115,7037,290,132,415,7459,2306,350,10110,3343,2124,305,106,5872,241,116,358,6232,3339,366,9933,1806,1581,188,70,3638,155,119,277,3918,5285,359,9565,469,577,87,30,1162,13,30,44,1201,6202,324,7728,151,186,24,18,389,3,14,15,402,5305,338,6050,66,135,16,33,255,0,4,4,257,10254,1113,11621,27612,19553,2263,1110,50534,2925,1762,4684,55220,45646,4953,105821,624,2352,133,106,3217,365,426,794,4013,3527,477,8020,2024,1578,144,107,3849,420,181,604,4454,1224,459,6137
105,24269,475,499,976,25237,16564,5283,47084,1125,1685,99,134,3046,315,246,561,3599,3410,454,7462,2775,975,140,118,4004,366,135,498,4508,1408,383,6300,3072,930,197,115,4310,253,94,348,4661,1367,344,6367,2736,1061,218,93,4121,225,75,306,4418,1206,317,5946,3203,1272,174,108,4751,217,96,313,5067,1284,375,6724,3654,1348,175,120,5297,233,90,317,5621,1233,439,7289,4055,1357,162,116,5697,190,87,271,5969,1329,428,7729,4178,1436,214,124,5949,177,71,246,6196,1589,457,8237,3244,1194,226,97,4757,120,50,175,4924,2050,407,7385,2047,1035,185,92,3355,103,78,181,3538,3120,372,7029,844,579,78,65,1566,11,13,20,1582,3721,388,5690,359,297,36,43,727,0,8,10,735,3540,382,4659,236,190,44,44,515,0,6,7,522,7034,951,8508,31521,13364,1941,1267,48086,2209,1034,3245,51335,32296,5692,89321,716,1489,80,99,2381,253,259,511,2894,3150,462,6504,2521,1094,134,109,3857,371,182,549,4413,1450,593,6453
106,63158,1256,1647,2903,66060,47209,5879,119155,2598,4645,348,260,7849,650,666,1311,9162,6720,760,16635,6764,2922,380,325,10394,693,228,923,11312,2252,659,14225,7299,2231,496,256,10279,432,175,611,10889,2525,617,14024,6815,2715,536,219,10277,352,210,568,10844,2845,596,14282,7613,3484,466,279,11842,346,226,574,12413,2882,677,15971,8427,3611,443,303,12784,335,191,532,13311,2552,727,16593,8644,3507,390,242,12783,332,153,484,13265,2678,721,16664,8241,3220,491,236,12191,258,143,403,12600,3284,729,16609,6074,2844,446,199,9558,191,117,308,9871,4846,704,15420,3300,2284,333,122,6026,127,100,225,6249,8050,685,14988,936,1013,126,55,2138,13,23,35,2175,9147,629,11956,259,395,30,19,707,0,9,9,719,7557,567,8840,137,235,43,41,452,4,3,6,460,13916,1630,16007,67108,33099,4527,2559,107289,3733,2252,5983,113267,69260,9695,192225,1784,4812,261,179,7044,741,946,1692,8733,6852,832,16410,5874,3676,349,253,10145,947,438,1387,11533,2632,918,15088
107,69763,1205,1842,3048,72809,53562,6234,132598,1994,4903,388,274,7559,715,1154,1869,9427,8925,667,19019,6418,4886,535,379,12214,1045,688,1727,13946,4383,861,19186,8238,2911,612,244,12008,655,300,961,12962,3149,763,16876,7650,3334,712,211,11910,454,273,725,12640,2911,604,16147,8601,4324,639,236,13798,463,264,727,14523,3196,656,18377,8925,4339,468,258,13991,429,253,683,14668,3058,652,18378,9700,4313,507,318,14833,444,206,650,15483,3221,694,19396,9331,3842,567,248,13996,379,161,546,14538,3769,685,18994,6637,3080,551,185,10456,243,141,379,10832,5296,620,16751,3363,2089,348,114,5912,156,125,277,6187,8631,641,15463,790,940,122,41,1899,9,33,42,1933,10113,592,12643,165,317,38,23,535,7,9,15,555,9446,607,10600,76,176,31,30,308,6,6,6,322,19158,1927,21411,71889,39461,5517,2556,119423,4990,3602,8598,128021,85254,9961,223231,1744,5333,286,185,7546,568,1496,2063,9605,8642,732,18980,6665,6163,392,331,13547,941,963,1900,15450,4399,1007,20857
108,43672,917,1337,2257,45930,47611,6546,100094,1170,3255,269,175,4863,476,509,991,5852,5905,485,12249,2657,1648,184,150,4636,665,204,866,5503,1908,425,7834,2790,1465,224,118,4596,416,144,557,5149,1839,335,7326,3104,1760,275,102,5236,342,170,512,5752,1918,329,7991,4108,2482,269,174,7029,361,204,564,7593,2307,432,10331,5015,2916,253,175,8362,416,193,614,8973,2370,496,11840,5735,3222,344,188,9484,438,205,636,10126,2740,537,13400,5977,3497,428,174,10071,413,201,615,10686,3641,639,14964,4621,3088,427,121,8251,333,188,519,8770,5310,640,14730,2652,2393,315,92,5462,225,179,403,5865,9284,667,15815,837,1086,137,54,2109,15,26,44,2156,11571,704,14438,266,389,49,28,729,8,15,24,752,10192,637,11587,123,262,46,44,474,8,8,11,487,19902,2312,22700,39055,27462,3209,1584,71303,4110,2251,6365,77670,78900,8621,165196,899,3233,257,170,4565,457,565,1015,5584,5448,660,11697,2726,2017,220,174,5144,599,259,854,5998,1944,578,8520
109,27137,416,608,1024,28166,19720,3935,51818,1070,1974,132,148,3321,242,286,528,3846,3394,350,7594,2627,1238,180,129,4169,247,127,381,4549,1061,343,5950,2967,911,215,81,4179,176,77,254,4434,931,277,5638,2740,1149,200,79,4163,142,71,213,4377,996,262,5636,3187,1459,197,118,4959,134,89,221,5181,967,269,6421,3632,1548,178,129,5486,166,84,242,5734,958,319,7010,4038,1548,171,108,5860,147,67,217,6070,971,326,7372,4253,1659,236,130,6277,154,70,220,6495,1212,320,8023,3296,1555,247,94,5193,102,79,182,5373,1833,348,7556,2053,1328,202,92,3676,76,66,147,3826,3297,329,7452,736,645,120,41,1544,6,12,18,1564,4116,329,6009,272,299,39,33,641,0,5,7,645,4070,334,5045,165,169,48,43,418,3,8,11,431,7942,1020,9389,31033,15479,2158,1219,49885,1596,1042,2645,52531,31743,4827,89102,826,2025,120,106,3083,202,303,503,3585,2874,442,6901,2506,1502,115,123,4251,313,177,492,4738,1010,559,6311
110,39133,912,954,1871,41001,28696,7388,77085,1581,2899,247,203,4930,430,489,919,5847,5737,640,12227,4112,1776,229,142,6264,506,303,809,7067,2579,570,10222,4407,1440,306,127,6282,392,141,534,6811,1868,484,9166,4219,1740,260,114,6337,303,154,456,6793,1877,506,9174,4862,2208,217,181,7468,301,148,445,7911,1840,530,10281,5588,2351,221,187,8352,280,143,426,8777,1801,601,11179,5975,2457,295,200,8924,283,104,384,9306,1924,560,11788,6314,2381,353,187,9238,258,141,395,9634,2329,609,12568,5179,2114,343,150,7784,193,105,294,8077,2967,558,11604,3296,1826,272,107,5501,149,110,254,5756,4980,550,11279,1273,1073,140,79,2567,10,21,35,2604,6210,530,9341,527,515,54,53,1148,4,9,11,1165,5884,542,7593,357,323,57,48,794,0,7,8,803,11028,1500,13337,47695,23102,3013,1776,75584,3096,1864,4962,80547,51028,8179,139759,1237,2856,219,182,4495,397,463,860,5359,5346,888,11590,3772,2019,244,183,6223,538,335,877,7095,2506,906,10510
111,92841,1470,2350,3824,96664,62222,7754,166643,2744,7005,493,353,10591,826,1222,2044,12637,8891,821,22354,9197,6465,702,406,16769,1002,723,1723,18495,4505,1007,24009,11768,3858,749,291,16660,692,308,998,17658,3294,911,21860,10223,4141,862,277,15504,482,262,748,16248,3317,800,20365,10721,5231,759,281,16983,476,278,748,17734,3638,820,22194,11346,5293,641,334,17606,477,282,756,18372,3466,810,22645,11803,5071,595,306,17774,439,248,687,18464,3843,853,23166,11895,4691,738,283,17605,375,198,571,18175,4465,930,23570,8869,4164,687,207,13930,277,154,433,14358,6639,749,21744,4428,3218,416,126,8186,169,146,318,8502,11172,821,20491,1143,1425,152,61,2786,19,39,58,2832,13050,793,16681,242,499,45,38,819,5,8,18,835,11529,727,13086,92,276,37,37,440,4,9,10,454,25662,2817,28934,94471,51334,6865,2993,155658,5233,3874,9109,164767,103478,12852,281094,1851,6891,360,217,9321,836,1790,2624,11945,8821,660,21426,7960,7664,602,382,16603,1313,1061,2377,18978,4921,1000,24905
112,56033,987,1532,2515,58552,44816,8452,111823,1256,4070,282,211,5825,578,717,1296,7123,6635,631,14379,3468,2666,255,197,6579,699,372,1068,7654,2247,566,10474,3860,2155,317,156,6490,522,238,757,7247,2130,492,9867,4245,2575,373,177,7364,414,264,678,8041,2320,549,10910,5406,3540,379,214,9542,454,242,692,10230,2712,610,13559,6302,4005,376,217,10898,444,304,751,11651,2683,665,15001,7146,4155,385,269,11958,512,258,771,12727,2964,697,16388,7453,4444,478,216,12598,473,296,764,13367,3779,796,17938,5824,3920,506,182,10434,390,252,642,11074,5280,743,17091,3147,2923,343,109,6529,222,206,428,6954,8026,672,15652,936,1152,115,66,2269,18,41,59,2327,9313,584,12230,274,452,41,38,810,7,6,16,820,8461,568,9854,198,290,51,60,598,4,5,13,607,19077,2242,21921,49526,36361,3900,2096,91890,4739,3200,7931,99824,75634,9812,185265,1058,4203,204,206,5679,378,778,1159,6839,6011,930,13777,3326,3084,206,192,6807,626,370,999,7801,1908,880,10589
113,36765,610,745,1352,38115,23859,4633,66604,1885,2613,213,177,4880,329,380,712,5594,4760,439,10798,4425,1720,222,193,6563,445,209,652,7212,2026,483,9719,4474,1425,272,132,6303,294,118,414,6717,1573,405,8696,3998,1601,300,153,6055,199,107,299,6355,1602,354,8315,4581,1963,260,138,6949,197,99,295,7240,1582,388,9212,5095,2036,213,181,7528,196,82,274,7804,1424,388,9611,5561,2057,223,161,8008,179,87,270,8270,1410,393,10077,5582,1943,295,166,7989,145,60,204,8192,1642,489,10320,4331,1691,320,124,6460,126,74,197,6659,2301,366,9329,2625,1376,246,105,4352,83,59,143,4489,3640,390,8520,927,763,102,64,1858,8,14,24,1882,4493,382,6757,355,375,62,32,825,4,6,12,834,4548,350,5728,240,243,43,39,576,0,6,3,577,9417,1104,11103,44072,19821,2789,1663,68339,2196,1299,3498,71836,40416,5930,118179,1505,2566,144,151,4363,279,398,682,5043,4450,657,10149,4189,2039,194,181,6602,414,258,671,7276,1802,683,9763
114,32437,519,763,1287,33724,31584,4038,69352,953,2162,174,144,3435,343,339,688,4121,4137,413,8669,2494,1350,143,137,4121,349,136,490,4609,1133,368,6105,2453,932,203,90,3677,221,84,304,3983,1127,273,5390,2380,1217,213,88,3902,189,90,278,4178,1258,292,5731,3241,1699,205,110,5256,198,95,301,5554,1430,357,7345,3698,2115,215,129,6158,243,118,362,6521,1440,380,8333,4318,2207,234,116,6875,254,114,369,7238,1606,465,9307,4422,2301,291,106,7119,217,106,328,7444,2012,462,9915,3269,2081,302,120,5770,165,107,270,6040,3008,402,9446,1994,1808,196,78,4069,102,97,199,4268,5861,489,10620,651,934,83,48,1713,9,35,46,1761,7227,455,9443,204,360,33,20,609,7,10,17,630,6612,458,7701,87,184,28,29,336,0,4,4,345,12218,1491,14048,30169,19348,2323,1214,53046,2293,1347,3642,56692,49057,6304,112057,848,2507,142,117,3612,250,315,561,4176,3688,463,8324,2527,1628,130,127,4409,326,158,487,4897,1139,471,6507
115,63553,1028,1376,2405,65957,38128,3448,107538,1514,4406,327,207,6453,202,760,959,7410,8366,386,16165,5713,4115,334,269,10431,393,398,786,11222,1974,408,13601,6064,1428,296,175,7964,240,107,345,8309,1166,312,9792,6119,1929,445,167,8657,188,110,293,8954,1555,336,10840,8123,3219,416,199,11959,215,165,376,12332,2110,424,14867,9428,3677,305,210,13627,236,173,410,14035,2007,497,16536,10075,3393,325,233,14028,276,134,415,14440,1707,468,16614,9562,3059,352,219,13182,252,115,372,13555,1798,449,15801,7219,2737,353,168,10477,210,92,303,10780,2610,430,13812,4399,2591,287,127,7408,137,117,258,7663,4580,417,12660,1488,1411,145,55,3097,30,41,68,3167,5667,331,9161,305,514,49,22,890,0,10,10,898,4736,288,5920,109,248,39,21,413,0,4,4,421,8825,872,10112,70101,32734,3665,2078,108578,2371,2232,4603,113178,47098,5610,165881,1359,4904,266,126,6650,146,989,1139,7795,8354,474,16625,5686,4803,242,181,10915,337,490,822,11740,2019,409,14168
116,83233,2601,2573,5177,88413,59289,8836,156538,1992,4321,241,346,6904,785,1047,1830,8734,12212,987,21934,8028,4453,408,517,13403,1172,645,1815,15214,4502,991,20707,11717,3227,668,476,16090,880,366,1244,17336,4434,1001,22771,12431,3747,838,469,17493,720,367,1087,18580,4683,946,24213,12435,4030,577,376,17411,684,349,1036,18446,4398,928,23771,11602,3629,410,367,16006,611,319,926,16928,3952,878,21767,11462,3156,380,342,15344,571,243,810,16150,3625,835,20614,9895,2716,380,323,13315,473,192,674,13987,3743,784,18511,7384,2236,368,212,10199,362,147,506,10709,4680,704,16092,4179,1750,261,156,6345,223,144,366,6711,6441,663,13811,1081,678,80,50,1892,26,36,66,1957,7012,591,9561,163,181,34,26,405,4,14,17,419,5728,487,6633,36,64,17,15,136,5,7,8,150,9849,1122,11114,92406,34189,4660,3686,134942,6524,3862,10384,145328,75261,10911,231496,1760,5280,268,270,7581,595,1550,2144,9725,12668,1028,23419,8020,6141,322,495,14985,1104,950,2050,17038,4845,1087,22970
117,90978,2420,2498,4917,95897,39813,9240,144949,615,1989,144,109,2858,174,572,742,3604,5397,1139,10139,7983,6561,491,365,15409,665,1268,1928,17338,7070,3686,28100,21562,5974,773,424,28728,863,626,1486,30210,4560,4581,39349,20223,4662,1013,294,26189,671,382,1048,27238,3430,3730,34388,15079,3879,787,246,19985,582,242,828,20813,2691,2501,26003,11395,3043,476,229,15148,507,221,725,15876,2477,1958,20309,9130,2437,360,185,12119,418,169,588,12704,2355,1580,16639,7255,2090,284,152,9779,373,159,533,10311,2553,1517,14382,5344,1872,256,97,7568,283,156,442,8005,3190,1313,12514,3043,1610,185,84,4926,187,122,312,5235,4370,1135,10739,1045,837,68,60,2019,19,30,48,2067,4919,861,7850,248,344,25,22,635,6,17,25,654,4643,751,6052,108,195,23,21,343,8,3,8,353,8943,1596,10893,103028,35484,4899,2279,145695,4749,3967,8718,154412,56589,26362,237363,525,2490,170,162,3348,111,824,934,4282,7544,1249,13073,8450,8887,461,456,18250,636,1900,2534,20787,12094,4309,37189
118,69772,1279,1449,2728,72499,36461,6729,115684,542,2144,172,106,2965,110,589,696,3662,7375,907,11952,5690,4899,374,280,11248,443,926,1365,12614,5900,2005,20506,14874,3416,523,325,19135,478,303,786,19921,2797,2797,25511,15337,3102,864,261,19570,407,211,618,20186,2410,2399,25000,12036,3652,757,222,16664,381,215,590,17254,2717,1952,21921,9831,3427,421,198,13872,311,192,506,14379,2473,1518,18361,8674,3025,308,195,12206,320,173,494,12698,2148,1292,16134,7295,2683,316,192,10484,299,133,429,10914,2142,1177,14234,5569,2355,348,145,8411,230,132,362,8774,2602,1004,12373,3737,2510,228,113,6585,118,130,249,6834,4375,968,12180,1529,1542,164,67,3305,14,42,62,3366,5109,879,9355,429,732,61,28,1250,8,20,35,1284,5270,767,7325,225,541,60,65,891,3,11,13,896,13779,2106,16779,85770,34026,4600,2186,126581,3126,3077,6201,132779,59095,19757,211633,392,2620,159,124,3302,88,726,808,4114,8470,791,13372,5093,5639,281,296,11314,378,1081,1456,12772,7361,1869,22001
119,116769,3223,3704,6931,123701,110890,16394,250979,1988,5628,444,428,8484,657,1417,2070,10555,20023,1646,32220,11135,9054,719,975,21884,1552,1329,2875,24766,9200,2235,36199,19628,6686,992,935,28244,1501,679,2179,30422,7888,2678,40985,18995,6299,1217,675,27189,1169,550,1719,28904,7937,2378,39226,18106,6636,1007,712,26460,973,557,1529,27986,7580,2199,37766,17555,6810,668,751,25779,922,590,1519,27297,7083,1941,36319,17745,6687,645,734,25806,898,507,1401,27206,6770,1936,35913,16139,5656,700,569,23064,869,424,1296,24362,7440,1838,33630,11519,4541,588,451,17100,637,361,993,18093,9034,1617,28748,6710,3696,413,251,11071,402,265,668,11743,12598,1446,25787,2042,1720,216,125,4101,22,70,97,4200,14558,1258,20012,455,707,59,51,1265,12,19,31,1295,14279,1161,16741,153,312,43,56,570,0,24,26,599,33197,3864,37653,142165,64445,7718,6704,221028,9611,6794,16402,237434,157587,26191,421206,1626,7141,392,341,9505,545,2010,2556,12059,20707,1515,34283,11160,12446,567,942,25112,1561,1934,3496,28610,10750,2223,41583
120,78577,1750,1877,3624,82201,45089,6382,133677,663,2683,174,138,3648,122,607,724,4379,7791,652,12817,5587,5490,356,348,11781,597,775,1370,13155,4476,1378,19006,13672,4174,533,402,18789,717,394,1112,19896,3014,1914,24826,14043,3524,891,262,18726,532,239,767,19489,2909,1507,23910,12656,4014,846,245,17762,461,237,697,18464,2950,1398,22814,11192,3923,481,280,15875,410,223,637,16511,2621,1135,20265,10648,3603,353,270,14881,437,201,642,15522,2414,1061,18998,9196,2955,354,237,12745,374,178,548,13293,2478,937,16705,6892,2641,370,186,10088,313,161,474,10559,3254,750,14566,4025,2362,290,110,6787,160,144,309,7091,5123,748,12968,1346,1191,118,53,2704,18,46,66,2767,5998,590,9363,312,466,34,27,843,3,12,16,860,6174,574,7610,123,254,32,40,439,4,14,16,451,14482,2057,16987,90347,37282,4841,2603,135066,4150,3226,7373,142440,63694,14708,220840,552,3339,186,100,4176,125,757,880,5053,8018,649,13720,5756,6914,319,362,13354,555,1089,1643,15001,6299,1543,22839
121,107520,1988,2240,4224,111745,64916,6201,182860,887,5121,380,177,6573,158,1007,1162,7728,13391,808,21934,7389,7149,492,342,15381,520,762,1284,16662,3934,1128,21728,16297,3347,620,288,20555,590,246,835,21386,2323,1615,25325,17414,3717,1149,245,22526,473,235,713,23241,3163,1585,27991,16746,5056,1008,267,23071,514,285,801,23871,4083,1441,29401,16317,5817,638,294,23062,531,326,864,23925,4117,1255,29295,15907,5475,514,313,22205,587,290,883,23094,3708,1125,27924,14559,5010,512,265,20348,513,198,711,21058,3471,1035,25564,10791,4419,511,209,15925,383,186,564,16486,4345,919,21758,6664,4731,458,136,11986,255,189,442,12425,7329,895,20653,2663,2939,260,70,5928,55,96,152,6079,9259,670,15999,694,1397,128,45,2270,10,38,48,2315,8881,613,11808,292,857,90,67,1317,7,22,24,1341,22821,2126,26289,126619,55045,6760,2725,191146,4594,3878,8470,199616,90831,15218,305663,756,5976,341,138,7215,128,1213,1340,8555,14230,824,23606,6948,7988,397,311,15643,431,806,1234,16881,4179,1099,22158
122,66725,874,1158,2034,68759,37880,4323,110961,1013,3916,292,179,5405,160,536,694,6093,6588,413,13090,5171,3623,288,241,9320,307,253,563,9879,1617,577,12076,8506,2114,365,193,11180,242,137,384,11561,1154,725,13446,9625,2774,662,208,13264,208,119,327,13595,1737,799,16131,10669,4160,696,210,15735,236,201,434,16170,2422,823,19416,10470,4559,412,214,15656,246,230,474,16126,2306,735,19168,10245,4247,363,251,15110,308,164,471,15578,1853,679,18111,8780,3597,405,180,12963,270,131,400,13364,1785,597,15745,6609,3174,367,128,10280,178,120,307,10582,2500,591,13674,3831,3022,297,128,7287,124,137,264,7548,4652,504,12704,1412,1870,169,61,3505,23,51,74,3583,6663,441,10691,375,815,70,30,1288,9,19,25,1309,6405,415,8133,146,416,38,46,645,0,12,10,661,15864,1494,18017,76837,38298,4412,2079,121635,2320,2096,4415,126051,55548,8795,190391,949,4755,227,125,6048,109,748,852,6906,6983,526,14412,4899,4473,257,194,9818,236,317,555,10371,1552,634,12553
123,63419,1608,1659,3263,66683,45594,6416,118690,2238,3933,271,282,6720,789,830,1615,8330,9094,842,18273,7349,3383,361,383,11475,878,362,1240,12714,2911,817,16445,8809,2251,516,297,11872,576,209,783,12656,2689,708,16056,8028,2647,528,274,11476,412,208,615,12088,2969,648,15702,8793,3241,417,307,12752,401,220,624,13376,2950,697,17029,8762,3073,326,303,12459,367,205,565,13027,2702,683,16415,9181,2958,322,309,12773,351,167,517,13298,2437,722,16456,8932,2758,395,249,12329,314,122,438,12768,2815,670,16249,6820,2302,434,198,9750,265,127,395,10136,3756,548,14442,3847,1857,276,127,6107,165,115,275,6388,5670,584,12644,929,749,69,37,1783,11,23,34,1818,5914,421,8161,164,254,28,16,459,0,7,7,463,4600,364,5420,45,97,21,22,187,0,0,0,191,7702,1149,9042,73897,29487,3961,2806,110147,4529,2587,7122,117264,56212,8856,182335,2103,4603,228,207,7143,573,1059,1636,8780,8536,798,18110,7440,4419,280,395,12527,886,527,1405,13934,2967,944,17847
124,75383,1588,1624,3212,78598,50679,7152,136424,2833,5177,360,347,8716,714,881,1597,10314,9503,777,20603,9172,4176,487,416,14252,952,433,1389,15637,3220,878,19744,10559,2886,680,346,14463,568,231,801,15268,3014,831,19108,9716,3433,733,261,14143,438,237,675,14816,3258,742,18819,10306,4085,594,323,15312,388,258,649,15958,3206,804,19972,10829,4219,492,314,15850,418,258,682,16532,2970,824,20325,11105,3926,450,324,15806,378,215,593,16393,2752,892,20039,11155,3925,566,282,15926,367,165,536,16468,3203,858,20520,8645,3339,533,236,12744,313,146,456,13200,4531,775,18506,4994,2783,372,151,8298,198,161,363,8659,7290,740,16693,1281,1222,145,41,2682,26,45,75,2755,7939,578,11270,243,391,41,26,692,3,21,25,717,6570,501,7790,77,163,29,31,300,3,8,11,313,11941,1489,13740,90909,39719,5460,3098,139187,4784,3061,7847,147036,69403,10686,227125,2608,5731,278,237,8851,565,1182,1747,10603,8720,857,20178,8797,5199,373,369,14737,898,519,1414,16158,3095,1047,20299
125,92818,3412,3295,6701,99522,83367,13011,195903,1436,4072,313,350,6160,480,1087,1566,7727,15312,1313,24353,9232,6834,557,787,17413,1314,1047,2363,19776,7960,2132,29869,17660,5720,764,712,24858,1377,574,1947,26811,7769,2703,37277,17128,4779,956,579,23438,1113,408,1521,24962,7527,2083,34572,14285,4644,666,465,20057,888,434,1323,21383,6611,1631,29623,12597,4452,480,452,17976,810,404,1214,19188,6110,1504,26808,12419,4245,435,449,17544,722,369,1096,18638,5712,1346,25700,11245,3724,425,388,15783,559,300,865,16647,5798,1349,23796,8340,3053,452,273,12110,455,245,704,12815,6574,1088,20477,4784,2433,341,152,7710,289,180,469,8173,8744,875,17795,1465,1183,135,80,2860,37,43,77,2938,9688,856,13485,284,414,49,37,784,0,13,17,804,9167,724,10692,86,183,45,33,341,5,20,25,366,18994,2584,21939,110945,45734,5605,4755,167046,8034,5137,13173,180217,115962,20201,316382,1240,4839,248,243,6570,429,1485,1921,8492,15058,1120,24666,8620,8919,448,690,18671,1359,1566,2920,21595,8647,1945,32182
126,48985,1219,1299,2509,51496,31657,3693,86849,490,2288,165,79,3027,109,513,622,3643,6315,292,10247,3348,3444,264,190,7241,308,691,1003,8246,4213,649,13112,6799,1604,272,156,8837,371,219,587,9425,1826,549,11801,6650,1703,394,104,8851,243,144,384,9241,1635,445,11322,6511,2049,357,141,9054,263,152,417,9467,1774,386,11631,6362,2377,228,135,9107,228,155,385,9486,1637,344,11472,6830,2470,190,153,9633,242,141,378,10016,1518,367,11905,6210,2227,206,133,8773,207,104,311,9085,1654,328,11066,4836,1831,215,86,6970,167,92,257,7224,2155,335,9723,2768,1666,194,74,4694,103,88,183,4876,3377,290,8550,916,902,80,25,1926,13,19,32,1958,4009,242,6217,226,440,39,23,724,4,10,19,736,4295,239,5274,78,257,19,21,373,3,7,14,383,11278,992,12655,52027,23244,2620,1318,79211,2260,2328,4589,83800,45704,5472,134974,338,2660,167,87,3249,78,685,768,4018,6488,328,10834,3424,4287,233,195,8139,307,763,1070,9205,4450,577,14232
127,81180,2661,3055,5716,86902,92917,11743,191563,1975,4244,336,347,6895,749,1171,1917,8809,17529,1245,27579,9319,5153,435,793,15699,1466,791,2261,17963,6356,1313,25630,12814,3064,617,688,17181,1074,369,1447,18626,5730,1459,25815,11199,3241,644,541,15623,816,351,1167,16796,6239,1413,24447,11496,4241,508,553,16794,751,415,1168,17964,6298,1382,25643,11719,4255,433,558,16972,713,411,1126,18095,6412,1343,25846,12143,4068,442,620,17274,715,395,1111,18383,6371,1318,26080,10757,3523,488,510,15274,672,408,1080,16351,7075,1335,24766,7632,2586,364,377,10953,450,258,705,11657,7837,1149,20646,4186,1859,236,219,6498,293,184,476,6976,9142,1059,17181,1134,706,84,85,2016,34,27,58,2073,9054,875,12000,203,217,22,24,473,9,13,22,496,8339,867,9700,59,124,24,26,231,4,6,11,251,14193,1882,16325,94640,37282,4624,5333,141882,7749,4802,12555,154437,110567,16655,281657,1770,5179,259,293,7499,597,1791,2386,9883,17783,1375,29039,9683,7457,452,708,18299,1463,1188,2649,20949,7213,1714,29876
128,57853,658,970,1632,59486,33836,3554,96867,1494,4355,269,195,6314,216,614,833,7145,5954,314,13413,6508,3690,362,275,10836,392,251,643,11478,1455,436,13367,8415,1767,451,222,10850,226,90,317,11166,1039,565,12774,7628,2386,660,155,10828,197,88,285,11119,1496,545,13152,8273,3544,526,198,12535,203,146,351,12884,1855,487,15232,8396,3693,362,203,12663,223,133,356,13020,1670,461,15152,8625,3528,352,193,12693,262,131,393,13088,1446,471,15007,8695,3318,381,189,12592,216,93,314,12904,1650,465,15015,6832,2847,381,146,10199,172,88,266,10461,2498,424,13382,3773,2519,314,112,6717,114,98,211,6930,4814,392,12137,1165,1356,126,39,2678,19,32,47,2726,6265,403,9395,250,488,33,32,800,5,14,23,823,5646,257,6724,89,253,37,35,409,5,12,12,421,13552,1292,15268,70138,33737,4257,1987,110121,2243,1805,4044,114167,49343,6518,170021,1319,4478,208,115,6117,174,705,877,6992,5725,378,13094,5769,4075,227,210,10282,310,279,590,10871,1355,439,12666
197,0,0,0,0,0,0,0,0,0,0,0,0,0,0,0,0,0,0,0,0,3,0,0,0,3,0,0,0,3,0,0,3,3,0,0,0,3,0,0,0,3,0,0,3,0,0,0,0,0,0,0,0,0,0,0,0,0,0,0,0,3,0,0,0,3,0,0,3,3,0,4,0,8,0,0,0,8,0,0,8,4,0,0,0,7,0,0,0,7,0,3,10,0,0,0,0,0,0,0,0,0,0,0,0,4,0,0,0,6,0,0,0,6,7,0,6,3,0,0,0,8,0,0,0,8,14,0,17,0,0,0,0,0,0,0,0,0,5,0,9,0,0,0,0,0,0,0,0,0,19,0,22,0,0,0,0,0,0,0,0,0,21,7,31,18,3,13,0,28,0,0,0,28,65,9,107,0,0,0,0,9,3,0,0,6,8,0,13,3,0,4,0,8,0,0,0,8,6,3,9
199,1128,135,124,252,1382,1722,1273,4381,82,73,10,9,177,77,59,131,312,324,119,760,333,188,19,22,562,106,36,143,704,400,210,1314,446,150,49,21,670,117,41,159,828,327,270,1420,365,115,21,16,519,96,36,138,652,310,269,1235,255,89,21,13,369,85,24,111,482,290,278,1053,221,82,25,9,339,87,20,109,448,310,297,1047,188,88,18,20,313,69,17,87,396,275,265,938,166,78,19,11,278,66,12,80,352,316,279,954,141,63,15,9,228,38,17,54,281,366,199,847,73,48,15,9,147,17,17,36,180,487,160,829,12,17,0,4,38,5,4,6,49,459,99,604,10,0,0,0,12,0,0,0,14,265,83,364,0,0,0,0,8,0,0,5,9,245,109,361,2287,1004,227,140,3653,771,295,1062,4716,4391,2632,11736,52,44,3,11,108,51,24,72,184,219,116,516,288,192,18,28,526,112,45,155,679,390,285,1359
201,38819,691,976,1665,40489,28857,4399,73740,1077,2797,202,178,4249,312,522,829,5083,4870,412,10357,3485,2426,274,156,6344,416,260,677,7018,1842,436,9293,4006,1387,283,98,5777,259,123,385,6160,1412,351,7926,3670,1602,317,103,5697,195,119,313,6004,1544,305,7851,4182,2186,275,134,6774,205,132,334,7106,1719,334,9165,4652,2396,243,133,7424,198,121,315,7741,1725,374,9841,5040,2402,253,131,7821,237,100,343,8168,1669,418,10254,4948,2204,314,121,7584,193,99,296,7883,1956,421,10258,3797,2120,322,103,6338,146,98,243,6585,2952,407,9943,2154,1763,268,81,4267,113,69,180,4447,4706,450,9605,635,690,85,37,1444,7,24,35,1477,5525,415,7421,179,271,36,29,510,0,11,13,523,4745,382,5649,105,147,27,49,325,3,0,3,323,9310,1242,10877,37926,22399,2893,1338,64558,2294,1676,3963,68522,43980,5945,118450,756,2865,145,132,3902,268,543,814,4714,4412,532,9654,3118,2869,236,195,6417,555,372,929,7345,1895,630,9871
202,38101,543,917,1459,39558,27464,4355,71381,1101,2952,194,157,4404,268,388,655,5065,4292,361,9709,3449,2024,249,160,5882,362,183,549,6425,1773,354,8554,3764,1259,246,107,5377,219,99,320,5702,1360,287,7350,3475,1500,293,96,5359,174,113,289,5648,1530,294,7467,3911,2078,276,108,6375,164,92,260,6636,1605,338,8578,4476,2354,238,155,7229,171,116,281,7509,1563,350,9429,4844,2434,260,133,7678,166,109,270,7946,1506,367,9814,4933,2449,353,116,7849,153,75,229,8084,1719,353,10148,3860,2172,325,90,6448,162,110,269,6717,2657,373,9747,2058,1784,264,75,4179,107,86,190,4366,4507,394,9267,586,811,96,48,1540,10,20,28,1572,5103,388,7066,209,279,36,28,548,0,3,3,549,4695,359,5600,117,177,18,42,351,0,6,5,359,9273,1486,11123,36796,22269,2842,1316,63224,1956,1398,3359,66579,41588,5707,113872,688,2854,151,120,3821,229,554,786,4606,4201,571,9375,3176,2673,226,150,6223,438,321,759,6985,1712,536,9230
203,77847,1129,1944,3076,80919,51319,6858,139095,1526,4771,307,261,6861,449,781,1232,8092,7888,601,16586,5954,4265,384,274,10881,704,402,1101,11976,2755,593,15325,7947,2414,511,210,11075,432,204,632,11717,2327,582,14627,7161,2917,619,179,10880,380,191,578,11455,2644,475,14573,8070,4041,626,206,12948,344,218,561,13512,2939,602,17048,8467,4351,467,267,13553,310,225,540,14093,2728,675,17494,8694,4317,446,268,13734,347,162,510,14245,2568,643,17451,8540,4001,574,229,13349,315,147,464,13810,2713,655,17176,6400,3597,571,157,10713,258,142,400,11115,4310,580,16010,3363,3043,389,106,6900,156,145,303,7199,7612,589,15409,872,1309,151,52,2386,20,33,46,2433,8901,579,11915,198,442,44,34,711,3,13,13,724,8135,565,9430,105,214,40,34,391,0,6,10,398,17774,1906,20076,67294,39681,5128,2281,114377,3724,2664,6392,120768,73303,9047,203118,1049,5398,317,229,6989,380,1086,1465,8456,7888,775,17118,5536,5624,375,310,11845,747,644,1392,13240,3236,978,17449
204,41823,547,786,1337,43164,29833,5239,78234,1463,3147,240,167,5018,323,414,736,5755,4970,361,11084,3700,1644,229,159,5733,378,145,528,6258,1256,323,7836,3871,1237,314,132,5556,241,105,355,5906,1268,324,7491,3763,1602,309,124,5798,191,108,296,6097,1532,309,7933,4342,2274,295,159,7068,217,128,339,7410,1619,333,9366,5294,2598,269,167,8335,197,134,322,8658,1633,400,10689,6032,2709,319,163,9223,198,111,312,9535,1541,420,11485,6105,2676,435,166,9381,174,117,292,9675,1847,407,11933,4993,2621,409,144,8160,168,99,265,8429,2709,409,11551,2867,2205,367,94,5528,107,98,201,5732,5039,473,11240,1034,1076,161,62,2326,10,21,26,2353,6129,412,8895,361,438,70,42,906,11,3,9,919,5389,432,6738,262,263,53,50,633,0,0,0,639,10881,1237,12755,44088,24484,3465,1634,73669,2207,1487,3693,77363,45812,5833,129018,1173,3031,169,152,4518,230,426,661,5181,4446,659,10289,3661,1906,216,183,5959,396,177,572,6534,1338,634,8497
205,62688,1095,1536,2633,65322,53875,9051,128245,2106,4565,314,271,7260,556,689,1239,8501,7718,693,16910,5865,2714,356,283,9218,731,260,988,10205,2500,641,13345,6390,2251,505,231,9384,473,209,679,10061,2633,605,13298,5560,2652,516,195,8927,378,180,559,9487,2835,600,12923,6371,3402,457,240,10472,379,220,601,11068,2878,671,14620,7472,4077,449,286,12281,374,212,588,12871,2886,681,16440,8319,4047,528,272,13164,381,189,570,13735,2940,690,17362,8649,4257,630,243,13779,368,156,524,14299,3479,758,18532,6984,4015,672,188,11865,314,170,485,12353,5241,773,18370,4180,3271,542,161,8153,215,149,367,8519,9191,822,18528,1297,1542,214,93,3151,11,33,46,3195,10887,840,14925,416,646,96,67,1219,13,16,25,1246,9587,732,11567,315,388,63,74,833,5,5,7,845,18011,2179,21031,63928,37834,5339,2604,109695,4191,2490,6680,116376,80790,10683,207842,1347,4470,236,233,6285,477,749,1227,7510,6997,920,15423,5094,3164,299,250,8809,869,370,1244,10048,2416,1070,13539
206,186423,4179,5242,9427,195841,72545,15670,284057,887,4661,332,210,6090,246,1439,1682,7775,12362,1438,21576,14815,13654,1146,668,30290,1423,2449,3879,34167,14279,4439,52883,41564,10863,1504,726,54651,1756,940,2697,57349,7123,5704,70176,36491,8065,1964,552,47068,1225,590,1816,48889,5735,4485,59105,24884,7545,1621,433,34476,922,452,1376,35849,5422,3111,44384,19802,7148,998,409,28356,796,378,1177,29527,4861,2587,36986,16160,5759,688,320,22928,644,316,961,23894,4171,2129,30196,13954,4992,701,271,19914,572,255,831,20742,4586,1891,27212,10339,4322,613,227,15503,433,248,684,16180,5794,1714,23684,5998,4040,432,153,10624,273,203,473,11097,8309,1554,20968,2117,2062,206,95,4482,27,70,96,4580,9377,1317,15264,558,891,99,49,1595,13,32,45,1641,9534,1163,12336,221,532,84,59,899,9,8,22,916,22186,3339,26448,187787,74534,10380,4158,276867,8351,7390,15739,292607,113735,34867,441210,687,5815,253,267,7016,266,2374,2643,9663,15854,2052,27576,13757,17749,893,729,33127,1593,4183,5775,38902,21259,5641,65809
207,91205,1587,2949,4534,95740,63367,5831,164939,643,6072,324,226,7262,168,1302,1468,8731,13718,618,23065,7045,8946,590,460,17042,624,1194,1822,18865,7209,1128,27198,13012,3945,551,347,17860,661,401,1060,18923,3067,1152,23140,11154,3118,734,207,15217,428,222,644,15861,2715,801,19373,11026,4341,717,243,16321,386,232,620,16939,3553,711,21203,12985,5696,541,292,19514,451,263,714,20223,3755,704,24680,13607,5593,431,343,19976,443,244,690,20664,3322,763,24744,12684,5011,496,290,18479,403,192,601,19076,3425,727,23232,9499,4289,512,237,14540,292,192,487,15028,4411,634,20077,5659,4127,421,160,10362,186,145,332,10702,7281,600,18577,2117,2407,246,84,4853,34,59,100,4947,9618,606,15169,518,1181,91,46,1832,8,25,36,1864,10326,667,12860,214,623,69,53,961,0,11,10,974,25580,3086,29641,100155,55341,5731,2982,164213,4087,4492,8580,172796,97974,12186,282957,426,6255,234,152,7065,136,1802,1936,9001,14540,776,24316,5930,10222,459,345,16955,684,1740,2418,19373,8063,1129,28567
208,110029,1610,2790,4399,114435,62423,6708,183563,979,6190,343,274,7786,234,1116,1353,9141,11838,726,21711,7517,7922,573,482,16487,656,886,1535,18026,5093,1158,24282,14197,4115,617,359,19284,660,322,981,20269,2753,1310,24330,13792,3976,978,282,19023,462,239,702,19729,3067,1070,23865,14868,5932,1029,307,22145,433,263,697,22838,4056,1110,28005,16327,7175,704,363,24571,491,295,781,25355,4051,1148,30552,15488,6327,544,357,22717,476,241,716,23435,3219,1005,27659,14252,5603,614,333,20796,417,226,643,21441,3381,988,25812,10626,4820,584,247,16278,345,194,533,16810,4755,836,22394,6231,4540,516,185,11473,227,172,395,11870,7856,836,20556,1977,2480,224,108,4801,29,86,117,4913,9570,744,15227,519,972,102,51,1651,11,26,34,1687,9751,762,12194,211,601,82,73,968,10,13,22,990,27952,3083,32024,116989,60658,6919,3415,187983,4446,4072,8523,196503,97331,14776,308607,634,6604,267,155,7657,204,1609,1812,9465,12847,781,23093,6169,9206,387,341,16102,693,1309,2008,18107,6058,1205,25365
209,127634,2624,4057,6679,134317,79765,9521,223604,2091,7297,409,420,10226,585,1587,2172,12392,14612,1047,28050,11462,8710,689,713,21575,1220,1068,2288,23864,6636,1482,31986,17451,5067,926,680,24126,984,455,1435,25562,4887,1666,32111,16392,5418,1227,472,23505,678,362,1037,24548,5301,1423,31277,16227,7033,1073,530,24868,631,396,1025,25892,5852,1359,33097,16577,7641,739,520,25480,618,380,996,26475,5405,1258,33141,16037,6702,615,523,23872,552,323,881,24761,4637,1121,30520,14884,6067,756,466,22173,439,230,675,22848,4995,1179,29013,11014,5049,646,321,17034,356,178,536,17573,6740,1025,25336,5976,3893,553,221,10639,216,154,369,11011,10759,963,22730,1696,1675,178,68,3624,19,40,57,3681,12196,915,16792,329,572,61,38,1000,5,15,14,1020,11189,864,13066,131,294,36,34,491,4,6,7,501,22557,2961,26027,130270,65427,7921,5004,208619,6306,5193,11495,220114,115776,17259,353149,1467,8185,325,302,10276,549,2281,2827,13100,14845,1227,29173,9582,10938,591,559,21669,1350,1622,2973,24642,7461,1750,33854
210,88314,2451,3434,5885,94204,67764,8682,170650,1647,4990,290,336,7265,566,1035,1600,8868,12426,1003,22293,8319,5358,401,643,14720,1031,493,1521,16244,4509,1209,21966,11270,3293,619,495,15677,729,282,1013,16688,4084,1238,22011,10898,3536,771,425,15636,615,282,901,16534,4559,1118,22210,10676,4468,650,437,16231,542,291,827,17056,4777,1033,22869,11534,4945,523,419,17419,508,319,832,18254,4604,1109,23961,11468,4408,507,451,16837,493,230,722,17560,4321,1063,22943,9997,3687,512,344,14542,377,175,555,15094,4134,893,20127,7015,3082,395,263,10751,254,130,388,11137,5079,802,17016,3904,2376,346,169,6793,137,99,237,7034,7867,791,15685,1145,981,124,81,2332,19,16,37,2370,8982,742,12092,233,344,35,35,638,5,4,8,645,8763,717,10121,87,162,43,36,323,6,4,7,329,16953,2131,19412,88182,41644,5216,4122,139160,5281,3370,8653,147814,91051,13849,252715,1096,5500,212,226,7037,537,1704,2243,9282,12796,1045,23128,7287,7321,406,548,15564,1245,1019,2260,17825,5272,1327,24426
211,128162,1884,3462,5343,133514,78688,7904,220103,3080,10026,582,539,14225,587,1889,2471,16697,15717,786,33200,13650,9071,732,679,24131,1061,671,1735,25867,4373,862,31105,17446,4442,870,479,23232,727,293,1021,24255,3473,836,28563,16271,5422,1167,384,23241,501,289,796,24037,4729,822,29587,17171,7713,1055,460,26394,541,380,915,27311,5424,950,33685,18657,8927,876,566,29031,577,424,1001,30031,5045,1032,36107,19738,8522,807,527,29585,548,338,880,30470,4265,943,35673,18971,7800,1006,476,28250,518,270,787,29039,4566,945,34553,14621,6739,941,349,22650,423,238,664,23312,6774,879,30966,8574,6161,795,252,15774,304,200,508,16278,11464,939,28687,2477,2864,304,133,5777,41,62,101,5882,14568,822,21268,480,984,92,43,1597,6,18,23,1618,12988,820,15434,150,448,59,48,701,3,18,20,720,25624,2903,29257,151278,79111,9273,4936,244592,5843,5088,10933,255525,119011,13534,388072,2064,10220,432,297,13016,478,2442,2915,15927,14910,973,31812,11306,10374,558,473,22710,1160,1034,2193,24900,4822,1120,30848
212,186496,4634,7081,11716,198212,132038,17034,347284,3350,10269,526,636,14784,1012,2545,3559,18346,25967,1740,46047,17003,12567,933,1165,31673,2046,1865,3910,35580,12318,2350,50248,25901,8338,1224,1060,36521,1752,780,2535,39050,8654,2334,50038,23801,7924,1444,774,33939,1346,633,1982,35920,8801,2020,46738,23681,9285,1194,796,34952,1162,687,1848,36800,8928,1927,47653,24795,9872,902,836,36401,1167,668,1834,38237,8147,1817,48199,24233,8729,885,814,34663,1042,554,1592,36254,7280,1712,45240,21611,7723,991,706,31036,873,405,1280,32314,7735,1564,41609,15648,6369,873,467,23350,690,347,1037,24386,10072,1434,35901,8910,5241,767,385,15301,378,268,643,15945,15060,1371,32376,2559,2555,283,133,5531,60,62,122,5657,18174,1276,25105,494,955,93,59,1598,17,23,37,1636,17047,1270,19962,205,509,56,81,850,9,17,34,875,33432,3601,37914,192192,90331,10165,7914,300601,11545,8860,20404,321007,181620,24414,527038,2409,11986,503,439,15334,921,4072,4992,20328,27708,2067,50098,15660,16577,802,1078,34114,2477,3014,5494,39602,15989,2896,58486
213,183943,6250,7560,13809,197759,120206,18610,336570,2862,8702,456,538,12564,1094,2019,3110,15677,21783,2047,39504,15923,10782,850,1191,28742,2136,1340,3475,32216,9497,2915,44624,26622,8210,1412,1081,37331,1980,804,2785,40114,8913,3373,52402,27601,8268,1765,881,38511,1574,710,2281,40793,9732,3067,53594,25961,9089,1460,860,37368,1388,696,2083,39453,9506,2660,51621,23772,9018,1055,796,34634,1293,649,1950,36581,8175,2496,47258,21726,7653,870,731,30981,1104,488,1594,32575,6983,2193,41745,18432,6492,931,664,26521,954,437,1394,27914,7800,1971,37686,13223,5130,803,460,19614,688,341,1031,20649,10199,1755,32605,6666,3603,556,302,11129,387,264,654,11783,13905,1665,27354,1562,1332,202,96,3197,32,49,78,3279,14049,1370,18695,257,381,45,48,731,9,18,34,763,12093,1229,14083,88,183,40,51,358,13,9,25,377,22215,3072,25669,184704,78836,10440,7699,281683,12662,7831,20493,302173,154851,29813,486839,2019,10431,399,404,13252,1026,3384,4410,17658,23179,2028,42872,13968,15008,730,998,30697,2763,2543,5307,36004,11101,2987,50093
214,70580,1013,1706,2725,73303,51579,7654,132541,2143,5173,260,342,7921,485,857,1345,9265,7619,761,17643,6961,3891,374,414,11652,676,288,965,12613,2235,714,15562,8012,2308,450,245,11016,393,165,554,11571,2201,672,14447,7483,2858,580,238,11155,348,178,525,11678,2684,639,14998,8649,4073,563,272,13559,366,253,615,14169,3210,799,18181,9467,4889,497,297,15150,374,257,634,15787,3011,861,19653,9838,4442,471,277,15031,352,218,563,15594,2656,846,19099,9132,4149,577,273,14129,348,170,520,14649,2795,806,18249,6978,3715,574,171,11448,288,169,457,11905,4202,686,16789,4231,3515,459,152,8359,173,163,335,8694,7644,798,17137,1307,1750,205,76,3334,17,49,67,3404,10304,814,14525,284,624,64,33,1007,10,23,28,1035,9580,784,11392,85,284,47,48,463,8,10,15,481,19171,2872,22522,74580,41662,5117,2848,124205,3845,2787,6633,130842,77315,12056,220204,1483,5529,238,209,7457,379,1141,1515,8977,7148,833,16955,6309,4651,281,306,11537,696,405,1108,12646,2343,923,15916
215,32912,549,675,1231,34136,25532,5042,64712,1264,2661,154,162,4238,279,319,596,4838,4629,453,9923,3479,1304,149,191,5118,370,140,512,5634,1431,380,7439,3570,1186,251,127,5137,249,88,334,5473,1433,384,7292,3296,1499,226,98,5115,206,83,292,5404,1585,355,7350,3800,1883,223,154,6061,199,108,305,6364,1701,387,8451,4587,2229,233,163,7215,241,99,335,7555,1620,475,9645,5238,2187,229,164,7822,198,91,288,8113,1623,467,10193,5517,2158,322,178,8181,142,78,221,8401,1933,429,10765,4310,1983,317,119,6724,127,74,201,6929,2604,454,9976,2653,1663,314,115,4746,87,73,157,4907,4270,466,9645,922,841,142,78,1982,5,13,17,2002,5287,403,7692,392,419,48,37,896,3,12,9,903,5150,449,6505,283,282,73,50,680,0,0,5,684,11616,1430,13734,39300,20290,2684,1641,63912,2107,1176,3281,67191,44881,6526,118602,896,2579,143,109,3732,245,391,638,4368,4147,581,9097,3247,1689,157,139,5238,409,172,580,5814,1362,646,7822
216,29240,429,647,1077,30316,22753,4195,57259,1035,2383,145,158,3723,270,298,569,4290,3978,380,8652,2933,1124,136,114,4307,335,134,469,4775,1217,346,6338,3214,991,227,106,4540,247,84,330,4866,1271,345,6484,2869,1271,237,99,4468,191,74,269,4738,1307,330,6371,3484,1734,227,138,5583,152,90,250,5828,1433,389,7651,4134,1923,206,162,6430,183,79,265,6695,1339,394,8428,4568,1889,240,128,6821,163,70,236,7056,1274,384,8718,4379,1706,334,137,6549,123,57,182,6734,1507,358,8596,3382,1690,320,94,5485,119,69,189,5676,2134,341,8152,2036,1454,273,70,3840,66,50,116,3951,3452,341,7744,645,716,96,47,1500,3,11,18,1517,4585,350,6449,250,282,44,30,611,0,6,4,617,4309,367,5287,147,146,36,36,367,0,0,0,370,8870,1158,10396,33076,17307,2521,1315,54225,1874,1017,2891,57116,36674,5481,99275,863,2406,137,165,3579,222,425,649,4228,3649,499,8371,2741,1359,169,161,4432,329,168,496,4923,1307,474,6703
217,29284,324,539,864,30152,20838,3406,54393,1109,2745,156,170,4178,185,316,502,4678,3550,300,8527,2814,1345,149,132,4442,277,100,385,4820,1035,218,6078,3043,1019,234,103,4398,165,53,218,4617,974,257,5846,2927,1331,255,102,4617,126,73,197,4820,1097,212,6124,3359,1797,218,119,5497,118,72,197,5690,1097,290,7083,3921,2067,222,140,6353,149,80,225,6580,1162,279,8018,4520,2152,261,160,7090,117,72,194,7285,1128,310,8720,4376,2012,314,138,6843,116,83,199,7047,1351,310,8705,3572,1935,344,115,5971,105,61,172,6141,2035,325,8498,2195,1555,265,83,4096,56,64,115,4214,3369,376,7960,801,765,115,69,1754,3,20,26,1777,4079,309,6168,328,331,48,43,750,0,0,7,750,3872,323,4947,196,239,47,65,541,0,0,0,541,8603,1153,10295,33158,19289,2629,1455,56535,1428,997,2429,58958,33346,4661,96964,819,2494,128,149,3590,181,288,473,4064,3131,447,7635,2635,1575,164,137,4512,288,143,436,4946,1008,456,6413
297,0,0,0,0,0,0,3,6,0,0,0,0,0,0,0,0,0,0,0,0,0,0,0,0,0,0,0,0,0,0,0,0,3,0,0,0,3,0,0,0,3,0,0,3,4,0,0,0,4,0,0,0,4,0,0,4,5,0,0,0,5,0,0,0,5,0,0,4,0,0,0,0,0,0,0,0,0,0,0,0,3,0,0,0,10,0,0,0,10,0,0,7,4,0,0,0,5,0,0,0,5,0,0,5,4,0,0,0,4,0,0,0,4,0,0,7,4,0,0,0,4,0,0,0,4,0,0,4,3,0,0,0,3,0,0,0,3,0,0,5,0,0,0,0,0,0,0,0,0,0,0,0,0,0,0,0,0,0,0,0,0,0,0,0,31,0,0,0,30,0,0,0,30,0,0,38,0,0,0,0,0,0,0,0,0,0,0,0,0,0,0,0,0,0,0,0,0,0,0,0
299,771,105,79,191,961,1228,1186,3373,42,50,0,5,100,34,39,69,168,215,110,495,247,140,18,12,420,83,43,126,547,290,204,1037,335,146,23,14,505,98,27,127,633,276,220,1129,271,93,22,13,399,75,20,94,491,212,170,869,177,85,15,9,287,57,16,78,363,216,181,757,143,55,18,11,222,53,12,64,283,184,193,661,106,42,9,5,169,40,6,50,215,184,132,527,97,45,9,4,160,37,13,42,200,159,115,475,66,39,0,0,111,29,5,31,143,198,67,406,33,30,7,7,73,18,6,16,89,205,44,347,14,5,5,3,29,0,0,0,26,183,35,247,8,4,0,0,8,0,0,0,8,111,30,156,0,0,0,0,0,0,0,0,0,126,40,170,1533,745,127,79,2481,510,190,698,3179,2556,1535,7267,30,29,0,3,69,22,32,48,117,164,74,357,133,134,6,10,292,51,61,110,397,282,216,899
301,58771,997,1353,2348,61118,36055,3978,101156,1869,4968,228,283,7349,559,850,1405,8757,5498,444,14700,5794,2959,305,263,9327,608,269,878,10208,1536,410,12154,6758,1821,404,192,9168,352,124,478,9648,1541,386,11580,6658,2344,510,150,9653,286,142,426,10082,1769,473,12322,8256,3131,443,186,12010,312,195,508,12519,2046,515,15083,8982,3494,345,255,13085,319,164,478,13559,1847,566,15972,9359,3194,390,221,13162,295,127,425,13592,1774,530,15895,8568,2939,476,188,12166,287,131,415,12587,2027,509,15132,6293,2596,414,127,9428,241,125,367,9798,3165,447,13414,3706,2169,333,89,6291,135,121,259,6550,5518,467,12538,973,1018,111,40,2139,23,26,50,2192,6656,366,9212,196,313,27,22,555,10,9,16,573,5749,358,6678,50,144,24,26,243,3,5,10,243,11779,1134,13154,67469,31076,4003,2043,104590,3417,2293,5715,110306,50909,6624,167835,1371,5357,170,148,7049,509,1141,1650,8700,5411,451,14558,5071,3771,255,189,9288,694,322,1011,10299,1534,492,12325
302,58821,1144,1380,2527,61344,30814,3690,95851,1282,4002,204,185,5665,385,638,1022,6693,4686,426,11800,5956,3442,334,262,9993,587,292,872,10867,1676,682,13232,8756,2372,460,209,11804,430,169,601,12400,1600,706,14712,8160,2368,623,199,11351,331,160,488,11843,1734,619,14196,8223,2940,544,197,11911,279,156,437,12347,1900,652,14903,7911,2947,363,191,11410,272,145,417,11822,1678,523,14018,7493,2514,315,186,10504,260,100,356,10863,1504,500,12865,6913,2298,370,148,9737,216,88,305,10039,1686,451,12174,5312,1971,349,118,7753,158,73,237,7986,2459,374,10829,3092,1670,242,101,5105,108,63,176,5280,4080,419,9780,823,884,116,39,1863,13,23,31,1891,5238,344,7476,179,319,26,24,550,3,0,6,558,5153,334,6044,66,149,21,23,259,5,5,10,271,12633,1530,14442,64165,27885,3980,1878,97908,3048,1918,4963,102872,46039,7567,156470,812,4113,160,93,5179,316,986,1296,6472,4519,383,11382,5598,4339,262,194,10390,643,480,1134,11522,1829,786,14135
303,94128,2098,2851,4941,99075,50309,5940,155320,1663,6239,321,277,8505,493,1289,1778,10281,9553,753,20593,9254,7953,589,465,18266,999,1146,2144,20407,6761,1424,28593,15237,5242,750,464,21688,929,456,1385,23071,4087,1480,28639,13997,4369,963,302,19631,598,312,919,20546,3578,1197,25321,12917,4669,752,324,18661,539,264,804,19465,3491,989,23951,12396,4854,482,293,18022,459,244,707,18734,3020,937,22689,11768,4067,420,320,16569,425,193,619,17190,2869,824,20887,10455,3591,479,254,14782,353,175,527,15309,2974,700,18982,7694,3083,442,184,11396,279,129,409,11805,4170,691,16665,4649,2542,380,142,7708,180,118,291,8002,6113,625,14739,1271,1201,150,48,2661,26,46,71,2736,7421,455,10615,279,459,53,14,797,8,17,26,824,6833,504,8157,84,256,23,34,391,0,8,6,401,15280,1850,17528,101660,48523,5787,3117,159094,5292,4395,9693,168783,76150,12424,257356,1092,6394,255,178,7916,472,1849,2319,10235,9828,864,20921,8184,9399,420,420,18425,1246,1577,2820,21244,7366,1601,30210
304,47854,802,1418,2222,50078,26859,2157,79104,928,4308,225,127,5598,247,936,1181,6778,6296,376,13449,5005,4858,446,217,10526,462,666,1130,11655,3752,632,16038,6331,1912,387,135,8765,314,203,515,9282,1714,508,11502,5824,1842,482,124,8265,185,128,320,8588,1524,357,10465,6396,2578,428,159,9558,194,125,322,9874,1766,363,12003,7042,2784,285,130,10236,173,132,303,10542,1521,343,12400,7001,2515,220,113,9857,183,95,275,10135,1250,338,11720,6544,2225,252,114,9136,168,58,230,9370,1357,323,11049,5101,1943,284,82,7405,142,66,206,7613,1900,293,9807,3193,1741,268,68,5266,93,52,148,5408,3451,264,9126,1028,998,117,42,2177,26,36,59,2236,4155,209,6599,210,380,31,14,640,5,12,17,657,3632,209,4496,82,190,12,12,294,0,6,7,297,8165,1140,9601,54693,28266,3431,1334,87722,2195,2508,4706,92426,40481,5347,138256,620,4488,201,167,5477,203,1329,1535,7009,6371,374,13758,4049,5254,319,168,9791,525,908,1434,11227,4447,746,16421
305,86940,1747,2258,4006,90946,31018,6566,128533,922,3913,228,140,5197,215,788,1007,6202,5416,670,12293,8975,7322,559,282,17133,618,862,1480,18608,4314,1895,24822,17250,4746,666,265,22929,670,385,1055,23985,2899,2385,29271,13614,3338,748,198,17895,482,243,724,18615,2287,1584,22486,10804,3104,634,161,14705,335,170,500,15205,2338,1178,18723,9772,3059,466,133,13432,348,146,495,13924,1965,1031,16916,8443,2615,301,148,11507,290,122,412,11917,1627,850,14395,7490,2156,319,118,10090,261,113,373,10463,1722,837,13024,5682,1899,284,98,7968,196,112,310,8277,2279,682,11236,3413,1642,281,47,5381,118,77,198,5573,3300,582,9456,1055,947,101,40,2140,20,26,49,2190,3620,437,6252,280,416,45,19,757,8,7,14,777,3283,331,4389,94,201,27,28,350,4,7,9,361,7939,1109,9404,87785,35352,4662,1677,129481,3565,3061,6630,136109,42984,13574,192673,716,4553,191,122,5582,180,1150,1333,6911,6025,749,13687,8470,8804,388,298,17957,689,1322,2006,19963,5500,2129,27592
306,57810,1421,1690,3111,60920,34636,9396,104950,2044,4126,248,304,6716,714,561,1275,7994,5736,1023,14754,5010,2219,288,289,7808,798,284,1081,8890,2275,1099,12266,6625,2191,432,267,9520,634,241,877,10390,2232,1188,13808,6556,2579,530,201,9865,511,235,746,10609,2508,1091,14210,7671,3308,463,260,11693,521,230,747,12447,2704,1145,16292,8423,3547,464,284,12718,512,248,754,13468,2286,1177,16933,8564,3432,459,259,12718,505,206,714,13433,2406,1100,16936,8126,3133,498,214,11977,414,164,581,12555,2651,1111,16320,6237,2773,461,190,9659,351,132,477,10136,3461,971,14567,3784,2138,342,137,6400,241,139,375,6780,5300,880,12954,1233,1067,135,78,2510,35,26,65,2573,6467,693,9736,362,401,42,35,845,3,10,17,856,5389,546,6796,169,206,41,37,455,3,3,6,462,9052,1434,10948,64802,31117,4417,2547,102881,5231,2481,7714,110593,52460,13466,176518,1433,4278,178,177,6059,546,802,1348,7413,5923,1118,14450,4961,2835,249,224,8263,800,384,1190,9448,2291,1364,13104
307,27014,554,585,1138,28151,19284,4636,52074,1541,2105,109,168,3916,260,192,452,4371,2908,494,7771,3168,900,146,122,4334,247,88,333,4668,1000,372,6041,3252,1014,202,125,4589,178,75,253,4842,1155,416,6408,3161,1231,224,101,4723,137,58,196,4914,1276,442,6631,3760,1560,194,158,5663,156,72,225,5889,1299,494,7687,4372,1697,157,177,6409,138,65,203,6612,1125,554,8298,4451,1594,183,139,6370,138,46,190,6561,1234,465,8260,4479,1505,237,160,6383,101,50,153,6536,1503,468,8510,3605,1415,214,121,5364,86,44,132,5494,2078,396,7965,2589,1219,207,109,4130,54,51,105,4234,3191,413,7841,1171,695,100,58,2018,8,15,23,2038,4013,378,6431,466,343,42,52,898,3,6,4,899,3712,374,4987,336,258,62,53,707,0,0,0,707,6755,892,8351,36341,15539,2077,1547,55506,1508,757,2267,57773,31243,6147,95169,1132,2087,135,134,3489,292,253,542,4034,3039,541,7609,2995,1225,148,112,4469,362,139,503,4974,1045,507,6537
308,49892,1289,1446,2732,52625,30275,6807,89710,3175,4201,283,326,7980,538,492,1033,9017,4945,932,14890,7090,1959,319,304,9688,513,169,684,10366,1899,1010,13280,7983,1894,491,282,10654,362,150,512,11161,2352,1075,14591,7036,2237,486,232,9993,298,157,455,10449,2371,997,13814,7635,2686,439,270,11033,246,144,380,11416,2218,943,14579,8177,2759,367,288,11588,282,150,429,12020,1929,1099,15046,8572,2720,423,276,11992,270,112,376,12371,1957,1084,15415,8113,2472,490,234,11308,249,113,360,11663,2285,1041,14987,6042,2002,428,187,8666,162,75,237,8901,3148,766,12817,3383,1458,292,121,5257,98,64,167,5424,4647,798,10871,1054,672,101,59,1895,10,14,25,1914,5493,594,8001,323,280,42,49,684,9,4,13,698,4782,588,6068,160,143,41,43,394,0,5,5,397,8111,1609,10115,68751,25489,4213,2674,101128,3022,1645,4669,105800,46121,12541,164465,1614,4305,223,157,6302,744,744,1484,7788,5354,985,14122,5832,2620,299,177,8921,1036,346,1384,10307,2038,1129,13481
309,155962,3416,4761,8172,164134,93476,17303,274915,3170,10428,524,516,14644,1493,2000,3487,18135,12827,1839,32801,12416,9096,780,601,22900,1996,1102,3096,25995,6136,2768,34901,17313,6724,975,529,25551,1277,601,1876,27426,4976,2772,35174,16826,6849,1068,452,25198,1004,516,1521,26721,5200,2298,34216,17899,7991,941,516,27350,1097,577,1679,29026,5575,2284,36885,18473,8351,807,507,28138,1193,571,1765,29904,5123,2130,37154,17991,7734,812,456,26995,1159,438,1596,28593,4677,2026,35296,16330,7103,856,390,24683,1027,409,1434,26118,5320,1954,33388,12299,6244,782,325,19647,808,392,1196,20845,7526,1654,30029,7992,5512,598,260,14355,638,396,1028,15387,12697,1821,29902,2516,2863,217,116,5714,73,136,205,5927,16150,1545,23619,532,1063,86,47,1731,25,35,51,1788,14368,1376,17531,186,452,67,74,779,14,25,33,814,26926,4621,32363,143957,80410,8522,4798,237684,11799,7182,18983,256667,127500,29096,413262,2895,11791,446,387,15520,1186,2727,3914,19427,13390,2211,35029,12758,11211,630,617,25220,1776,1337,3106,28331,6471,2973,37778
310,78847,2555,2923,5483,84326,52972,8146,145446,2489,5251,297,320,8355,1015,1014,2032,10390,9278,1018,20686,8179,3676,420,400,12680,1229,439,1665,14340,3794,1033,19165,9913,2890,651,315,13774,806,328,1132,14903,4209,994,20111,9633,3053,644,289,13621,623,259,877,14501,4109,895,19505,10133,3592,556,319,14604,647,281,930,15526,3996,1024,20546,10370,3644,442,347,14810,563,239,801,15614,3714,956,20277,10159,3262,493,336,14250,501,204,707,14960,3562,910,19432,8829,2990,431,258,12508,363,161,521,13030,3748,852,17633,6200,2388,443,170,9208,293,131,425,9630,4806,688,15121,3721,1946,276,138,6083,153,86,236,6324,6658,656,13642,951,876,86,43,1950,17,26,45,1997,7635,572,10203,235,288,31,36,583,6,17,21,603,6498,549,7658,89,139,22,33,284,0,9,13,297,10782,1470,12551,80906,33997,4786,3011,122702,6210,3200,9406,132105,72792,11631,216530,1824,5591,261,221,7902,1130,1703,2836,10732,9987,1321,22044,7777,5230,402,354,13762,1599,760,2362,16117,4592,1644,22354
311,74628,2607,3000,5606,80239,53170,9527,142933,2959,5618,304,386,9261,1257,1056,2305,11568,9746,1209,22528,8683,3947,428,508,13565,1342,446,1786,15347,3626,1182,20156,10161,3115,641,375,14293,857,291,1145,15443,3739,1068,20251,9913,3476,657,328,14365,623,307,930,15294,3561,1006,19867,10331,4078,525,365,15295,629,314,948,16242,3624,1055,20916,10765,3902,449,407,15524,602,239,846,16366,3242,1077,20682,10512,3559,500,359,14931,504,231,730,15661,3054,948,19664,9625,3363,487,311,13784,450,146,601,14378,3371,830,18582,7358,2883,430,241,10907,331,139,472,11382,4399,755,16535,4616,2351,330,167,7466,208,123,327,7788,7021,775,15584,1168,965,113,50,2307,28,40,67,2370,7705,601,10684,188,294,25,23,524,4,11,12,538,6088,485,7106,73,118,18,28,236,7,0,8,248,9008,1336,10587,86340,37675,4899,3548,132463,6834,3334,10171,142632,68185,12331,223148,2215,5648,239,240,8333,1170,1653,2814,11153,9892,1273,22320,8158,4885,367,421,13829,1705,717,2424,16253,4068,1417,21738
312,41492,735,888,1626,43118,21006,6892,71016,2816,2987,210,232,6251,393,305,702,6955,3131,615,10693,6296,1384,304,241,8222,334,100,429,8650,1203,1075,10928,7169,1560,444,238,9406,243,127,369,9778,1649,1283,12704,6210,1876,396,212,8693,163,99,266,8960,1774,1071,11806,6554,2250,387,223,9414,172,111,285,9698,1610,1071,12383,7255,2175,315,235,9975,184,106,291,10265,1360,1047,12673,7356,2162,352,235,10107,176,88,257,10370,1324,1049,12745,6806,1967,360,213,9344,149,69,216,9560,1665,1028,12254,4877,1597,324,168,6967,113,70,179,7147,2130,811,10089,2730,1109,240,116,4195,77,36,110,4305,3357,588,8251,814,591,90,48,1542,13,16,29,1569,3842,384,5791,218,215,25,26,476,4,4,13,482,3292,323,4097,120,110,18,48,291,0,3,7,300,5857,695,6849,59217,19986,3461,2215,84879,2017,1135,3159,88033,32182,11041,131255,1396,2846,145,131,4520,467,547,1014,5531,3711,709,9950,4723,1712,181,179,6790,695,222,920,7710,1275,1132,10116
313,54794,1570,1836,3407,58195,47858,6207,112255,1947,4455,246,311,6960,892,806,1699,8662,5585,825,15064,5042,2534,267,306,8151,851,257,1110,9262,2226,788,12279,5524,1984,355,204,8063,568,213,785,8848,2385,726,11964,5665,2259,364,216,8502,438,224,654,9162,2469,748,12371,6606,2840,359,213,10015,443,229,674,10691,2630,809,14134,7394,3152,339,248,11131,416,167,583,11720,2513,776,15015,7369,2930,396,238,10927,406,173,582,11505,2423,752,14685,6681,2608,418,182,9893,314,115,428,10317,2816,659,13796,5166,2401,403,150,8127,264,105,373,8501,4235,581,13314,3106,2071,300,118,5587,170,108,277,5866,7178,665,13712,791,914,115,56,1878,11,37,49,1929,8652,631,11207,153,286,36,25,494,4,11,15,508,7402,517,8423,71,110,23,35,238,4,0,3,243,12974,1664,14879,55512,28544,3620,2295,89973,4793,2442,7240,97212,63489,10147,170844,1508,4739,182,203,6623,777,1156,1931,8556,5642,750,14945,5013,3359,252,238,8859,1100,412,1514,10375,2479,793,13646
314,54929,1095,1528,2628,57556,27382,3057,87990,1498,4248,208,194,6155,447,742,1184,7338,4546,350,12228,4888,2491,285,208,7877,497,204,700,8576,1229,358,10161,6123,1584,414,145,8265,309,121,429,8696,1326,364,10380,6450,2122,525,154,9257,226,147,376,9633,1590,346,11572,7467,2914,460,157,10999,251,172,421,11415,1856,385,13659,7925,3023,369,173,11485,227,114,341,11823,1474,375,13674,7447,2557,319,170,10493,197,93,290,10780,1227,345,12359,6383,2099,316,159,8961,132,71,207,9165,1354,341,10858,4670,1741,290,83,6786,133,64,200,6981,2046,277,9309,2670,1491,246,70,4478,94,54,153,4629,3874,250,8747,721,655,92,34,1505,12,15,25,1530,4273,201,6006,101,194,15,12,314,5,3,7,325,3206,165,3691,27,66,11,17,123,0,3,3,131,4927,693,5738,56372,25193,3550,1575,86688,2530,1810,4340,91028,32918,4434,128376,1173,4569,147,133,6028,483,1208,1696,7719,4846,405,12970,5145,3556,262,188,9149,729,325,1053,10201,1568,551,12320
315,16280,570,327,898,17181,9295,3435,29910,1082,899,75,110,2162,221,129,349,2516,2234,495,5250,2685,629,151,157,3619,252,96,347,3964,1358,609,5935,3338,762,179,124,4409,214,69,287,4693,1363,663,6727,2785,772,180,122,3860,155,65,222,4079,1190,545,5815,2922,922,152,141,4135,156,52,211,4348,1115,559,6019,3006,869,139,136,4156,138,60,197,4350,944,540,5838,3149,793,162,148,4251,117,36,158,4408,873,528,5807,2963,744,164,98,3972,103,36,137,4106,958,481,5541,2282,605,149,103,3135,86,26,107,3241,1017,438,4695,1424,520,108,72,2123,49,25,71,2193,1309,342,3856,615,259,49,32,960,9,11,12,972,1568,275,2811,241,98,24,19,380,0,4,0,384,1244,221,1846,116,73,4,25,213,3,3,3,218,2065,343,2628,26608,7940,1544,1280,37370,1498,609,2110,39487,17245,6037,62765,771,803,58,81,1704,212,131,344,2051,2214,527,4798,2200,669,87,106,3062,344,98,445,3506,1456,648,5611
316,93204,1501,2507,4007,97212,67348,9326,173886,2036,6757,348,309,9453,862,1163,2024,11477,7236,779,19490,5791,4041,393,291,10506,937,446,1381,11891,2191,712,14790,7156,2915,468,229,10766,616,242,854,11624,2359,716,14695,7168,3612,543,229,11551,527,273,800,12359,2717,701,15781,9067,5071,619,312,15068,538,355,889,15960,3153,868,19982,10308,5783,579,330,16999,586,340,924,17924,3111,1026,22059,10988,5860,553,327,17728,668,343,1009,18741,3042,1003,22788,10061,5395,617,228,16304,644,270,912,17215,3780,877,21872,7528,4926,629,169,13250,510,264,778,14025,5769,858,20652,4360,3856,483,135,8835,282,239,522,9357,10716,810,20885,1270,1699,169,67,3201,41,75,120,3320,13430,848,17595,277,593,56,19,950,6,26,36,987,11774,736,13498,114,272,25,38,450,6,14,20,472,21998,2264,24733,76129,50778,5488,2685,135077,6221,4045,10268,145343,91281,12205,248837,1796,7559,298,242,9900,712,1630,2349,12248,7389,902,20543,6228,5145,330,264,11970,931,626,1548,13521,2491,1146,17161
317,37539,762,1107,1870,39414,25598,3348,68358,1595,3183,212,152,5136,358,476,835,5977,4197,446,10622,4234,1950,242,144,6575,353,209,559,7132,1702,437,9269,4540,1654,349,135,6680,241,139,386,7061,1563,459,9081,3868,1610,283,108,5867,195,90,285,6154,1610,369,8130,4359,1926,242,141,6658,182,123,308,6967,1546,381,8895,4797,2082,216,144,7233,156,118,270,7503,1402,364,9270,5010,1889,223,121,7247,138,74,208,7456,1337,387,9179,5031,1792,239,135,7199,135,65,204,7404,1499,376,9279,3665,1534,267,103,5577,108,48,149,5726,1939,326,7992,2302,1262,190,83,3847,68,50,118,3967,3388,339,7689,671,648,92,43,1456,3,17,18,1477,4393,319,6189,159,242,26,17,442,0,10,9,453,4077,316,4839,77,102,12,24,216,0,0,4,227,8041,1381,9645,40320,19885,2597,1338,64140,1952,1408,3353,67491,36680,5912,110089,1121,3246,151,104,4614,414,669,1085,5703,3923,618,10239,4096,2321,193,109,6720,609,318,929,7653,1781,684,10114
318,55324,1133,1452,2582,57901,31083,6770,95753,2669,4913,351,270,8209,599,725,1329,9533,6170,894,16601,7737,3279,472,301,11784,655,313,963,12752,2722,1127,16601,8564,2237,639,260,11694,449,212,665,12358,2356,1034,15745,7405,2406,621,206,10641,320,193,515,11156,2278,954,14389,8038,2710,493,242,11483,348,171,517,12006,2324,957,15281,8489,2939,399,240,12068,339,131,462,12537,1938,987,15463,8373,2716,438,238,11766,294,116,404,12169,1872,940,14985,8078,2432,438,211,11157,267,120,385,11546,2098,888,14530,5943,2036,417,142,8540,194,91,285,8824,2967,716,12507,3512,1665,302,136,5615,97,68,167,5785,4751,615,11149,995,840,105,68,2006,16,17,32,2038,5546,510,8093,301,309,29,33,670,6,12,17,687,4923,492,6100,129,153,35,43,350,5,5,6,357,9029,1094,10480,70233,28639,4739,2383,105997,3573,2166,5742,111733,48970,11205,171913,1583,4798,293,181,6858,670,1213,1879,8745,6322,986,16049,6990,3980,379,234,11584,1023,595,1618,13204,3075,1614,17896
319,56675,1738,1947,3692,60367,62781,9010,132150,2116,4707,269,292,7379,969,794,1765,9143,7271,762,17176,4722,2203,265,239,7429,1046,287,1332,8758,2617,676,12058,4985,2068,375,198,7630,688,288,976,8606,2892,597,12095,5092,2548,384,199,8222,584,268,855,9075,3208,627,12909,6462,3263,375,265,10362,575,288,860,11225,3440,780,15443,7629,3737,418,251,12043,677,285,961,13002,3550,837,17393,8180,3838,488,288,12789,584,249,838,13630,4074,899,18603,8027,3781,538,240,12583,592,237,822,13412,4981,884,19278,6275,3333,549,202,10365,475,200,675,11042,7259,880,19178,3938,2659,432,170,7198,316,206,520,7724,12216,978,20915,1260,1149,141,93,2652,23,33,60,2710,14511,997,18218,378,446,59,58,934,11,8,21,953,11994,1024,13975,218,246,44,70,579,4,4,4,588,18318,3033,21942,59290,33970,4340,2569,100166,6544,3147,9693,109859,96337,12975,219171,1542,4713,222,208,6688,975,1030,2002,8690,6810,994,16494,4511,2775,236,201,7729,1205,401,1605,9330,2849,1010,13196
397,0,0,0,0,3,0,24,28,4,5,0,0,8,0,3,3,8,10,0,21,23,6,0,3,41,0,0,0,37,5,4,50,17,3,5,0,29,0,0,0,27,3,7,37,13,0,0,0,16,0,0,0,19,4,3,24,11,6,3,0,24,0,0,0,24,6,10,31,8,0,3,0,20,5,0,5,21,0,4,29,12,4,0,0,15,0,0,0,18,3,13,32,25,0,6,0,37,0,0,0,35,0,11,48,11,4,0,0,19,0,0,0,19,8,4,37,11,4,0,0,21,0,0,0,21,13,6,40,6,0,0,0,7,0,0,0,7,19,6,29,0,3,0,0,3,0,0,0,3,19,8,22,0,0,0,0,3,0,0,0,3,38,12,48,159,47,24,17,237,8,3,7,246,125,80,450,0,3,0,0,5,0,0,0,5,0,0,12,3,0,0,0,3,0,0,0,3,5,0,6
399,1512,218,163,384,1892,2883,1349,6127,56,65,4,6,132,70,33,98,227,181,114,523,315,147,32,12,503,103,39,146,649,277,189,1118,410,155,31,26,620,115,30,145,762,281,181,1223,253,99,39,4,395,78,8,91,485,237,152,872,222,71,25,11,328,65,17,76,408,238,146,788,184,76,30,5,289,67,10,78,369,244,161,772,221,86,20,9,331,66,17,82,412,245,157,817,201,81,34,10,324,70,22,92,420,363,115,898,221,80,30,5,334,61,26,88,420,630,151,1199,129,83,20,3,234,44,24,71,302,997,145,1445,26,35,10,0,65,6,8,13,80,817,89,993,13,7,0,0,17,0,0,0,21,415,55,495,0,0,0,0,6,0,0,0,8,277,59,346,2248,982,264,99,3592,741,227,970,4563,5208,1716,11485,40,49,5,5,100,54,25,82,180,158,69,408,257,184,19,18,477,111,31,141,621,288,232,1130
401,78253,1353,2285,3637,81892,49711,4677,136278,1086,5323,329,206,6943,274,960,1230,8172,9305,501,17977,5783,6821,528,295,13426,577,971,1546,14971,6017,942,21940,9705,3685,514,186,14094,514,312,836,14925,2781,882,18591,8591,3198,717,169,12676,385,199,579,13257,2436,673,16366,9029,4337,619,177,14159,363,215,578,14734,2727,686,18153,10207,4952,531,238,15932,354,213,566,16495,2697,651,19845,10662,4663,528,217,16069,357,204,565,16634,2425,696,19757,10574,4319,585,203,15689,311,125,439,16131,2626,689,19441,8481,3888,592,160,13120,238,140,377,13503,3574,575,17644,5091,3601,457,121,9270,130,122,247,9517,6738,622,16879,1555,1936,195,52,3731,13,41,57,3791,8287,531,12608,400,785,84,31,1298,5,19,24,1325,8087,486,9895,127,367,57,44,600,3,3,9,601,20356,1829,22795,81288,47875,5737,2093,137000,3536,3525,7057,144059,78055,9770,231883,665,5260,216,126,6269,226,1386,1617,7886,9939,633,18459,4684,7109,401,240,12427,613,1135,1750,14180,6521,1045,21740
402,97430,2849,3811,6663,104090,74325,7779,186196,2716,7135,367,420,10638,1133,1440,2579,13216,12909,1115,27232,10728,6437,628,529,18319,1557,714,2278,20594,5745,1245,27586,14422,4972,965,443,20794,1109,509,1620,22412,5486,1201,29099,12602,4994,1019,385,18998,864,411,1279,20277,5258,1059,26595,12551,5658,803,394,19396,806,405,1213,20618,5185,1041,26843,13595,5922,675,404,20599,722,351,1075,21674,5049,1116,27839,13777,5783,656,383,20600,688,285,978,21577,5105,1005,27689,12540,4978,778,303,18599,509,216,722,19325,5371,985,25679,9368,4191,686,227,14479,376,177,553,15029,6778,820,22627,5253,3304,481,180,9215,207,144,353,9570,10611,830,21010,1133,1329,176,66,2706,16,25,40,2741,12519,710,15964,202,375,33,26,635,6,7,14,649,11069,756,12474,68,158,20,35,280,4,5,10,289,21057,2358,23705,108962,55222,7276,3790,175253,8011,4701,12707,187960,112143,14239,314342,1457,7043,287,224,9011,947,2287,3235,12244,13242,1043,26528,8912,7909,495,430,17752,2149,1260,3412,21164,6798,1277,29230
403,91114,1541,2519,4058,95171,61578,5449,162191,1976,7395,418,321,10108,638,1238,1878,11986,9726,665,22376,8138,6830,623,405,15998,1065,632,1699,17696,3836,800,22331,11447,4152,810,266,16672,713,329,1038,17710,3177,760,21648,10320,4411,1012,227,15968,529,295,822,16791,3452,703,20957,10881,5331,805,245,17253,516,290,800,18059,3555,680,22292,11778,5942,655,271,18647,480,273,749,19394,3395,666,23456,12549,5915,617,280,19358,489,234,726,20077,3140,753,23972,12524,5503,784,270,19080,423,203,631,19714,3807,753,24272,10014,4969,735,211,15928,348,202,554,16486,5534,682,22705,5767,4151,602,147,10666,201,167,367,11036,9852,681,21567,1331,1828,187,55,3401,18,43,59,3464,11609,547,15624,245,564,54,18,877,5,11,17,894,10179,579,11648,93,292,46,43,467,5,7,9,469,24477,2210,27151,97049,57285,7348,2759,164434,5416,3913,9339,173765,95744,10480,279996,1144,6886,295,193,8518,567,1913,2477,10996,9839,692,21524,6552,8031,542,282,15408,1152,943,2092,17497,4149,937,22584
404,60412,1224,1727,2950,63358,39636,3762,106759,1008,3684,208,183,5081,346,595,943,6028,6272,444,12742,5286,4411,359,290,10345,663,547,1210,11560,3232,661,15454,8229,3005,489,245,11968,545,275,821,12786,2389,763,15941,7540,2776,580,184,11090,447,208,653,11746,2305,672,14722,7232,3168,508,194,11099,403,178,579,11680,2560,577,14814,7710,3595,404,190,11896,395,183,577,12474,2608,608,15692,7608,3363,354,182,11499,341,142,484,11986,2565,566,15125,7286,3015,438,175,10916,314,129,441,11357,3163,591,15115,5360,2462,378,107,8310,240,105,347,8653,3744,499,12893,2908,2062,248,86,5300,114,81,193,5501,6050,526,12082,776,898,103,37,1811,9,17,25,1839,6891,497,9226,124,324,35,21,500,7,9,14,517,7081,516,8122,59,176,25,39,293,3,4,7,305,17843,2325,20466,61123,32939,4134,1939,100136,3824,2479,6300,106433,66701,9250,182388,617,3792,190,91,4685,321,1005,1323,6012,6369,491,12868,4315,5215,286,221,10033,755,777,1529,11566,3684,726,15978
405,23461,484,558,1050,24511,20636,2917,48067,787,1822,106,81,2791,204,213,419,3214,3039,185,6439,2153,915,113,90,3270,255,69,322,3591,860,177,4625,2362,852,178,74,3465,151,60,214,3680,930,149,4756,2203,1118,206,64,3594,128,62,187,3782,1028,160,4966,2674,1464,166,78,4388,141,79,223,4606,995,164,5776,3355,1819,153,100,5430,139,75,214,5644,1246,256,7140,3728,1855,196,101,5881,154,77,240,6117,1351,240,7708,3885,1864,244,85,6081,155,72,222,6300,1520,277,8098,3239,1661,278,75,5253,98,54,155,5406,2353,258,8015,1867,1349,180,63,3462,84,53,139,3599,3954,268,7826,627,671,93,34,1420,7,17,18,1441,4955,220,6620,222,256,44,27,551,0,0,3,551,4215,242,5009,151,185,31,36,402,0,5,3,402,8450,741,9600,27250,15830,1988,913,45984,1522,841,2361,48347,34899,3327,86569,538,1687,75,80,2384,214,268,486,2868,3087,302,6253,1928,1195,135,79,3341,333,115,449,3784,760,258,4807
406,16978,424,431,860,17839,12613,2459,32906,761,1368,100,79,2308,198,176,377,2677,2399,329,5403,2368,777,160,104,3413,282,84,366,3781,1030,359,5173,2655,847,250,90,3839,191,52,242,4083,1071,384,5540,2346,944,176,91,3554,149,58,216,3768,959,318,5049,2645,1166,173,90,4075,168,69,239,4310,980,341,5641,3044,1278,174,83,4586,139,50,193,4775,969,394,6138,3048,1178,227,89,4551,158,48,206,4752,1020,395,6172,2996,1211,252,79,4534,138,53,196,4722,1109,331,6163,2374,942,222,59,3601,71,34,106,3705,1363,314,5386,1272,800,142,46,2267,58,27,90,2356,2212,293,4865,414,363,60,22,863,6,3,12,872,2728,275,3872,116,159,31,11,323,4,0,8,328,2358,242,2926,58,63,10,16,149,3,0,3,149,4267,610,5020,24092,11110,1978,868,38048,1563,672,2240,40287,22478,4581,67345,379,1206,62,69,1721,179,203,381,2101,2119,330,4548,1706,967,115,72,2866,342,116,455,3327,918,407,4654
407,39854,730,937,1661,41523,35148,4985,81655,1392,3175,233,189,4988,392,438,837,5827,4700,419,10939,3648,1657,247,182,5734,544,150,696,6427,1435,337,8199,3945,1598,379,158,6076,338,106,452,6530,1735,361,8627,3825,1985,376,142,6332,261,133,395,6722,1845,318,8882,4370,2573,388,137,7462,270,116,384,7848,1918,432,10202,5750,2960,374,169,9253,342,145,488,9741,1877,455,12071,5995,3015,391,173,9574,297,137,435,10004,1972,475,12446,6063,2989,494,150,9689,263,130,387,10084,2298,463,12847,4993,2665,490,107,8259,226,140,362,8619,3435,463,12523,3198,2441,418,123,6173,121,100,221,6391,6199,574,13165,1041,1238,163,61,2505,13,19,31,2539,7602,478,10620,342,521,78,42,977,3,11,15,998,6901,483,8378,198,262,48,55,558,3,6,11,567,13303,1577,15446,44757,27066,4085,1679,77593,3071,1640,4709,82306,55215,6826,144346,1107,3057,164,131,4459,301,445,747,5205,4614,507,10327,3501,2114,227,140,5984,492,206,696,6683,1519,526,8728
497,0,0,0,0,0,0,0,0,0,0,0,0,0,0,0,0,0,0,0,0,0,0,0,0,0,0,0,0,0,0,0,0,3,0,0,0,3,0,0,0,3,0,0,3,0,0,0,0,0,0,0,0,0,0,0,0,0,0,0,0,0,0,0,0,0,0,0,0,0,0,0,0,0,0,0,0,0,0,0,0,0,0,0,0,0,0,0,0,0,0,0,0,0,0,0,0,0,0,0,0,0,0,0,0,0,0,0,0,0,0,0,0,0,0,0,0,0,0,0,0,0,0,0,0,0,0,0,0,0,0,0,0,0,0,0,0,0,0,0,0,0,0,0,0,0,0,0,0,0,0,0,0,0,0,0,0,0,0,0,0,0,0,0,0,4,0,0,0,4,0,0,0,4,0,0,4,0,0,0,0,0,0,0,0,0,0,0,0,0,0,0,0,0,0,0,0,0,0,0,0
499,311,56,60,113,423,613,273,1306,13,21,0,0,37,22,11,27,66,60,14,145,59,51,6,6,119,33,13,42,155,98,29,283,106,41,14,0,160,32,8,35,196,73,35,308,92,30,11,3,130,26,9,33,161,82,41,286,61,36,7,4,113,24,5,25,140,75,32,253,63,21,11,0,94,10,3,15,110,77,37,225,44,18,13,4,76,21,10,27,102,64,41,213,49,16,3,3,72,21,4,22,93,103,49,246,41,28,6,0,70,11,3,18,83,104,35,224,10,14,5,0,30,3,4,7,34,139,29,206,3,0,0,0,11,0,0,0,11,109,12,135,0,0,0,0,0,0,0,0,0,80,16,92,0,0,5,0,3,0,0,0,3,126,27,160,540,277,74,25,910,196,55,254,1161,1193,409,2766,6,17,0,0,22,14,13,32,55,90,31,170,39,42,6,0,88,41,8,55,144,74,47,262
501,42292,746,1102,1847,44134,29502,4598,78232,1966,2783,262,196,5217,386,311,701,5914,3946,479,10331,3862,1445,272,138,5722,381,123,504,6227,1239,492,7957,4278,1515,337,127,6255,276,110,383,6642,1607,565,8810,4309,1955,400,165,6829,223,134,356,7182,1839,553,9582,4814,2554,410,162,7940,210,137,349,8287,1931,598,10818,5709,2941,449,190,9287,220,158,378,9660,1628,628,11916,5876,2660,440,182,9159,190,100,292,9454,1526,603,11581,5677,2631,498,148,8959,170,68,243,9200,1698,568,11462,4243,2340,499,108,7193,156,64,225,7414,2578,488,10485,2363,1870,370,79,4687,88,66,158,4842,4312,485,9640,686,804,144,41,1678,14,23,37,1714,5104,339,7159,186,327,49,22,582,4,4,7,589,4431,325,5355,85,202,36,40,363,0,4,8,368,7948,994,9308,44074,24012,4166,1608,73856,2324,1309,3639,77493,39794,7110,124401,1281,3158,183,148,4763,347,514,864,5626,4547,695,10870,3424,1712,209,138,5483,514,193,703,6191,1268,554,8015
502,21005,672,846,1515,22518,21130,2648,46298,854,1595,102,82,2643,277,230,504,3144,2034,318,5498,1882,929,152,102,3062,280,68,344,3412,736,307,4457,1977,650,159,86,2873,202,71,274,3138,923,280,4344,1716,769,154,69,2701,151,74,218,2919,978,276,4174,2161,962,188,87,3396,149,74,220,3616,959,324,4900,2438,1177,161,66,3851,139,95,231,4080,874,345,5299,2690,1162,221,68,4144,148,52,202,4343,879,304,5523,2504,1097,232,84,3913,112,61,170,4083,1034,309,5427,1908,977,241,62,3185,96,47,141,3331,1565,327,5216,1139,902,155,40,2237,70,50,122,2360,3131,291,5786,306,448,62,18,836,7,16,26,857,3956,280,5101,74,178,19,11,286,3,0,5,291,3853,275,4420,15,58,8,5,89,0,3,3,86,6280,990,7354,19661,10909,1856,773,33200,1634,836,2467,35664,27214,4626,67502,501,1711,72,52,2341,329,462,791,3130,2405,290,5820,1809,1291,115,75,3282,445,166,609,3893,917,315,5128
503,48215,837,1299,2138,50351,24704,3854,78909,511,2681,204,84,3472,83,442,525,3994,4792,494,9285,4470,4229,421,157,9281,272,459,730,10013,2810,1146,13969,8954,2421,423,142,11943,335,181,510,12455,1738,1661,15849,6995,1822,426,91,9340,229,110,339,9674,1524,1235,12437,5543,1891,381,97,7911,164,90,254,8162,1683,799,10645,5640,2427,307,112,8482,174,92,267,8748,1572,764,11082,5682,2306,289,91,8369,162,88,252,8619,1410,605,10638,5649,2049,282,91,8074,143,73,218,8292,1453,617,10364,4349,1949,309,76,6681,114,67,175,6861,1780,656,9298,2720,1685,262,63,4735,69,57,133,4863,2800,516,8179,937,1071,99,33,2136,15,16,27,2166,3389,392,5943,252,527,48,20,844,5,7,11,854,3366,310,4532,81,321,29,25,462,0,4,6,465,8582,1247,10296,51792,25384,3478,1073,81724,1759,1693,3451,85173,36899,10438,132512,206,2650,134,97,3082,84,719,801,3881,5099,467,9448,3205,4476,231,180,8090,358,700,1055,9139,3084,1121,13352
504,66763,1541,2105,3644,70404,37352,4998,112749,2322,4154,245,272,6995,496,534,1030,8025,6187,741,14948,6812,3273,348,339,10773,601,320,919,11692,2453,832,14981,8511,2351,489,242,11592,388,195,581,12168,2500,925,15602,7730,2700,581,199,11210,298,209,505,11719,2799,836,15354,8254,3272,515,265,12315,312,171,485,12805,2813,860,16478,8769,3708,503,270,13253,293,179,467,13723,2434,890,17048,8944,3354,526,244,13068,271,146,419,13488,2143,792,16414,7874,2890,540,204,11508,209,121,331,11840,2235,788,14856,6201,2531,431,154,9311,178,85,257,9570,2854,629,13048,3653,2263,357,115,6391,128,93,223,6614,4508,612,11727,1086,1085,112,53,2339,14,22,42,2378,5500,480,8354,191,366,32,15,608,3,7,14,619,5219,448,6289,69,143,16,26,258,0,7,8,264,9720,1178,11164,70410,32099,4705,2402,109612,3196,2087,5285,114897,51356,10016,176270,1211,4415,164,141,5934,545,1208,1754,7687,7055,704,15437,5962,4633,322,280,11195,1022,592,1620,12811,2713,1012,16533
505,144065,2735,4642,7375,151443,79091,9464,239995,4285,10392,614,515,15810,885,1472,2358,18164,13920,1463,33541,15053,8662,1000,672,25383,1103,737,1842,27220,4945,1923,34094,20435,5674,1222,523,27849,873,405,1281,29126,4642,2291,36062,17608,5939,1445,431,25416,641,367,1005,26424,5235,1858,33523,17930,7711,1297,495,27434,574,423,995,28427,5689,1794,35914,19104,8616,1046,500,29262,596,428,1024,30286,4990,1692,36968,18895,7847,1015,468,28229,578,301,877,29104,4173,1515,34788,17050,6660,1093,373,25178,510,254,759,25940,4209,1332,31481,13078,5855,947,311,20189,358,185,542,20732,5834,1156,27719,7636,5281,794,201,13914,221,182,403,14315,9566,1056,24942,2098,2406,313,101,4922,38,60,100,5021,11562,848,17439,369,867,63,32,1327,10,23,31,1357,11385,788,13531,102,384,39,33,557,0,14,17,581,22405,2787,25772,153646,76288,10887,4657,245475,6398,4841,11239,256710,108548,20507,385765,2275,10598,442,299,13616,982,2898,3881,17498,15149,1327,33969,11976,11234,675,550,24435,1767,1382,3151,27587,5213,1795,34598
506,122205,3151,4496,7648,129852,74825,10533,215211,4354,8095,494,452,13391,855,1337,2192,15579,12955,1542,30073,14344,8540,924,698,24507,1281,1119,2396,26902,7482,2415,36798,19528,5621,1072,523,26737,960,469,1428,28164,5548,2359,36071,16706,5277,1174,448,23606,670,394,1062,24668,5491,2003,32160,15127,5766,966,464,22315,589,388,978,23294,5366,1793,30455,15762,6220,846,475,23303,581,340,924,24229,4500,1667,30401,15863,5720,862,417,22853,510,253,769,23621,3854,1554,29031,14675,5349,899,337,21263,470,217,685,21949,4222,1371,27543,11811,4898,941,310,17954,369,167,541,18494,5528,1312,25334,7442,4472,694,234,12843,220,157,382,13230,8814,1156,23200,1999,2104,243,85,4429,31,57,86,4517,10602,847,15968,371,751,61,39,1228,15,23,39,1266,10177,827,12266,118,307,42,42,517,3,12,17,529,19837,2671,23039,138095,63121,9205,4526,214945,6552,4941,11494,226439,104380,21516,352333,2202,8272,308,290,11071,877,2468,3348,14420,14503,1315,30240,11529,10662,696,547,23431,1881,1818,3697,27132,7704,2224,37060
507,106804,2226,3782,6003,112808,62489,8008,183300,3386,7165,477,453,11475,823,1150,1972,13446,9819,1135,24404,10766,5958,711,458,17900,920,587,1505,19405,4165,1317,24890,13471,3652,958,349,18421,624,347,975,19402,3657,1355,24411,12286,4095,977,298,17660,508,283,797,18452,4051,1245,23752,12635,5267,901,385,19189,468,302,771,19959,4256,1294,25511,13695,5888,815,344,20741,482,346,833,21573,3806,1344,26722,13617,5494,888,361,20356,458,230,686,21044,3278,1150,25476,12428,4789,829,281,18326,365,176,541,18871,3559,1034,23461,9297,4107,711,216,14340,280,163,446,14783,4825,920,20529,5297,3458,516,157,9432,177,108,283,9716,7651,820,18188,1448,1749,205,71,3479,39,52,91,3572,9175,666,13406,257,582,59,31,931,7,20,22,955,8814,656,10425,82,260,39,36,417,4,4,14,429,18465,2018,20912,108651,52481,8100,3439,172671,5150,3772,8929,181599,85521,14952,282072,1835,7807,322,204,10160,859,2063,2926,13084,10917,1209,25209,9270,7773,591,432,18062,1502,980,2483,20551,4473,1745,26764
509,28844,492,627,1121,29961,21124,4811,55894,1353,1591,132,122,3200,272,187,462,3658,3339,393,7390,2701,896,198,113,3908,273,89,369,4273,1207,391,5867,3091,1024,260,107,4484,167,86,252,4731,1314,378,6429,2957,1335,287,94,4679,161,80,240,4923,1505,358,6783,3571,1823,301,124,5821,213,89,301,6120,1437,455,8009,4435,2106,373,156,7060,203,99,298,7364,1336,512,9209,4917,2082,372,135,7499,173,77,249,7748,1348,481,9572,4888,2113,413,166,7582,185,65,248,7834,1627,538,10003,4182,1840,414,89,6523,135,75,212,6732,2243,439,9411,2663,1693,343,107,4802,86,70,157,4959,3653,435,9047,998,892,177,60,2132,14,23,40,2173,4285,319,6775,398,459,92,35,982,9,11,12,993,4034,305,5325,244,286,52,38,611,8,4,8,620,7336,839,8798,36397,18133,3397,1352,59276,1892,955,2847,62124,34654,5850,102626,1001,1640,85,97,2822,257,227,478,3305,3453,534,7292,2600,1092,145,95,3939,299,100,402,4335,1146,468,5951
510,18436,426,389,816,19251,7614,4917,31785,1022,633,77,98,1828,170,90,267,2090,1985,737,4808,3589,634,202,143,4567,207,74,278,4848,1406,1386,7633,5573,831,415,164,6982,174,62,239,7219,1608,1899,10725,4621,972,402,148,6135,125,51,184,6316,1525,1526,9368,4575,1018,359,118,6067,138,52,188,6254,1342,1530,9126,4327,927,307,119,5685,110,50,164,5848,1062,1446,8357,4005,671,252,107,5035,92,35,129,5164,807,1283,7256,3751,578,285,104,4717,86,20,105,4818,736,1112,6670,2575,449,207,67,3293,41,20,65,3361,736,781,4875,1313,264,108,49,1739,24,6,34,1769,731,466,2972,347,131,32,11,525,6,6,4,536,650,194,1384,67,53,11,12,145,0,0,4,151,433,111,692,26,19,3,5,55,0,0,0,56,587,120,762,35793,7175,2665,1147,46775,1193,464,1662,48437,13603,12585,74618,522,743,47,56,1374,185,129,315,1688,2197,501,4381,2390,614,140,124,3265,332,95,423,3685,1191,844,5724
511,25355,475,531,1008,26362,14463,5086,45919,1711,1613,181,148,3651,294,199,498,4148,2934,610,7694,3872,934,222,155,5182,299,106,403,5585,1342,794,7716,4468,1026,312,146,5948,238,85,324,6276,1569,904,8748,3913,1224,340,127,5599,221,100,312,5913,1533,783,8229,4394,1621,353,170,6535,199,79,278,6811,1424,791,9028,4784,1706,300,143,6935,181,67,255,7190,1164,775,9124,4845,1535,340,125,6846,211,66,281,7126,1072,800,9000,4560,1421,332,143,6455,136,49,189,6647,1175,692,8510,3363,1252,305,107,5028,95,49,138,5172,1523,566,7258,1978,942,229,70,3219,72,49,116,3342,2362,491,6193,660,507,88,40,1296,14,16,32,1330,2688,355,4372,176,237,35,17,470,0,4,4,479,2433,296,3212,73,112,30,24,239,0,5,3,245,3950,618,4804,38789,14142,3069,1413,57413,1969,871,2840,60253,25160,8473,93894,967,1770,78,82,2896,263,276,543,3433,3071,668,7174,2930,994,184,104,4213,407,140,545,4756,1206,725,6689
597,29,0,0,0,29,9,19,61,3,0,0,0,3,0,0,0,3,0,0,7,23,0,5,0,30,0,0,0,30,6,3,38,62,0,3,0,67,0,0,0,65,0,14,79,48,0,3,5,61,0,0,0,61,0,11,72,46,4,0,0,48,4,0,4,55,0,12,61,31,0,4,0,37,0,0,0,37,0,3,42,28,0,6,0,29,0,0,0,30,0,6,33,31,0,0,0,33,0,0,0,33,0,3,37,14,0,0,0,15,0,0,0,15,3,5,21,12,0,0,0,11,0,0,0,11,0,0,10,0,0,0,0,0,0,0,0,0,0,0,6,0,0,0,0,0,0,0,0,0,0,0,3,0,0,0,0,0,0,0,0,0,3,0,3,293,12,18,5,328,5,0,5,333,18,65,415,0,0,0,0,0,0,0,0,0,0,0,0,11,0,0,0,14,0,0,0,14,4,6,23
599,715,94,66,160,875,967,1193,3030,28,27,0,0,57,25,10,35,95,75,61,232,218,65,20,4,311,39,18,56,364,144,107,614,339,91,33,9,480,49,14,60,545,140,142,826,252,64,25,11,348,36,15,56,404,173,151,721,196,44,28,5,264,30,13,37,300,136,143,584,188,40,21,10,256,46,14,62,318,129,120,562,184,44,26,7,261,50,3,53,312,110,120,543,166,48,22,7,242,35,5,39,284,165,106,553,132,52,17,0,202,32,8,37,243,341,112,694,83,31,16,4,134,11,15,27,158,424,62,648,22,10,5,0,36,0,4,4,40,350,46,431,0,0,0,0,7,0,0,0,7,153,21,179,0,0,0,0,5,0,0,0,3,73,34,113,1807,509,212,63,2595,351,111,469,3058,2414,1218,6691,10,18,0,3,27,16,10,26,60,54,39,153,116,61,3,12,199,42,13,59,256,130,115,503
601,58995,1522,2105,3620,62618,39154,4566,106333,1383,3743,253,159,5537,462,655,1110,6654,6632,498,13781,5009,3812,369,188,9377,742,432,1174,10556,3344,648,14548,6467,2618,474,175,9739,517,219,734,10479,2433,571,13487,5794,2768,553,131,9240,339,168,507,9745,2264,501,12512,6275,3508,505,147,10437,316,145,459,10893,2292,493,13678,6915,3681,392,181,11176,310,163,477,11647,2215,511,14375,7457,3535,411,184,11593,269,134,410,11999,2166,516,14674,7719,3433,470,186,11812,287,106,391,12208,2562,554,15317,5593,3054,459,130,9239,210,144,354,9589,3937,549,14078,3030,2419,323,89,5862,116,107,224,6082,6303,530,12914,737,1051,112,33,1930,12,32,39,1968,7157,463,9593,168,403,41,23,636,9,4,14,649,6537,458,7646,58,179,28,19,287,0,6,8,295,13596,1394,15290,56610,34216,4390,1654,96873,3576,2318,5900,102769,61448,7673,171884,843,3970,234,128,5175,354,975,1329,6509,6467,585,13566,4125,4209,333,154,8817,712,541,1254,10073,3232,734,14046
602,33297,831,1038,1869,35167,26270,3285,64723,1153,2383,195,127,3863,381,445,827,4692,4536,308,9537,3070,1872,229,131,5300,430,230,657,5955,1813,290,8057,3467,1426,249,104,5239,311,133,445,5686,1502,265,7452,3208,1565,323,111,5204,243,105,347,5554,1445,241,7238,3677,2080,262,103,6114,260,117,373,6494,1595,297,8382,4327,2409,264,113,7107,270,125,398,7505,1582,309,9398,4772,2275,273,109,7429,257,92,353,7778,1583,312,9674,4623,2342,346,112,7422,255,98,355,7775,1901,352,10040,3556,2087,292,90,6018,203,101,309,6327,2830,334,9495,2005,1612,261,71,3950,126,96,216,4163,4722,367,9257,556,718,98,36,1412,9,21,30,1443,5509,335,7288,148,278,29,13,459,0,5,5,463,4743,324,5534,80,125,12,17,240,4,6,7,245,9089,982,10323,34629,21174,2826,1130,59766,2744,1584,4324,64085,42848,4738,111667,711,2328,131,99,3267,322,538,859,4128,4165,506,8804,2740,2259,195,116,5310,526,325,846,6160,1914,580,8661
603,8247,172,237,408,8653,7370,1223,17243,248,361,32,18,657,54,54,110,760,1041,67,1868,494,263,47,36,848,92,25,117,966,294,56,1314,641,271,49,16,975,57,22,78,1060,362,51,1462,671,419,55,34,1188,60,22,84,1271,376,70,1721,858,564,67,38,1527,79,24,109,1641,490,83,2214,1066,668,87,29,1848,69,31,101,1951,536,88,2574,1099,658,82,27,1864,73,34,108,1971,594,88,2655,1205,708,126,30,2080,67,41,113,2185,704,97,2988,844,622,110,35,1604,64,42,109,1717,1096,130,2946,508,538,84,26,1153,46,48,97,1251,1712,141,3103,193,249,40,12,493,3,9,16,506,1802,127,2439,59,80,6,5,151,0,3,3,151,1311,98,1559,25,44,8,15,92,0,0,0,90,1831,182,2107,7913,5440,799,322,14472,682,363,1049,15522,12158,1279,28952,184,412,21,27,644,64,73,138,782,1059,99,1942,516,300,33,42,896,73,37,109,1004,272,94,1376
604,24425,578,704,1286,25708,21328,2787,49827,1093,1820,141,97,3144,325,306,632,3774,3329,292,7392,2502,1003,178,98,3779,380,95,477,4250,1058,236,5548,2667,992,205,81,3945,198,78,274,4222,1125,181,5529,2408,1166,223,72,3866,212,98,311,4174,1242,228,5647,2820,1589,197,95,4700,224,115,338,5036,1263,247,6546,3417,1820,200,103,5537,239,117,356,5894,1311,294,7495,3730,1841,278,119,5967,216,90,308,6272,1371,281,7928,3730,1695,310,108,5838,215,87,303,6140,1682,288,8113,2687,1529,281,76,4573,160,82,244,4813,2423,259,7491,1470,1216,202,61,2954,107,74,176,3136,3917,313,7361,389,502,56,34,981,0,15,15,993,4648,306,5950,108,195,21,13,339,0,4,4,342,4040,295,4677,60,92,19,13,193,0,3,7,199,7075,927,8207,27076,15457,2301,976,45811,2280,1161,3442,49258,34482,4145,87889,731,1897,111,86,2832,258,336,596,3427,2976,303,6701,2213,1311,150,62,3734,426,146,571,4306,1085,303,5693
697,0,0,0,0,0,0,0,0,0,0,0,0,3,0,0,0,3,0,0,0,3,0,0,4,4,0,0,0,7,0,0,10,15,0,0,0,18,0,0,0,18,3,0,15,3,0,0,0,5,0,0,0,3,0,0,11,5,0,0,0,7,0,0,0,7,0,0,8,6,0,0,0,7,0,0,0,8,0,3,20,9,0,0,0,7,0,0,0,11,0,0,13,10,0,0,0,10,0,0,0,8,5,0,12,3,0,0,0,3,0,0,0,4,0,0,11,6,0,0,0,6,0,0,0,6,3,0,11,0,0,0,0,4,0,0,0,4,0,3,7,0,0,0,0,0,0,0,0,0,4,0,0,0,0,0,0,0,0,0,0,0,0,0,0,62,5,4,5,76,10,0,10,80,18,14,109,0,0,0,0,0,0,0,0,0,0,0,0,3,4,0,0,3,0,0,0,3,0,0,7
699,133,35,29,60,194,244,122,561,0,9,0,0,12,16,6,21,33,51,12,96,11,15,4,0,32,14,3,22,52,37,17,105,35,11,6,0,52,13,0,14,62,40,16,123,15,13,5,0,28,8,0,10,40,20,21,83,20,8,0,0,31,12,5,11,42,21,16,77,24,6,4,0,36,6,0,12,48,26,16,86,25,10,0,0,41,8,0,5,48,31,14,84,19,10,4,0,31,3,4,5,34,20,6,65,9,3,0,0,17,9,0,7,23,42,5,69,6,8,3,0,13,4,0,4,17,61,10,87,0,0,0,0,6,0,0,0,6,35,9,44,0,0,0,0,3,0,0,0,3,22,0,27,0,0,0,0,0,0,0,0,0,18,4,23,173,90,23,8,299,92,20,115,416,428,137,972,0,7,0,4,14,6,8,12,23,31,4,62,12,9,0,0,25,19,5,20,40,29,20,91
701,36467,750,729,1477,37943,12770,4591,55301,1442,1838,101,139,3523,218,255,480,4000,3138,891,8023,4873,1283,409,184,6751,274,110,384,7132,1284,1049,9459,6091,1278,535,182,8085,212,78,288,8370,1400,1260,11038,5504,1322,461,154,7439,164,64,228,7671,1356,1000,10023,5407,1369,422,182,7376,156,83,236,7609,1242,1013,9863,5500,1391,327,161,7377,145,42,184,7562,1064,1053,9683,5235,1116,311,143,6809,138,54,186,6995,944,905,8846,4784,1019,319,116,6229,98,31,128,6359,951,849,8157,3630,864,237,92,4833,86,24,111,4942,1219,714,6876,2146,764,190,52,3154,56,24,82,3235,1776,599,5608,619,362,72,31,1086,11,13,23,1107,1843,340,3290,144,143,18,7,306,3,11,9,317,1511,247,2073,33,41,6,6,87,3,0,8,96,1841,330,2263,45396,12788,3406,1453,63043,1570,786,2354,65396,19558,10250,95208,968,2019,103,119,3202,207,344,549,3749,3156,688,7600,4541,1692,284,227,6739,343,158,500,7238,1199,1111,9552
702,15781,944,485,1432,17207,14099,3306,34608,743,839,94,118,1793,298,146,445,2246,3843,675,6757,2191,792,154,175,3312,433,123,558,3865,2628,725,7220,2999,932,233,165,4324,338,127,465,4794,2344,801,7940,2743,936,235,161,4078,310,90,401,4476,1986,695,7158,2696,1025,211,122,4054,267,86,353,4404,1759,667,6828,2876,888,177,108,4055,223,58,278,4330,1519,681,6535,2830,760,201,104,3893,161,41,200,4090,1162,579,5829,2684,685,197,111,3679,113,40,160,3836,1114,505,5458,2161,482,169,71,2886,69,25,95,2979,1122,428,4523,1238,375,114,43,1769,37,20,51,1830,1159,308,3295,397,149,36,28,608,10,9,16,621,995,216,1834,112,83,22,9,225,8,0,9,232,761,152,1140,32,44,6,12,96,3,0,6,103,932,212,1245,23705,7982,1850,1228,34770,2273,767,3039,37807,21316,6636,65759,506,666,45,84,1305,393,109,502,1811,3695,936,6439,1816,517,84,131,2548,580,129,713,3257,2579,1072,6903
797,3,0,0,0,3,4,0,11,0,0,0,0,0,0,0,0,4,0,0,4,10,0,0,0,13,0,0,0,13,4,3,16,13,0,0,0,14,0,0,0,18,0,0,16,14,0,0,0,20,0,0,0,20,0,0,17,8,0,0,0,8,0,0,0,8,3,0,9,3,0,0,3,6,0,0,0,6,0,0,12,4,0,0,0,5,0,0,0,5,0,0,9,6,0,0,0,4,0,0,0,4,0,0,4,0,0,0,0,0,0,0,0,0,0,0,3,7,0,0,0,5,0,0,0,5,0,0,6,0,0,0,0,4,0,0,0,4,0,0,3,0,0,0,0,0,0,0,0,0,0,0,0,0,0,0,0,0,0,0,0,0,0,0,0,65,5,3,10,80,0,0,0,86,11,13,105,0,0,0,0,0,0,0,0,0,0,0,0,0,0,0,0,0,0,0,0,0,4,0,4
799,259,34,22,58,320,605,558,1486,7,0,3,0,12,0,3,3,15,13,8,32,66,19,6,3,90,5,3,7,93,27,18,143,75,21,12,4,114,13,5,17,133,49,39,224,48,4,10,6,73,9,0,12,81,49,16,144,33,6,10,0,52,6,0,8,59,46,20,128,17,6,7,0,40,5,0,9,47,43,14,108,27,12,11,0,49,7,0,6,57,38,24,118,29,13,11,3,52,3,0,6,60,73,24,156,41,14,12,0,61,7,10,13,78,117,36,225,22,8,0,0,37,6,4,12,41,138,29,217,3,0,0,3,4,0,0,4,11,133,10,160,0,3,0,0,3,0,0,0,3,55,8,67,0,0,0,0,0,0,0,0,0,23,0,22,379,102,80,20,587,60,33,92,679,803,248,1727,19,0,0,0,17,0,0,0,19,10,4,31,55,10,0,3,75,7,3,10,82,37,66,188
801,122843,1787,2715,4502,127343,55007,7382,189730,2840,7765,540,349,11485,406,1271,1677,13166,9803,972,23937,12970,7811,878,433,22080,631,914,1541,23621,5262,1786,30662,19260,4096,1171,356,24884,514,297,811,25698,3251,1501,30448,16391,4401,1570,298,22654,397,224,618,23277,3190,1175,27644,15664,5064,1247,278,22245,346,233,585,22829,3059,1010,26902,15825,4882,958,284,21952,342,148,488,22443,2519,954,25917,15810,4122,810,302,21043,325,143,465,21506,2232,835,24571,14921,3570,921,239,19640,276,123,398,20038,2562,757,23352,10399,3446,861,159,14868,179,124,300,15174,4518,679,20371,5837,3199,603,122,9766,126,118,243,10007,7768,573,18350,1537,1700,235,47,3518,24,66,89,3613,8522,526,12659,317,620,75,19,1030,9,18,23,1061,7459,471,8985,111,278,30,27,441,3,11,15,457,14564,1467,16488,131870,50948,9893,2911,195620,3573,3686,7263,202878,74707,12718,290305,2015,7980,412,333,10732,378,1957,2336,13069,10445,961,24472,10831,8875,666,534,20910,800,1117,1919,22828,6766,1765,31354
897,0,0,0,0,0,0,0,0,0,0,0,0,0,0,0,0,0,0,0,0,0,0,0,0,0,0,0,0,0,0,0,0,0,0,0,0,0,0,0,0,0,0,0,0,0,0,0,0,0,0,0,0,0,0,0,0,0,0,0,0,0,0,0,0,0,0,0,0,0,0,0,0,0,0,0,0,0,0,0,0,0,0,0,0,0,0,0,0,0,0,0,0,0,0,0,0,0,0,0,0,0,0,0,0,0,0,0,0,0,0,0,0,0,0,0,0,0,0,0,0,0,0,0,0,0,0,0,0,0,0,0,0,0,0,0,0,0,0,0,0,0,0,0,0,0,0,0,0,0,0,0,0,0,0,0,0,0,0,0,0,0,0,0,0,0,0,0,0,0,0,0,0,0,0,0,0,0,0,0,0,0,0,0,0,0,0,0,0,0,0,0,0,0,0,0,0,0,0,0,0
899,111,10,3,21,129,88,35,249,4,10,0,0,13,4,11,17,34,23,6,59,19,17,0,0,42,9,4,12,51,22,10,83,34,11,3,0,48,8,0,8,55,24,9,82,35,10,4,0,52,0,0,0,49,13,4,71,28,9,0,0,33,3,4,3,42,17,0,57,21,0,0,0,23,3,0,0,26,20,11,53,9,3,0,0,11,6,0,6,13,7,11,30,17,7,0,0,24,7,0,6,30,11,3,51,10,8,0,0,15,3,0,3,20,17,8,35,4,4,0,0,10,0,0,0,6,12,5,24,0,0,0,0,0,0,0,0,0,11,0,8,0,0,0,0,0,0,0,0,0,8,0,8,0,0,0,0,0,0,0,0,0,6,4,5,174,81,17,5,274,38,18,55,327,186,61,569,0,3,0,0,10,3,3,7,15,12,6,33,18,23,0,0,44,3,3,5,48,17,13,78
901,1105,11,16,28,1129,482,269,1887,35,13,0,3,54,5,4,4,61,104,4,165,78,8,0,0,93,0,0,0,94,159,8,266,78,19,4,4,107,7,0,7,115,294,11,423,69,25,9,5,107,4,0,8,118,173,7,296,78,35,4,0,112,9,6,7,123,88,16,223,97,26,6,0,136,6,0,6,139,66,20,222,118,38,10,4,169,5,0,5,171,46,7,220,98,32,4,0,139,0,0,5,142,50,5,197,100,21,9,0,124,0,0,4,129,56,11,193,76,14,0,8,93,0,0,0,94,42,7,146,8,4,0,0,20,0,0,0,16,47,3,67,10,0,0,0,10,0,0,0,10,39,0,53,0,0,0,0,0,0,0,0,0,32,6,36,843,231,48,34,1155,34,12,44,1208,1203,101,2505,21,37,3,6,73,3,3,9,82,103,19,208,71,34,10,7,118,0,0,0,118,54,23,196
997,0,0,0,0,0,0,0,0,0,0,0,0,0,0,0,0,0,0,0,0,0,0,0,0,0,0,0,0,0,0,0,0,0,0,0,0,0,0,0,0,0,0,0,0,0,0,0,0,0,0,0,0,0,0,0,0,0,0,0,0,0,0,0,0,0,0,0,0,0,0,0,0,0,0,0,0,0,0,0,0,0,0,0,0,0,0,0,0,0,0,0,0,0,0,0,0,0,0,0,0,0,0,0,0,0,0,0,0,0,0,0,0,0,0,0,0,0,0,0,0,0,0,0,0,0,0,0,0,0,0,0,0,0,0,0,0,0,0,0,0,0,0,0,0,0,0,0,0,0,0,0,0,0,0,0,0,0,0,0,0,0,0,0,0,0,0,0,0,0,0,0,0,0,0,0,0,0,0,0,0,0,0,0,0,0,0,0,0,0,0,0,0,0,0,0,0,0,0,0,0
999,6,0,0,0,4,0,0,4,0,0,0,0,0,0,0,0,0,0,0,0,8,0,0,0,7,0,0,0,7,0,0,7,3,0,0,0,9,0,0,0,9,0,0,9,0,0,0,0,0,0,0,0,0,0,0,0,0,0,0,0,0,0,0,0,0,0,0,0,0,0,0,0,0,0,0,0,0,0,0,0,0,0,0,0,0,0,0,0,0,0,0,5,4,0,0,0,4,0,0,0,4,0,0,4,0,0,0,0,0,0,0,0,0,0,0,3,0,0,0,0,0,0,0,0,0,0,0,0,0,0,0,0,0,0,0,0,0,0,0,0,0,0,0,0,0,0,0,0,0,0,0,0,0,0,0,0,0,0,0,0,0,0,0,0,22,0,0,4,22,0,0,0,22,0,0,24,0,0,0,0,0,0,0,0,0,4,0,5,0,0,0,0,0,0,0,6,3,0,3,8
