SA4_CODE_2021,C16_CF_1P1NW_150_399,C16_CF_1P1NW_400_649,C16_CF_1P1NW_650_799,C16_CF_1P1NW_800_1249,C16_CF_1P1NW_1250_1999,C16_CF_1P1NW_2000_2499,C16_CF_1P1NW_2500_2999,C16_CF_1P1NW_3000_3999,C16_CF_1P1NW_4000more,C16_CF_1P1NW_Ns,C16_CF_1P1NW_Tot,C16_CF_1A1NW_Neg_ni_inc,C16_CF_1A1NW_1_149,C16_CF_1A1NW_150_399,C16_CF_1A1NW_400_649,C16_CF_1A1NW_650_799,C16_CF_1A1NW_800_1249,C16_CF_1A1NW_1250_1999,C16_CF_1A1NW_2000_2499,C16_CF_1A1NW_2500_2999,C16_CF_1A1NW_3000_3999,C16_CF_1A1NW_4000more,C16_CF_1A1NW_Ns,C16_CF_1A1NW_Tot,C16_CF_BA_Neg_ni_inc,C16_CF_BA_1_149,C16_CF_BA_150_399,C16_CF_BA_400_649,C16_CF_BA_650_799,C16_CF_BA_800_1249,C16_CF_BA_1250_1999,C16_CF_BA_2000_2499,C16_CF_BA_2500_2999,C16_CF_BA_3000_3999,C16_CF_BA_4000more,C16_CF_BA_Ns,C16_CF_BA_Tot,C16_CF_BNW_Neg_ni_inc,C16_CF_BNW_1_149,C16_CF_BNW_150_399,C16_CF_BNW_400_649,C16_CF_BNW_650_799,C16_CF_BNW_800_1249,C16_CF_BNW_1250_1999,C16_CF_BNW_2000_2499,C16_CF_BNW_2500_2999,C16_CF_BNW_3000_3999,C16_CF_BNW_4000more,C16_CF_BNW_Ns,C16_CF_BNW_Tot,C16_CF_LFns_Neg_ni_inc,C16_CF_LFns_1_149,C16_CF_LFns_150_399,C16_CF_LFns_400_649,C16_CF_LFns_650_799,C16_CF_LFns_800_1249,C16_CF_LFns_1250_1999,C16_CF_LFns_2000_2499,C16_CF_LFns_2500_2999,C16_CF_LFns_3000_3999,C16_CF_LFns_4000more,C16_CF_LFns_Ns,C16_CF_LFns_Tot,C16_C_f_c_Tot_Fi_Neg_ni_inc,C16_C_f_c_Tot_Fi_1_149,C16_C_f_c_Tot_Fi_150_399,C16_C_f_c_Tot_Fi_400_649,C16_CF_c_Tot_Fi_650_799,C16_CF_c_Tot_Fi_800_1249,C16_CF_c_Tot_Fi_1250_1999,C16_CF_c_Tot_Fi_2000_2499,C16_CF_c_Tot_Fi_2500_2999,C16_CF_c_Tot_Fi_3000_3999,C16_CF_c_Tot_Fi_4000more,C16_C_f_with_c_TotFI_Ns,C16_C_f_with_c_Tot_Tot,C16_1PF_F_Neg_ni_inc,C16_1PF_F_1_149,C16_1PF_F_150_399,C16_1PF_F_400_649,C16_1PF_F_650_799,C16_1PF_F_800_1249,C16_1PF_F_1250_1999,C16_1PF_F_2000_2499,C16_1PF_F_2500_2999,C16_1PF_F_3000_3999,C16_1PF_F_4000more,C16_1PF_F_Ns,C16_1PF_F_Tot,C16_1PF_P_Neg_ni_inc,C16_1PF_P_1_149,C16_1PF_P_150_399,C16_1PF_P_400_649,C16_1PF_P_650_799,C16_1PF_P_800_1249,C16_1PF_P_1250_1999,C16_1PF_P_2000_2499,C16_1PF_P_2500_2999,C16_1PF_P_3000_3999,C16_1PF_P_4000more,C16_1PF_P_Ns,C16_1PF_P_Tot,C16_1PF_A_Neg_ni_inc,C16_1PF_A_1_149,C16_1PF_A_150_399,C16_1PF_A_400_649,C16_1PF_A_650_799,C16_1PF_A_800_1249,C16_1PF_A_1250_1999,C16_1PF_A_2000_2499,C16_1PF_A_2500_2999,C16_1PF_A_3000_3999,C16_1PF_A_4000more,C16_1PF_A_Ns,C16_1PF_A_Tot,C16_1PF_U_Neg_ni_inc,C16_1PF_U_1_149,C16_1PF_U_150_399,C16_1PF_U_400_649,C16_1PF_U_650_799,C16_1PF_U_800_1249,C16_1PF_U_1250_1999,C16_1PF_U_2000_2499,C16_1PF_U_2500_2999,C16_1PF_U_3000_3999,C16_1PF_U_4000more,C16_1PF_U_Ns,C16_1PF_U_Tot,C16_1PF_N_lf_Fi_Neg_ni_inc,C16_1PF_N_lf_Fi_1_149,C16_1PF_N_lf_Fi_150_399,C16_1PF_N_lf_Fi_400_649,C16_1PF_N_lf_Fi_650_799,C16_1PF_N_lf_Fi_800_1249,C16_1PF_N_lf_Fi_1250_1999,C16_1PF_N_lf_Fi_2000_2499,C16_1PF_N_lf_Fi_2500_2999,C16_1PF_N_lf_Fi_3000_3999,C16_1PF_N_lf_Fi_4000more,C16_1PF_N_lf_Fi_Ns,C16_1PF_N_the_lf_Tot,C16_1PF_LFns_Neg_ni_inc,C16_1PF_LFns_1_149,C16_1PF_LFns_150_399,C16_1PF_LFns_400_649,C16_1PF_Lfns_Fi_650_799,C16_1PF_LFns_800_1249,C16_1PF_LFns_1250_1999,C16_1PF_LFns_2000_2499,C16_1PF_LFns_2500_2999,C16_1PF_Lfns_Fi_3000_3999,C16_1PF_LFns_4000more,C16_1PF_LFns_Ns,C16_1PF_LFns_Tot,C16_1PF_TotFI_Neg_ni_inc,C16_1PF_TotFI_1_149,C16_1PF_TotFI_150_399,C16_1PF_TotFI_400_649,C16_1PF_TotFI_650_799,C16_1PF_TotFI_800_1249,C16_1PF_TotFI_1250_1999,C16_1PF_TotFI_2000_2499,C16_1PF_TotFI_2500_2999,C16_1PF_TotFI_3000_3999,C16_1PF_TotFI_4000more,C16_One_par_f_TotFI_Ns,C16_One_parent_f_Tot_Tot,C16_TotFI_Neg_ni_inc,C16_TotFI_1_149,C16_TotFI_150_399,C16_TotFI_400_649,C16_TotFI_650_799,C16_TotFI_800_1249,C16_TotFI_1250_1999,C16_TotFI_2000_2499,C16_TotFI_2500_2999,C16_TotFI_3000_3999,C16_TotFI_4000more,C16_TotFI_Ns,C16_Tot_Tot,C21_CFNC_BF_Neg_ni_inc,C21_CFNC_BF_1_149,C21_CFNC_BF_150_399,C21_CFNC_BF_400_649,C21_CFNC_BF_650_799,C21_CFNC_BF_800_1249,C21_CFNC_BF_1250_1999,C21_CFNC_BF_2000_2499,C21_CFNC_BF_2500_2999,C21_CFNC_BF_3000_3999,C21_CFNC_BF_4000more,C21_CFNC_BF_Ns,C21_CFNC_BF_Tot,C21_CFNC_BPT_Neg_ni_inc,C21_CFNC_BPT_1_149,C21_CFNC_BPT_150_399,C21_CFNC_BPT_400_649,C21_CFNC_BPT_650_799,C21_CFNC_BPT_800_1249,C21_CFNC_BPT_1250_1999
101,18,82,95,268,257,82,50,44,30,108,1031,3,4,0,12,14,46,71,33,15,18,11,33,263,0,0,0,3,0,25,42,39,35,30,34,51,261,43,13,42,165,145,420,332,116,58,46,41,203,1624,0,0,0,0,5,12,18,8,3,4,5,1325,1388,71,37,94,393,428,2180,4830,3137,2415,2954,2636,3256,22416,5,7,20,94,134,523,768,357,126,104,44,306,2496,5,14,140,469,295,478,296,56,23,25,20,193,2028,3,3,15,33,26,42,57,23,3,8,5,47,268,18,7,87,144,51,40,26,6,0,4,0,44,424,79,37,341,692,426,715,386,82,47,34,22,406,3255,0,0,8,7,8,9,8,3,0,0,3,71,114,116,66,612,1447,944,1812,1533,524,201,174,94,1066,8589,435,309,999,3706,5025,9001,11773,6324,4208,4754,3992,6669,57201,18,7,9,21,37,154,641,1011,922,1406,1356,58,5637,5,12,10,48,43,295,561
102,37,105,118,466,522,175,78,81,52,187,1827,3,0,4,12,15,83,142,65,21,37,13,78,474,3,7,0,0,0,15,63,55,42,53,33,79,338,53,25,56,219,210,685,784,241,136,94,51,374,2937,0,0,3,7,3,24,25,10,4,11,4,1821,1908,83,60,125,465,578,3266,8665,5979,4428,4642,3225,4793,36311,10,6,25,122,224,977,1502,601,232,197,52,570,4520,5,23,190,779,521,1118,683,165,51,44,25,385,3984,0,4,17,72,38,96,85,25,9,11,3,70,439,34,9,161,291,117,140,63,12,7,9,4,104,956,186,70,533,1472,893,1608,913,217,77,50,42,721,6784,6,0,0,7,6,17,15,4,4,0,0,127,182,232,112,928,2746,1801,3964,3260,1021,388,309,122,1981,16864,759,411,1395,5503,7913,13620,18779,10491,6883,6769,4541,9618,86673,0,0,0,7,6,51,459,1070,932,1377,1247,37,5194,4,11,10,35,42,206,589
103,19,71,87,263,209,69,31,22,11,88,871,4,0,4,12,13,68,59,28,7,14,18,37,270,3,5,0,3,12,29,43,34,36,20,14,36,231,40,12,45,196,197,457,323,68,40,30,16,220,1640,0,0,0,0,3,11,23,11,3,4,4,1139,1203,69,30,113,418,489,2260,4865,3188,2344,2472,1711,3010,20981,4,6,26,96,165,565,673,277,79,74,26,279,2269,0,17,138,487,279,442,238,57,7,11,3,161,1839,0,0,20,36,24,47,38,19,0,5,0,39,226,16,13,131,206,66,57,21,0,0,5,0,64,579,79,41,413,914,594,797,388,79,31,22,11,448,3823,0,3,5,8,9,17,4,6,0,0,0,95,146,98,83,733,1741,1142,1926,1362,434,122,116,41,1088,8878,435,318,1098,3788,4841,8113,10681,5886,3730,3763,2609,6088,51352,30,8,4,33,50,149,627,997,886,1095,835,67,4773,12,6,8,35,53,211,374
104,15,75,83,244,252,47,28,19,10,91,858,0,0,4,8,6,42,46,15,7,8,0,31,165,0,0,0,0,0,8,24,14,10,16,5,21,100,35,20,36,136,146,391,322,68,30,23,18,178,1392,3,0,4,8,0,12,10,3,7,3,0,714,758,54,31,67,312,407,1814,3493,1815,1157,1112,582,1807,12655,0,4,16,82,121,410,458,136,41,28,10,181,1484,3,12,93,385,289,446,215,42,6,9,6,168,1677,0,0,3,35,19,33,28,7,7,5,0,26,155,13,8,80,163,49,67,13,0,0,0,0,49,439,61,32,269,693,447,720,292,58,18,14,15,332,2961,0,0,0,9,3,4,7,0,0,0,0,53,88,83,54,466,1356,926,1685,1017,247,72,56,35,814,6805,305,198,712,3151,4429,7047,7954,3413,1955,1684,976,4003,35829,11,8,0,7,16,77,407,579,417,473,320,24,2340,0,4,4,30,43,229,363
105,9,33,37,138,98,25,10,13,9,47,425,0,0,0,6,5,29,47,13,5,4,5,21,135,0,0,0,0,5,8,21,21,10,14,11,28,112,10,11,17,124,124,257,180,33,16,10,8,149,935,0,0,0,3,0,8,15,0,3,0,0,736,765,35,26,53,254,284,1217,2423,1416,1118,1090,653,1885,10459,3,4,10,58,102,347,402,160,45,51,13,189,1379,4,0,70,281,160,314,124,26,12,5,3,108,1106,0,0,6,34,18,36,31,4,4,0,5,28,169,9,16,91,129,47,57,18,0,3,3,0,47,430,53,29,288,665,343,519,223,61,17,14,13,350,2574,0,0,4,9,0,9,3,0,0,0,0,99,127,69,50,474,1174,683,1282,799,253,75,77,31,822,5786,255,164,658,2301,2757,4463,5524,2905,1913,1786,1114,3937,27783,43,7,5,27,32,108,409,626,481,589,409,46,2788,0,9,0,8,26,79,188
106,30,95,101,363,391,130,54,39,34,147,1405,0,0,6,13,17,78,100,67,30,36,16,51,408,0,0,0,0,4,14,53,39,34,45,45,61,297,40,11,56,200,269,692,581,174,93,74,38,276,2507,0,0,0,5,3,14,16,19,5,5,0,1692,1755,77,24,123,435,563,2766,6859,4739,3599,3532,2725,4022,29471,5,0,22,100,183,765,988,386,131,112,44,330,3056,10,19,176,617,482,715,382,73,21,13,10,272,2787,5,6,9,62,50,66,64,24,5,9,0,50,351,37,17,151,316,122,100,42,6,0,3,0,74,865,128,49,533,1243,737,1152,598,93,49,37,16,531,5159,5,0,4,5,5,13,4,5,0,0,0,81,128,185,94,898,2337,1572,2807,2082,586,215,171,77,1331,12349,571,345,1303,4852,6405,10698,14632,8384,5543,5218,3827,7726,69513,15,8,0,21,23,69,602,1294,1057,1468,1002,52,5597,5,8,7,41,63,240,487
107,24,125,149,412,441,175,113,107,56,153,1778,5,0,5,13,14,80,91,50,29,42,24,65,420,4,0,0,0,0,6,50,32,48,54,37,51,287,78,20,70,318,267,773,898,292,138,123,71,395,3456,3,0,3,3,0,16,17,10,8,0,0,1677,1738,111,42,132,586,642,2840,7357,5463,4416,4922,3963,4277,34746,9,8,15,92,180,743,1195,525,210,162,89,426,3648,6,16,129,584,457,837,505,153,49,36,13,266,3056,3,4,17,38,36,60,68,28,7,11,3,57,330,23,17,133,246,53,95,58,5,0,5,0,82,719,138,61,500,1204,757,1262,777,195,94,49,40,614,5686,0,0,5,10,7,15,9,0,0,0,0,74,122,181,105,796,2179,1503,3006,2607,905,366,258,145,1520,13579,708,422,1249,4917,6711,10932,15439,9367,6711,7026,5291,8183,76958,3,0,0,9,7,26,337,818,970,1596,1289,18,5066,3,9,0,15,20,187,427
108,20,113,114,448,350,81,32,16,12,111,1306,0,0,3,7,18,74,88,23,8,4,8,37,277,0,0,0,4,0,25,41,27,28,14,9,33,185,34,16,45,201,277,695,528,125,45,22,20,290,2299,4,0,0,4,4,23,18,8,4,5,3,974,1048,63,32,83,445,606,2778,5035,2590,1676,1375,822,2582,18089,5,0,23,71,143,580,631,166,55,42,17,283,2023,10,21,149,561,400,624,336,41,10,9,4,249,2422,5,0,20,48,28,43,41,10,0,4,0,53,248,20,16,117,244,68,87,29,3,0,4,4,67,657,76,40,471,1180,724,1192,466,95,31,30,18,553,4883,0,0,12,14,9,14,5,0,6,3,0,92,150,110,78,784,2121,1365,2550,1500,318,102,95,48,1308,10373,506,371,1204,5190,8102,11551,11994,4869,2821,2243,1489,6352,56692,14,10,3,27,36,133,583,856,550,629,470,39,3343,4,6,6,46,81,320,612
109,9,57,37,142,136,40,8,11,8,53,511,0,0,0,6,10,25,35,14,4,3,3,22,125,0,0,0,0,0,11,27,21,11,21,10,19,116,27,9,11,94,87,216,167,33,26,11,7,84,769,0,0,0,4,0,9,15,10,8,4,0,660,700,47,20,44,249,267,1333,2953,1788,1185,1136,674,1657,11357,0,3,9,45,87,313,339,120,40,30,19,144,1151,0,9,92,273,161,277,139,24,12,10,6,109,1110,4,0,5,21,15,34,31,7,3,4,0,25,156,8,11,60,107,30,38,17,0,0,4,0,24,290,36,21,198,457,242,376,187,25,14,8,7,206,1782,0,0,0,5,4,0,5,0,0,0,0,40,63,47,46,362,909,541,1048,707,184,72,55,28,552,4547,262,188,552,2137,2826,4933,6550,3343,2029,1743,1108,3552,29233,17,7,0,15,18,92,434,672,514,544,354,49,2715,7,9,3,23,26,123,249
110,14,74,63,246,177,55,12,12,7,69,736,0,0,3,13,9,48,61,15,14,6,0,29,196,0,0,4,3,0,14,43,23,18,26,7,55,194,35,23,40,200,190,374,295,71,32,23,18,189,1488,3,0,3,0,3,14,19,9,0,0,6,1041,1100,84,59,86,427,455,2154,4476,2559,1664,1646,1045,2715,17364,6,4,22,91,150,532,598,168,68,36,20,277,1980,0,11,126,420,271,430,221,43,16,12,3,144,1694,3,0,12,45,33,44,36,4,0,5,6,33,227,17,20,123,223,63,45,28,0,0,0,0,69,584,79,45,457,870,532,772,376,55,22,20,22,416,3668,0,0,5,5,3,11,8,0,0,0,0,97,127,103,82,749,1649,1051,1836,1258,275,107,78,46,1031,8281,440,268,1050,3638,4568,7613,9910,4876,2857,2622,1757,5620,45226,68,12,13,33,44,183,791,1078,740,855,653,65,4540,11,4,6,40,61,204,357
111,27,108,149,473,496,204,127,78,79,188,1931,0,0,7,15,15,72,119,59,25,37,28,61,435,0,0,0,0,3,12,56,53,42,50,31,54,313,64,34,74,269,286,826,908,305,138,133,60,380,3478,0,0,0,3,8,15,27,4,3,7,5,2170,2237,95,56,124,501,663,3210,8437,6245,5194,5733,4519,4946,39727,10,7,20,104,230,1034,1613,607,250,192,85,497,4646,6,19,185,736,577,1106,687,173,70,40,16,330,3938,5,0,19,54,50,85,72,28,12,11,9,73,423,39,23,190,330,97,128,57,4,0,7,0,83,956,145,57,554,1541,974,1659,975,223,71,40,49,688,6972,0,0,6,7,12,13,13,3,0,0,0,118,173,205,104,974,2773,1935,4019,3420,1037,400,284,161,1791,17103,668,389,1472,5642,8223,14050,19432,11589,8361,8489,6352,9744,94402,7,0,6,4,8,60,574,1636,1522,2283,1748,27,7868,4,3,6,33,64,327,744
112,24,116,172,494,427,100,56,38,33,168,1636,0,0,0,13,12,64,70,28,9,16,14,36,267,0,0,0,4,0,12,67,38,26,12,15,37,217,43,5,54,206,201,587,544,156,51,45,28,248,2171,0,3,3,0,3,18,22,11,0,4,3,1290,1363,76,29,118,489,641,3032,6082,3414,2190,2031,1373,3117,22584,0,5,17,103,175,740,869,268,107,56,24,299,2677,8,14,183,800,498,792,473,92,12,18,14,352,3265,0,3,21,70,34,63,59,9,6,3,5,57,326,21,16,120,248,76,78,40,0,3,0,0,74,681,93,49,403,1109,709,1161,539,111,39,33,15,554,4802,0,0,5,9,12,7,0,0,0,0,0,97,138,131,88,753,2342,1498,2838,1990,486,164,109,54,1437,11890,467,320,1142,4912,6764,11531,13973,6423,3640,3125,2208,6885,61400,10,4,6,21,42,114,619,927,686,766,646,37,3882,7,11,0,45,73,364,720
113,15,56,55,172,157,49,19,19,5,42,598,3,3,3,7,9,36,49,22,9,3,5,21,159,3,0,0,4,0,10,37,15,28,19,13,29,154,33,12,33,143,125,293,234,84,26,14,18,136,1152,0,0,0,5,7,14,9,9,4,8,5,888,951,57,27,67,291,358,1752,4089,2620,1801,1713,1039,2377,16190,8,6,8,68,119,453,587,177,83,48,26,235,1818,0,5,79,347,204,338,197,29,9,6,0,117,1333,0,4,12,29,11,29,21,13,0,3,3,23,152,14,7,67,128,28,44,26,6,0,4,0,18,338,55,26,301,641,330,554,277,61,17,25,16,303,2595,0,0,0,3,4,12,6,0,0,3,0,85,121,79,46,468,1214,696,1438,1112,280,114,100,47,782,6356,343,191,693,2623,3289,6018,8839,4756,2894,2624,1641,4783,38688,19,0,3,24,19,115,659,979,720,815,508,52,3909,6,0,8,23,31,179,310
114,13,65,71,209,213,75,24,30,16,65,792,0,0,7,6,12,31,45,21,9,9,7,33,161,0,0,0,0,0,13,25,25,15,7,10,36,133,17,5,29,111,140,347,334,84,43,27,29,177,1357,0,0,0,5,0,10,15,9,4,0,6,836,893,30,20,66,263,357,1657,3548,2064,1403,1371,1018,2104,13903,0,0,8,45,116,383,435,165,50,37,27,193,1460,3,3,100,317,227,428,227,60,14,12,9,186,1589,5,4,9,25,15,36,22,7,0,4,0,25,161,17,7,50,114,33,56,14,0,0,0,0,12,307,59,36,263,621,381,627,274,71,26,16,19,351,2732,0,0,3,0,8,7,6,3,0,0,0,45,77,92,49,436,1121,777,1532,982,310,96,67,53,813,6327,381,240,738,2962,4556,7128,8424,3981,2385,2241,1749,4674,39462,0,3,0,10,15,50,335,545,457,599,519,9,2541,3,0,5,30,50,206,399
115,38,83,81,227,336,152,106,154,142,152,1480,7,3,0,11,0,43,60,33,20,32,38,58,308,0,0,0,0,0,6,34,30,27,36,51,72,262,76,18,54,131,111,284,437,267,168,181,150,246,2122,0,0,0,0,9,13,12,3,12,14,12,1778,1844,123,47,121,348,350,1738,4920,4699,4232,6885,9072,4520,37065,5,0,9,42,73,348,692,447,197,281,197,289,2583,12,16,65,177,131,319,293,108,63,44,21,143,1373,0,5,0,19,11,19,30,21,6,10,3,19,137,24,7,36,48,14,36,23,10,5,3,5,25,228,136,37,153,251,166,361,385,148,91,77,49,216,2062,0,0,0,0,0,3,4,0,0,0,0,40,52,178,64,264,536,393,1084,1427,729,362,412,269,718,6439,897,348,603,1942,2363,5759,9794,7553,6128,9115,11161,6661,62323,6,3,0,4,0,35,151,424,605,1197,1754,32,4200,0,3,4,15,20,121,261
116,86,278,233,637,631,252,105,126,48,186,2597,8,0,13,40,23,133,167,74,33,43,21,106,649,0,0,0,4,6,21,74,58,53,63,48,79,404,193,66,152,481,376,882,1136,459,238,215,111,548,4861,6,0,6,9,8,27,40,25,11,10,12,1953,2091,250,91,293,1102,1104,4769,11001,8327,6036,6969,4572,5028,49551,5,5,16,104,249,1007,1496,696,335,294,122,413,4735,5,11,137,470,339,625,456,145,88,38,11,216,2545,4,6,14,38,34,83,86,36,13,18,7,72,411,56,24,169,248,102,146,86,28,16,12,0,75,952,233,75,703,1442,859,1440,1066,313,150,87,67,760,7199,0,0,8,8,12,16,12,5,0,9,0,157,224,299,123,1041,2320,1592,3323,3198,1217,603,447,203,1693,16068,1376,424,1651,5061,5465,11361,18598,12463,8452,9022,5572,8303,87750,5,0,0,0,3,24,386,1032,1110,1682,1359,45,5647,3,0,0,18,28,131,300
117,30,133,85,220,245,91,43,71,61,67,1045,7,0,3,6,12,27,32,25,10,25,29,37,216,0,0,0,0,4,3,20,16,22,42,55,25,188,84,30,57,148,135,319,408,178,84,104,73,191,1809,0,0,0,0,0,13,10,7,3,3,0,1117,1168,110,40,105,380,395,1451,2988,2398,2053,3422,4991,2244,20591,0,5,13,55,89,393,741,428,154,287,155,241,2572,0,11,92,216,151,326,289,93,33,60,32,121,1426,0,0,6,12,16,31,38,16,11,13,3,37,189,23,13,61,88,26,49,31,10,12,9,3,27,359,179,56,304,580,318,669,524,173,89,61,54,391,3408,0,0,3,4,0,6,0,0,0,0,0,65,96,219,82,480,958,606,1478,1625,727,299,434,252,892,8052,1095,299,891,2525,2641,5724,9688,7627,6099,9502,12154,6325,64564,8,0,0,4,0,26,305,1145,1843,4067,8594,74,16066,4,7,3,20,37,242,634
118,24,52,49,172,200,102,65,146,210,126,1147,5,0,3,3,0,17,36,32,8,46,52,35,235,0,0,0,0,0,6,16,14,18,48,68,51,223,82,13,40,80,62,189,323,161,105,149,190,197,1586,0,0,0,0,0,4,10,4,6,11,14,1687,1735,117,30,71,215,206,1042,2619,2457,2258,4600,9960,3733,27304,10,5,12,41,60,367,765,482,163,444,206,346,2898,10,11,67,219,147,391,374,146,54,79,62,193,1750,0,0,4,11,15,31,36,23,6,13,3,42,183,15,8,44,64,20,39,32,9,0,10,6,30,272,157,56,195,394,216,508,483,191,117,89,101,333,2832,0,0,0,5,3,4,8,0,0,0,0,49,72,191,78,321,726,464,1333,1695,857,338,637,372,991,8014,765,266,580,1782,1828,4518,7836,6252,5092,8885,15987,7167,60958,5,0,0,0,4,11,131,503,805,2166,5032,47,8709,8,0,4,14,11,108,345
119,298,901,686,1558,1264,470,242,256,184,428,6324,15,8,36,108,81,262,255,97,37,68,46,215,1227,4,0,0,9,15,36,114,59,60,81,71,171,618,504,133,432,1141,858,1926,2263,971,496,489,347,1132,10690,3,0,7,30,24,35,68,24,16,12,15,3639,3878,609,188,863,2901,2753,9487,15864,9972,6997,8568,7906,8716,74823,4,7,42,195,339,1254,1907,936,458,472,222,613,6458,14,39,344,849,503,996,817,248,122,101,36,371,4440,7,4,34,74,38,110,104,49,22,14,15,112,585,104,35,235,294,96,184,143,34,15,8,10,104,1254,682,192,954,1886,1241,2332,1926,591,358,198,141,1107,11612,3,0,3,4,12,24,19,3,6,0,0,194,269,821,274,1611,3313,2218,4896,4921,1871,975,796,424,2499,24621,3230,1100,3385,10200,11122,21352,29138,16674,10791,12253,10285,14855,144382,0,0,0,5,8,39,527,1267,1343,2255,2452,49,7957,0,4,3,22,23,309,802
120,55,169,133,324,318,169,108,132,164,121,1703,3,3,7,23,20,36,66,36,23,30,53,40,334,6,0,0,0,0,11,31,24,27,32,75,48,253,146,40,70,179,172,432,627,327,181,200,177,302,2846,0,0,3,5,0,13,15,3,10,10,13,1784,1848,195,66,165,520,560,2242,4787,3927,3124,5460,9605,3823,34478,7,3,21,66,118,562,933,564,242,404,201,348,3469,4,17,113,287,201,436,397,149,66,68,28,158,1935,3,0,8,28,12,31,46,10,12,17,8,39,220,37,8,67,97,28,43,40,14,7,13,5,20,379,299,81,289,525,327,746,672,271,163,95,85,373,3926,0,0,6,4,0,3,9,3,0,0,0,57,77,342,114,508,992,690,1834,2098,1018,490,608,326,993,10008,1368,460,961,2942,3379,7214,11513,8224,6165,9538,14033,7069,72867,5,0,0,0,0,29,254,837,1074,2407,4372,43,9027,0,3,6,18,25,201,502
121,54,155,107,290,392,260,139,279,434,224,2367,10,0,8,16,8,40,66,47,32,77,77,87,453,3,0,0,0,0,11,18,25,30,50,136,78,353,216,42,101,178,134,339,571,315,218,343,385,354,3201,0,0,0,0,0,5,9,5,6,4,16,3519,3561,301,72,198,521,526,2070,5369,5296,4389,9151,20343,7248,55483,12,3,16,64,106,568,1177,795,290,707,425,546,4704,6,27,134,304,209,503,552,190,106,126,79,256,2498,9,0,12,21,4,36,44,25,11,23,13,46,249,48,10,53,66,29,52,52,17,5,13,11,41,401,429,107,278,424,266,681,731,297,172,151,155,460,4147,0,0,0,3,0,9,0,0,0,0,0,32,57,505,160,490,883,617,1846,2558,1329,584,1031,680,1385,12055,1707,559,1003,2692,2905,7834,13969,11293,8802,15770,29470,11888,107891,0,0,0,7,3,26,238,809,1209,2815,6193,60,11378,6,3,3,20,30,214,546
122,26,55,58,165,253,170,111,132,230,174,1376,3,0,0,10,8,18,52,34,11,36,49,37,267,0,4,0,3,0,11,24,29,36,52,73,54,283,56,14,37,74,56,208,380,212,140,150,176,225,1729,0,0,0,0,0,3,6,4,7,5,12,1946,1992,101,40,83,209,234,1275,3931,3778,3631,6231,10706,4578,34794,5,3,12,74,78,399,809,521,194,347,204,395,3034,4,6,76,252,189,445,459,176,75,66,23,223,2001,0,0,5,9,9,29,37,17,11,11,7,41,177,13,9,31,47,18,31,22,7,5,8,0,22,213,110,39,130,233,163,479,510,191,83,65,67,340,2403,0,0,0,4,0,7,3,3,3,0,0,29,56,139,58,250,628,456,1387,1843,916,367,491,302,1057,7886,550,247,517,1797,2184,5873,10192,7687,6217,9403,14535,7788,66993,0,0,0,0,4,19,154,568,706,1460,2937,34,5888,0,0,0,13,26,139,391
123,37,153,164,436,441,152,102,72,50,149,1766,5,0,11,17,25,84,136,52,19,31,11,71,459,6,0,4,0,3,16,48,55,39,53,32,47,300,89,28,87,269,240,632,709,268,150,108,59,401,3043,4,0,0,4,8,20,20,9,10,10,4,1408,1499,139,42,161,646,703,3321,7940,5867,4394,4997,3476,4097,35775,6,0,15,100,211,852,1318,554,311,214,85,456,4110,0,16,108,458,341,615,444,144,54,45,16,248,2487,4,4,8,44,31,64,61,23,3,16,4,67,327,27,14,138,236,87,99,69,21,3,8,8,55,758,158,49,471,1179,685,1039,745,184,89,58,37,549,5233,3,0,0,11,4,4,9,0,0,0,0,125,163,202,86,744,2025,1345,2669,2641,931,454,341,147,1493,13082,717,311,1128,4063,4589,9260,14918,9645,6602,6774,4331,7138,69476,3,0,0,0,3,17,337,860,902,1351,912,33,4429,5,0,0,10,11,102,281
124,21,119,108,413,438,174,101,88,49,148,1665,0,3,0,13,18,71,131,66,41,29,21,78,479,0,0,0,0,3,8,61,54,52,44,36,67,328,66,19,56,188,184,529,690,262,140,100,75,360,2679,4,0,0,6,5,14,24,12,15,13,7,1565,1664,114,43,111,455,560,3031,8411,6454,5149,5757,4190,4363,38653,3,5,19,109,194,1059,1613,769,361,287,125,558,5107,3,7,140,616,425,880,583,162,81,55,17,253,3226,6,0,17,49,30,64,95,33,16,16,8,69,399,24,13,106,216,76,95,64,17,0,7,0,52,679,175,59,476,1220,705,1151,820,232,116,55,43,525,5582,0,0,3,5,7,7,10,3,0,0,0,95,130,212,85,768,2217,1443,3264,3185,1221,573,424,184,1554,15126,692,271,1158,4165,5043,10704,17522,11406,8080,8239,5436,7899,80616,5,0,0,4,3,18,398,1139,1257,1814,1294,44,5975,0,5,4,31,27,183,454
125,216,699,511,1291,951,371,194,195,117,324,4902,14,7,20,100,80,211,220,101,39,53,29,178,1058,3,0,0,5,11,34,80,43,45,61,48,78,428,502,128,345,1117,762,1625,1640,704,364,375,189,839,8582,7,0,10,17,16,36,50,24,7,16,10,2975,3170,589,173,681,2501,2274,7666,13155,8435,5778,6872,5499,6508,60137,10,5,27,144,218,1000,1382,712,325,284,147,405,4661,14,26,238,460,345,609,586,165,80,72,12,218,2825,5,6,15,49,39,69,67,39,19,15,8,71,393,74,29,156,206,86,96,83,23,9,8,0,67,843,487,130,765,1343,854,1558,1391,421,221,119,91,823,8199,7,0,5,4,10,17,15,0,0,0,0,146,204,589,194,1202,2210,1546,3341,3522,1361,649,502,276,1733,17126,2611,764,2494,7339,7606,16215,23143,13708,8837,9899,7194,10729,110545,3,0,0,6,6,42,471,1267,1301,2198,2120,47,7459,0,4,10,25,34,252,655
126,36,100,102,204,261,136,71,98,132,106,1262,0,0,3,9,5,38,49,33,13,29,18,37,249,0,0,0,3,0,9,24,18,18,22,53,29,178,143,28,56,152,107,278,359,222,134,143,138,209,1969,8,0,0,0,0,9,11,0,4,4,0,1343,1371,174,48,115,373,408,1518,3556,3025,2362,4026,6356,2859,24829,4,0,9,61,48,306,554,335,151,211,139,212,2036,0,9,75,151,119,269,242,77,44,48,18,89,1135,0,3,0,4,0,16,30,9,9,13,10,18,112,27,0,26,38,16,31,18,8,8,0,0,10,178,199,56,150,264,183,398,433,149,94,60,51,206,2237,0,0,0,0,0,4,0,0,0,3,0,24,36,232,77,263,507,370,1015,1283,577,299,340,220,558,5733,1074,351,620,1821,2057,4657,7824,5549,4167,6060,8302,4652,47130,0,0,0,3,3,12,172,551,761,1471,1851,20,4836,3,6,0,17,33,107,269
127,206,582,449,1099,937,312,213,177,75,308,4405,8,5,24,62,57,179,228,86,48,43,40,173,955,4,0,0,4,8,28,83,72,55,57,51,112,462,431,126,352,1414,1086,2326,2442,907,501,480,247,1169,11490,3,3,9,16,18,46,50,21,11,12,9,2404,2608,514,187,660,2485,2336,7459,12801,7749,5643,6142,4267,6548,56773,10,8,29,168,309,1093,1416,643,296,302,147,420,4840,5,38,330,620,390,751,600,175,75,79,16,243,3310,4,3,23,34,32,86,81,28,17,16,7,90,428,89,20,251,293,108,182,142,31,16,18,6,92,1248,512,142,1073,1932,1190,2226,1741,503,251,179,108,1024,10882,0,0,9,9,11,13,12,5,0,0,0,243,306,629,213,1706,3053,2038,4346,3989,1385,659,598,278,2115,21009,2052,703,2864,8102,8613,15611,21077,11682,7879,8103,5189,10654,102519,4,0,0,4,4,35,380,904,935,1337,983,23,4613,4,5,0,14,22,101,255
128,21,62,43,161,225,163,111,150,113,154,1210,0,3,4,10,0,17,53,29,25,40,32,45,258,0,0,0,0,0,9,19,22,29,53,63,58,263,29,19,30,80,55,275,393,204,148,161,120,221,1717,0,0,0,0,3,3,5,3,0,4,3,1433,1467,61,27,75,225,207,1289,4117,4082,4091,5866,7058,3770,30864,3,0,14,41,84,459,841,513,249,277,168,418,3061,5,14,83,283,219,511,397,129,79,59,25,196,1993,0,0,6,18,4,34,45,18,8,16,6,33,197,17,10,41,54,15,43,34,7,5,0,7,23,256,101,39,154,323,209,535,467,152,94,43,44,255,2414,0,0,0,0,0,11,3,0,0,0,0,26,43,124,64,300,710,537,1590,1774,828,437,394,250,958,7963,471,235,536,1974,2567,6088,9810,7478,6346,8476,9055,6328,59368,6,0,0,0,4,21,162,505,688,1502,1783,23,4693,3,0,0,10,17,99,271
197,0,0,0,0,0,0,0,0,0,0,0,0,0,0,0,0,0,0,0,0,0,0,0,0,0,0,0,0,0,0,0,0,0,0,0,0,0,0,0,0,0,0,0,0,0,0,0,0,0,0,0,0,0,0,0,0,0,0,0,0,0,0,0,0,0,0,0,0,0,0,0,0,0,0,0,0,0,0,0,0,0,0,0,0,0,0,0,0,0,0,0,0,0,0,0,0,0,0,0,0,0,0,0,0,0,0,0,0,0,0,0,0,0,0,0,0,0,0,0,0,0,0,0,0,0,0,0,0,0,0,0,0,0,0,0,0,0,0,0,0,0,0,0,0,0,0,0,0,0,0,0,0,0,0,0,0,0,0,0,0,0,0,0,0,0,0,0,0,0,0,0,0,0,0,0,0,0,0,0,0,0,0,0,0,0,0,0,0,0,0,0,0,0,0,0,0,0,0,0,0
199,0,0,0,0,0,0,0,0,0,0,0,0,0,0,0,0,0,0,0,0,0,0,0,0,0,0,0,0,0,0,0,0,0,0,0,0,0,0,0,0,0,0,0,0,0,0,0,0,0,0,0,0,0,0,0,0,0,0,0,0,0,0,0,0,0,0,0,0,0,0,0,0,0,0,0,0,0,0,0,0,0,0,0,0,0,0,0,0,0,0,0,0,0,0,0,0,0,0,0,0,0,0,0,0,0,0,0,0,0,0,0,0,0,0,0,0,0,0,0,0,0,0,0,0,0,0,0,0,0,0,0,0,0,0,0,0,0,0,0,0,0,0,0,0,0,0,0,0,0,0,0,0,0,0,0,0,0,0,0,0,0,0,0,0,0,0,0,0,0,0,0,0,0,0,0,0,0,0,0,0,0,0,0,0,0,0,0,0,0,0,0,0,0,0,0,0,0,0,0,0
201,23,77,85,245,193,57,15,15,29,71,809,0,0,4,10,12,50,61,19,3,9,7,22,197,3,0,0,0,6,13,36,26,13,23,0,21,158,32,16,37,118,141,356,288,88,28,18,14,173,1314,0,0,0,0,0,12,14,4,0,4,0,732,771,51,30,82,329,413,2003,4278,2526,1627,1538,1092,2108,16084,10,0,13,56,115,386,504,149,51,54,26,206,1579,3,8,87,422,267,454,238,42,10,14,0,158,1707,0,0,13,31,29,32,26,9,3,6,3,25,184,8,0,81,198,48,68,24,0,0,4,0,53,483,68,30,292,753,475,636,277,42,21,19,11,298,2915,0,0,5,4,8,3,0,0,0,0,0,65,86,91,36,484,1457,938,1578,1080,253,93,89,38,811,6946,351,215,760,3112,4057,6809,8800,4550,2655,2342,1638,4326,39606,3,3,0,11,20,80,468,772,629,805,550,40,3387,0,4,3,42,34,192,381
202,16,68,84,236,240,49,28,13,20,63,824,0,0,4,10,9,40,38,17,5,15,5,19,161,0,0,0,0,0,5,32,33,14,15,6,32,145,25,8,19,138,129,331,268,62,27,22,15,143,1183,0,0,0,9,5,9,11,0,0,0,3,733,776,50,22,54,313,378,1871,4241,2474,1744,1608,1019,1987,15750,0,0,12,64,106,417,548,160,54,46,21,224,1650,5,13,87,395,286,468,263,59,16,8,5,202,1803,0,0,12,40,27,36,34,7,0,0,0,31,191,8,14,81,126,35,52,10,4,0,4,7,25,366,63,27,293,636,423,628,282,58,21,16,14,297,2751,0,0,3,6,5,8,5,3,0,0,0,33,64,74,59,479,1268,875,1605,1142,286,90,73,49,817,6820,276,234,689,2731,3686,6762,8940,4509,2782,2467,1590,4202,38857,8,0,3,7,11,61,388,694,620,805,539,24,3162,0,10,7,22,46,177,379
203,32,135,119,421,396,131,75,64,41,150,1581,0,0,7,13,10,64,115,43,21,28,18,47,371,0,6,0,0,8,13,56,56,40,61,28,48,314,51,29,51,216,210,539,522,172,73,61,26,316,2261,0,0,0,3,7,17,25,15,9,9,0,1545,1623,96,55,126,532,636,2908,7522,5147,3694,3706,2839,4097,31364,7,4,19,107,175,682,1035,399,138,110,55,374,3098,6,29,158,670,432,849,482,102,29,27,12,302,3084,5,6,21,62,26,68,65,22,0,8,3,44,326,23,21,105,218,69,95,40,11,0,0,4,58,639,123,51,422,1014,610,1021,529,120,39,35,19,500,4488,0,0,5,5,5,8,15,3,0,0,0,88,131,157,109,723,2081,1311,2722,2162,648,206,182,96,1369,11761,601,376,1155,4633,5816,10976,15597,9150,5920,5487,4125,7938,71776,8,0,6,17,3,49,512,1262,1345,1824,1399,47,6462,6,9,3,42,57,328,632
204,17,60,61,213,181,53,23,17,11,80,722,0,0,0,11,11,43,71,21,8,5,3,35,221,4,0,0,0,3,18,57,20,17,27,9,43,192,15,7,33,124,119,283,268,65,34,16,15,141,1124,0,0,3,4,5,14,17,16,3,0,7,929,995,45,25,68,327,378,2038,4629,2637,1890,1521,847,2456,16859,0,3,22,77,123,458,570,168,62,36,18,222,1757,6,19,127,434,278,468,218,44,16,11,5,217,1837,0,4,20,41,18,46,39,5,3,4,0,21,206,13,6,73,131,45,47,25,5,0,0,0,37,377,62,42,313,655,357,531,280,63,24,19,18,302,2666,0,0,4,8,6,15,4,0,0,0,0,63,94,82,72,554,1349,826,1560,1125,286,110,69,35,863,6928,360,278,842,3156,4224,7600,10160,5038,3142,2396,1428,5253,43869,16,9,8,31,26,138,591,983,739,849,544,50,3983,0,6,9,41,48,251,511
205,33,142,131,467,368,98,44,34,34,156,1514,0,5,8,16,19,97,100,47,17,17,15,54,391,0,0,0,0,6,33,63,47,32,28,28,67,304,46,16,71,234,274,601,480,119,50,43,30,263,2223,3,0,0,5,6,22,25,8,4,8,3,1505,1593,106,46,145,596,731,3511,7033,3781,2527,2268,1696,3930,26366,7,3,24,134,176,614,760,225,84,62,30,329,2450,7,24,200,741,433,719,368,69,25,13,12,316,2915,4,0,20,55,35,77,69,14,0,3,0,68,357,18,20,145,302,82,81,22,7,0,0,6,75,766,102,52,549,1190,687,1030,414,78,42,37,24,536,4744,0,0,8,16,6,12,11,0,0,0,0,91,145,136,105,943,2445,1422,2534,1641,399,160,118,70,1424,11382,677,477,1480,5796,7501,12532,15115,7213,4276,3763,2723,8404,69953,28,8,3,33,38,175,764,1216,933,1113,791,80,5187,16,12,5,54,105,408,688
206,66,202,164,443,404,204,124,163,225,168,2200,3,3,7,22,24,67,67,53,28,46,56,68,446,5,0,4,4,6,8,37,38,26,65,114,71,373,178,52,142,379,245,623,809,337,155,191,192,436,3743,0,0,4,9,0,9,22,9,11,11,17,2585,2682,250,103,275,801,714,2681,5800,5050,4347,7242,12329,5430,45035,20,10,46,126,131,621,1255,751,241,517,281,544,4536,12,29,194,493,366,776,591,189,70,109,55,290,3172,4,4,16,32,29,57,68,25,8,27,4,53,334,52,39,193,196,52,85,58,19,0,14,0,67,794,435,173,800,1053,635,1353,886,309,159,111,88,782,6774,3,0,7,5,5,14,7,0,0,0,0,122,168,527,258,1259,1918,1221,2907,2859,1289,484,773,433,1859,15774,2057,758,2125,5151,5137,11166,18930,15207,12141,17476,23117,12967,126247,15,4,6,5,19,95,871,2753,4012,8031,11363,124,27278,4,5,15,76,135,873,1709
207,82,202,182,434,467,223,169,204,278,237,2524,4,6,9,28,21,51,69,48,25,39,50,51,404,4,0,0,4,4,14,36,27,34,22,75,91,310,280,72,141,278,190,606,785,414,218,266,273,439,3961,0,0,3,3,0,9,15,15,6,9,18,2922,2998,380,127,319,777,744,2991,6212,5069,4350,6957,13076,6442,47451,20,15,59,115,119,572,961,611,244,406,231,426,3778,29,48,177,364,267,641,548,178,75,96,55,270,2756,5,5,14,20,21,39,55,29,16,13,6,50,264,75,19,68,84,39,59,42,24,8,10,0,43,472,622,125,348,572,367,860,781,278,158,106,97,500,4818,0,0,0,4,3,9,5,0,0,0,0,86,109,752,207,666,1161,808,2174,2392,1122,499,630,401,1378,12200,2149,762,1419,3893,4327,9863,14426,9829,7523,10688,17101,10559,92537,8,5,0,10,11,55,366,915,1134,1973,2653,39,7176,3,5,7,54,70,362,606
208,43,161,117,373,452,240,157,209,252,203,2229,4,4,4,17,18,52,82,38,29,62,67,74,444,4,0,0,3,0,14,51,37,47,67,82,83,384,124,48,90,162,170,441,667,300,177,218,209,343,2954,3,0,0,4,3,11,23,14,10,6,6,2875,2956,219,95,175,507,586,2630,6863,6118,5479,8941,14312,6829,52754,12,12,28,93,135,679,1409,785,231,439,251,601,4679,27,30,184,495,359,833,688,217,56,95,49,395,3425,5,3,12,26,19,55,64,29,17,17,13,72,326,51,19,79,108,41,84,51,16,3,13,4,50,518,303,50,330,709,425,1002,785,258,146,74,76,551,4711,3,0,8,8,0,10,3,3,0,0,0,72,107,395,114,642,1439,979,2664,3000,1317,455,636,388,1743,13769,1277,544,1173,3747,4651,10191,16622,12085,9523,13606,18956,11711,104088,13,0,0,4,15,48,403,1254,1736,3115,4093,80,10763,5,4,7,41,57,310,618
209,119,374,299,870,842,315,185,181,110,294,3618,12,5,15,39,46,153,202,103,41,60,41,127,845,5,3,0,0,7,37,111,84,78,79,55,126,576,287,92,204,691,533,1318,1707,574,250,238,121,798,6819,3,0,5,10,13,45,45,34,13,6,3,2888,3061,376,152,412,1531,1585,6730,14678,10447,7689,8436,7183,7910,67134,10,5,29,136,265,1154,1856,816,349,344,132,742,5851,10,36,220,809,581,1145,887,217,99,67,22,451,4540,8,5,13,84,41,95,91,33,17,20,8,91,503,64,27,161,239,84,114,81,16,10,9,6,92,904,324,108,704,1481,941,1739,1356,362,141,85,67,918,8243,0,0,5,7,5,10,14,0,0,0,0,153,202,420,191,1127,2752,1920,4263,4286,1442,611,531,237,2449,20233,1831,747,2065,7268,8758,17558,27401,17163,11835,12104,9312,13731,129773,16,0,0,14,13,50,721,1973,2322,3388,2546,80,11133,4,9,5,46,65,372,770
210,123,424,367,891,725,235,129,120,82,306,3430,14,3,19,63,49,161,159,67,37,47,21,129,765,0,0,0,7,6,30,89,52,31,50,41,88,383,319,82,257,976,631,1467,1475,564,218,200,97,762,7044,8,0,6,8,22,49,48,19,14,11,7,2183,2372,401,128,479,1860,1670,6144,11242,7190,4871,5493,4020,5884,49377,4,6,33,101,203,837,1319,580,263,213,97,489,4141,8,17,162,539,413,824,543,154,72,40,23,307,3102,3,3,12,48,26,76,89,28,15,8,7,79,411,33,23,136,192,57,118,76,16,4,4,4,83,745,271,99,652,1254,775,1566,1115,277,161,57,52,777,7048,3,0,5,3,13,15,13,3,3,0,0,151,207,323,149,994,2136,1487,3439,3152,1063,522,320,184,1884,15654,1394,568,1864,6340,7170,14191,19917,11676,7556,7743,5213,10182,93830,4,0,0,6,10,45,594,1530,1660,2447,1698,70,8063,4,3,3,30,50,250,540
211,89,256,245,745,805,350,185,164,128,287,3293,8,3,9,15,27,104,172,79,44,46,38,102,643,5,3,0,7,0,26,98,75,69,60,66,127,531,159,50,116,348,307,909,1182,442,240,225,132,524,4633,8,0,0,6,9,25,39,9,5,19,6,3000,3117,258,104,283,973,1126,5605,14555,10919,8647,9243,7732,8292,67724,14,13,41,152,253,1320,2085,927,438,346,160,888,6638,15,28,250,895,689,1397,1009,297,104,59,36,545,5333,3,4,21,58,43,104,97,31,15,21,9,122,522,41,20,119,206,75,103,81,12,11,3,0,72,743,311,88,565,1218,746,1509,1082,277,118,75,61,760,6805,0,0,8,7,9,12,7,0,0,0,0,114,159,380,153,998,2536,1817,4443,4362,1545,683,501,274,2500,20189,1563,671,1814,6362,8184,18311,28669,18574,13214,13287,10005,14487,135126,14,3,3,6,11,84,747,2030,2224,3311,2415,90,10939,7,6,6,70,88,388,837
212,262,778,618,1689,1453,478,243,193,105,402,6300,13,7,23,76,96,278,296,136,69,72,27,206,1304,10,3,0,5,16,69,193,109,78,75,62,188,811,660,143,459,1246,861,2246,2322,893,429,323,199,1192,10982,3,3,0,19,21,70,71,44,17,18,7,4622,4910,849,254,896,2921,3040,12760,25369,16015,10847,10519,7856,11772,103088,32,12,61,315,517,2005,2663,1147,477,433,173,956,8796,29,44,464,1252,838,1565,1115,294,124,106,50,540,6414,5,3,47,105,73,136,169,54,24,15,10,150,793,145,60,299,429,153,188,161,31,13,15,3,142,1637,793,248,1196,2361,1342,2672,2033,547,244,119,95,1287,12926,3,0,8,17,8,31,14,3,4,3,0,261,361,1010,373,2070,4486,2931,6592,6159,2082,885,684,331,3336,30939,3806,1316,3921,12097,14126,29650,43894,25362,15759,14401,10082,19990,194407,16,5,0,15,24,122,1650,3676,3153,3884,2453,132,15112,6,16,16,81,135,608,1244
213,253,774,612,1625,1394,444,205,193,103,461,6142,22,11,36,96,95,301,352,141,83,70,52,228,1481,9,3,3,14,10,57,174,128,105,96,65,181,841,547,189,493,1279,870,2088,2252,789,359,301,173,1206,10547,12,3,11,23,23,72,88,35,18,14,9,4209,4508,711,292,931,2935,2827,11876,23442,14907,10311,11151,7807,10712,97907,24,8,67,291,481,2097,2797,1080,499,421,178,940,8879,17,49,429,1207,798,1627,1025,298,127,73,28,501,6181,14,10,51,102,80,172,140,62,23,16,5,163,835,154,62,452,532,200,315,214,57,27,23,13,191,2235,775,241,1462,2672,1525,2828,1925,485,222,143,80,1440,13796,4,5,17,22,16,25,31,4,0,0,0,299,424,987,367,2472,4832,3107,7058,6131,1983,892,680,305,3537,32357,3315,1233,4191,11814,12676,27279,40711,24057,15635,15967,10513,18901,186283,8,5,0,7,16,88,1276,3175,3342,4754,4112,129,16905,4,9,6,59,90,546,1081
214,30,110,109,388,410,140,85,60,58,177,1571,0,0,0,13,0,68,93,45,16,29,17,76,357,0,0,0,3,0,17,68,46,32,42,24,59,296,72,26,56,158,178,498,530,184,81,78,54,278,2205,0,0,0,6,0,16,20,10,3,3,7,1500,1570,115,44,115,440,558,2957,7880,5354,3873,3926,3071,4334,32676,5,8,24,97,200,892,1265,475,173,168,54,553,3915,6,27,175,703,499,977,604,142,43,40,19,408,3632,9,3,13,72,35,70,61,30,12,7,4,56,377,25,15,133,234,69,85,53,11,4,3,3,64,699,134,52,421,1043,630,1091,664,139,44,37,27,595,4870,0,0,4,5,7,15,13,0,5,4,0,107,162,174,102,765,2158,1439,3131,2654,792,277,254,106,1786,13647,706,369,1174,4454,5929,11736,16766,9685,6309,5875,4481,8853,76325,10,0,0,10,15,53,518,1147,1289,1583,1223,45,5880,0,3,0,34,55,271,573
215,21,69,81,209,172,49,14,11,10,64,700,3,0,4,10,11,50,57,10,8,3,3,30,185,0,0,0,0,4,23,36,28,15,10,10,28,164,33,20,45,160,153,324,216,55,22,10,11,164,1214,0,0,0,6,0,15,30,8,4,5,0,854,920,90,53,115,404,479,2140,4035,2089,1249,1034,620,2262,14581,0,3,12,73,119,405,388,108,43,23,14,167,1363,0,11,88,338,226,330,153,28,8,3,10,131,1322,0,3,0,29,14,38,27,0,4,0,0,19,145,11,9,70,114,30,33,13,0,0,3,0,31,309,52,25,296,675,380,555,231,42,16,16,16,314,2617,0,0,0,9,8,8,9,0,0,0,0,70,101,64,48,467,1237,782,1372,818,188,62,50,37,735,5858,404,279,790,3020,4103,6971,8604,3905,2129,1671,1060,4694,37629,7,0,5,28,42,139,652,900,610,631,364,38,3412,6,0,0,35,36,225,316
216,18,64,56,186,168,41,16,17,18,53,645,0,3,3,16,15,59,54,19,3,0,0,16,194,3,0,0,3,0,13,36,31,16,13,8,27,155,32,7,40,179,129,290,236,59,19,7,10,174,1194,0,0,0,0,5,12,15,6,0,3,0,656,701,76,34,104,382,373,1701,3614,2056,1259,1079,664,2004,13342,4,0,6,64,90,374,398,119,55,29,9,153,1308,3,13,80,295,224,350,165,29,13,9,12,121,1310,4,0,13,21,15,46,24,3,0,0,0,39,169,19,6,52,116,37,41,21,0,0,4,0,37,327,44,15,226,585,324,456,238,45,13,11,11,263,2233,7,0,0,4,0,6,6,3,0,0,0,52,84,71,34,385,1091,689,1268,858,201,85,54,28,658,5426,373,207,646,2621,3429,5748,7527,3690,2104,1611,1032,3957,32952,17,4,3,25,26,100,450,671,515,523,311,34,2669,11,0,3,21,33,144,263
217,5,43,51,197,127,41,23,7,5,62,570,0,0,0,9,5,39,49,20,4,12,4,23,166,4,0,0,0,3,11,39,26,26,14,14,30,173,23,12,22,75,85,217,160,45,23,8,9,73,760,0,0,0,0,6,7,18,4,3,5,3,629,689,65,35,64,255,316,1646,3452,1926,1261,1015,640,1790,12464,7,0,11,44,69,279,329,119,36,34,14,156,1105,4,8,97,311,217,336,176,32,7,6,4,129,1332,5,0,14,23,22,27,16,8,4,0,0,27,144,4,10,43,83,22,16,9,0,0,0,0,20,219,31,25,186,458,247,382,211,34,10,15,11,211,1827,0,0,3,0,6,8,4,0,0,0,0,55,81,49,44,356,918,578,1051,741,196,62,67,28,593,4699,287,213,599,2280,2915,5484,7204,3581,2096,1658,1111,3602,31022,19,3,4,20,31,100,460,671,504,529,359,39,2736,0,3,9,31,36,163,314
297,0,0,0,0,0,0,0,0,0,0,0,0,0,0,0,0,0,0,0,0,0,0,0,0,0,0,0,0,0,0,0,0,0,0,0,0,0,0,0,0,0,0,0,0,0,0,0,0,0,0,0,0,0,0,0,0,0,0,0,0,0,0,0,0,0,0,0,0,0,0,0,0,0,0,0,0,0,0,0,0,0,0,0,0,0,0,0,0,0,0,0,0,0,0,0,0,0,0,0,0,0,0,0,0,0,0,0,0,0,0,0,0,0,0,0,0,0,0,0,0,0,0,0,0,0,0,0,0,0,0,0,0,0,0,0,0,0,0,0,0,0,0,0,0,0,0,0,0,0,0,0,0,0,0,0,0,0,0,0,0,0,0,0,0,0,0,0,0,0,0,0,0,0,0,0,0,0,0,0,0,0,0,0,0,0,0,0,0,0,0,0,0,0,0,0,0,0,0,0,0
299,0,0,0,0,0,0,0,0,0,0,0,0,0,0,0,0,0,0,0,0,0,0,0,0,0,0,0,0,0,0,0,0,0,0,0,0,0,0,0,0,0,0,0,0,0,0,0,0,0,0,0,0,0,0,0,0,0,0,0,0,0,0,0,0,0,0,0,0,0,0,0,0,0,0,0,0,0,0,0,0,0,0,0,0,0,0,0,0,0,0,0,0,0,0,0,0,0,0,0,0,0,0,0,0,0,0,0,0,0,0,0,0,0,0,0,0,0,0,0,0,0,0,0,0,0,0,0,0,0,0,0,0,0,0,0,0,0,0,0,0,0,0,0,0,0,0,0,0,0,0,0,0,0,0,0,0,0,0,0,0,0,0,0,0,0,0,0,0,0,0,0,0,0,0,0,0,0,0,0,0,0,0,0,0,0,0,0,0,0,0,0,0,0,0,0,0,0,0,0,0
301,13,65,74,256,303,112,62,61,50,82,1091,4,4,3,6,8,48,73,32,24,29,14,24,267,0,0,0,0,3,9,38,35,29,35,18,46,213,28,8,29,107,101,369,432,160,62,76,39,191,1621,0,0,0,4,4,9,13,10,7,3,6,1691,1742,51,25,67,245,330,1806,5369,4543,3770,4567,3946,3581,28290,0,0,12,85,168,795,1176,478,208,182,77,367,3549,8,12,76,412,306,632,428,102,64,36,10,141,2231,0,0,5,30,21,37,57,11,9,12,3,40,231,23,11,80,145,49,61,44,12,4,5,0,37,475,66,26,268,668,369,739,451,114,54,38,29,304,3124,0,0,4,5,6,9,8,5,0,0,0,56,83,100,47,444,1345,917,2268,2171,722,337,270,122,947,9694,436,227,724,2999,4214,8046,12220,8114,6003,6679,5249,6425,61332,10,4,0,9,5,49,414,1057,1047,1630,1199,31,5454,6,3,0,25,36,157,323
302,26,75,82,257,292,118,60,69,53,79,1118,0,0,0,5,8,44,82,36,25,26,6,38,275,0,0,0,0,0,4,33,34,28,28,30,46,202,62,28,27,139,108,325,405,161,73,86,47,161,1621,0,5,0,5,0,9,9,3,4,0,0,1299,1335,73,37,68,296,347,1693,4685,3743,3139,4038,3559,2688,24367,4,0,17,44,103,668,1037,511,202,167,78,293,3130,0,7,72,260,209,524,400,85,37,22,7,159,1783,0,5,8,29,20,61,55,19,7,3,5,36,230,21,10,77,113,40,44,24,5,4,5,4,35,385,98,36,219,488,311,734,533,141,65,34,30,258,2943,0,0,0,7,0,8,7,3,0,0,0,59,86,131,54,385,934,673,2038,2058,765,316,233,120,845,8554,445,213,612,2227,3085,7041,10952,7500,5508,6355,4995,5181,54112,5,0,0,6,0,31,393,1098,1254,1927,1672,34,6417,0,0,0,9,24,173,354
303,83,239,195,515,467,191,116,117,94,148,2188,5,3,9,14,20,64,119,43,33,36,17,54,420,6,0,0,4,0,6,53,42,39,44,49,50,293,185,61,131,373,270,677,739,331,142,159,112,368,3559,3,0,0,8,4,19,22,14,9,7,3,2104,2184,234,104,272,868,874,3540,7501,5782,4875,6398,6319,4424,41194,13,4,19,92,178,848,1345,658,249,251,113,412,4181,11,11,135,427,305,648,551,141,57,38,17,196,2539,4,4,7,28,18,70,76,27,13,12,6,48,308,44,19,122,175,48,99,46,9,16,3,3,64,657,302,80,384,745,484,933,772,224,124,80,41,410,4578,6,0,8,5,3,14,10,0,0,0,0,58,109,376,119,682,1474,1031,2616,2793,1066,460,390,187,1192,12377,1419,523,1389,4002,4800,10905,16436,10855,8128,9794,8669,7938,84846,3,0,0,7,8,50,693,1573,1606,2538,2465,37,8988,4,7,3,37,71,322,621
304,25,61,56,192,206,93,69,82,128,63,975,0,0,0,11,6,23,44,25,17,26,28,25,208,0,5,0,0,0,11,20,14,23,29,27,24,155,52,16,36,100,70,224,288,163,91,87,104,139,1377,0,0,0,0,0,3,4,0,4,3,0,1534,1553,80,32,80,232,217,1103,3067,2848,2737,4366,5729,2966,23464,4,3,11,45,67,362,729,406,137,178,94,248,2293,0,13,55,205,131,351,309,84,39,28,10,125,1346,0,0,7,14,8,21,36,18,3,12,4,21,140,28,9,43,53,18,40,24,10,4,0,0,21,253,109,33,146,285,165,337,306,110,48,33,24,167,1768,0,0,0,0,3,0,3,0,0,0,5,30,41,138,60,265,605,396,1112,1405,630,227,250,142,609,5832,431,190,506,1509,1698,4635,7602,5593,4551,6496,7703,4863,45771,4,0,5,0,3,9,179,468,656,1190,1529,15,4061,0,4,3,14,17,139,240
305,29,54,52,137,173,77,66,81,109,49,836,0,0,0,5,9,14,37,29,12,42,30,19,198,4,0,3,0,0,8,11,12,10,22,55,27,145,85,16,27,96,62,155,280,99,68,82,96,93,1159,0,0,0,0,0,0,10,6,0,5,8,1480,1523,127,27,74,209,242,890,2324,2049,1912,3910,7808,2666,22230,0,3,11,35,78,359,797,490,172,277,178,287,2684,12,15,66,197,126,365,302,105,33,51,25,102,1397,0,0,6,12,7,24,37,20,3,13,3,14,151,31,6,44,65,23,44,28,11,5,3,0,25,288,147,41,149,296,165,347,305,108,59,47,37,183,1879,0,0,0,0,0,8,0,0,0,0,0,18,34,189,66,271,604,394,1145,1471,729,280,397,251,635,6430,621,206,536,1582,1716,4598,8480,6480,5079,8088,12104,5623,55110,0,6,0,3,6,33,484,1550,1625,3025,4461,42,11240,0,3,5,29,56,388,765
306,28,120,123,397,307,114,34,33,22,82,1269,9,0,0,24,21,69,91,47,20,30,8,46,370,3,0,0,0,4,13,49,35,30,36,13,41,221,53,36,66,260,218,508,392,109,34,31,36,235,1978,3,0,4,0,3,15,24,11,8,4,3,1973,2049,95,66,134,543,634,2689,5827,3541,2390,2318,1486,3632,23359,3,6,24,139,231,908,1032,339,90,88,36,350,3248,3,16,134,557,409,705,367,81,28,22,5,239,2561,3,7,12,48,28,63,50,30,11,8,0,40,304,41,23,154,292,120,110,52,9,0,5,9,85,892,149,43,477,1007,590,893,455,103,38,23,19,526,4351,0,0,3,13,3,12,12,3,0,0,0,104,151,207,99,805,2050,1383,2691,1964,560,175,154,66,1346,11499,609,368,1235,4229,4996,9771,13318,7125,4261,3850,2498,7567,59827,25,13,3,22,41,123,810,1345,1053,1300,887,57,5678,7,7,7,49,69,308,574
307,15,49,43,168,130,35,9,3,5,56,514,0,0,3,6,16,27,36,37,4,14,4,30,176,0,0,4,0,5,13,30,17,5,13,15,20,123,13,11,26,139,146,274,211,49,15,10,13,110,1017,0,3,0,0,0,12,14,14,5,0,8,941,987,57,44,78,321,390,1709,3436,1894,1167,1011,672,2124,12901,7,0,16,67,115,319,308,82,40,30,14,149,1138,0,4,66,257,154,227,111,23,4,9,0,96,972,0,3,10,16,17,22,23,5,4,6,0,27,137,6,4,70,124,45,29,10,5,0,4,0,27,330,55,28,202,491,304,473,198,30,17,10,7,202,2023,0,0,3,0,4,4,10,0,0,0,0,46,66,71,44,370,968,632,1085,663,147,66,54,24,537,4659,381,238,617,2489,3385,5444,7151,3480,2007,1678,1129,4046,32041,76,23,7,52,64,176,597,766,514,556,343,61,3231,13,3,4,27,45,154,224
308,22,85,87,265,252,119,38,45,35,83,1046,6,4,3,15,11,42,88,82,23,46,20,55,399,0,0,0,0,6,20,32,26,41,35,33,52,242,53,27,51,202,207,435,328,109,45,58,23,194,1727,0,0,0,4,6,15,16,8,10,0,10,2343,2406,100,47,103,401,475,1993,4994,3930,2846,3129,2457,4110,24596,6,3,21,88,162,586,779,304,108,84,52,243,2434,4,25,103,456,287,440,270,49,15,14,0,173,1844,0,0,14,28,21,49,44,21,11,4,0,38,228,37,19,174,315,96,87,46,4,3,6,4,85,876,97,50,367,884,483,669,331,69,44,22,25,301,3339,0,0,4,6,6,6,5,0,0,0,0,70,101,147,96,683,1780,1054,1844,1472,437,188,131,87,906,8817,537,348,1044,3583,4175,7096,10718,7039,4697,4995,3832,7507,55585,22,8,9,24,26,110,595,989,906,1349,1124,72,5234,3,4,9,29,34,142,271
309,82,314,267,881,845,283,145,139,101,261,3344,9,5,0,34,26,134,207,85,36,63,37,101,734,5,0,0,4,9,25,88,75,61,57,50,109,484,191,56,130,405,339,1011,1080,361,157,140,121,475,4474,0,4,0,8,9,24,46,12,13,5,10,3752,3875,300,113,279,1072,1159,6046,14734,9901,7366,7708,6056,7777,62508,16,6,31,248,422,2007,2539,952,332,322,139,775,7794,11,38,297,1279,1013,1728,1202,257,91,72,27,469,6488,11,12,30,85,62,141,136,48,14,10,5,129,681,86,30,204,511,193,232,121,27,5,4,7,92,1512,404,122,605,1825,1132,2079,1261,289,97,70,53,901,8832,6,0,3,11,4,25,15,0,0,0,0,147,222,532,204,1174,3955,2823,6222,5272,1578,543,483,227,2507,25530,1710,719,2107,8661,11149,22280,33197,18905,12232,11967,9119,15178,147235,15,3,0,15,16,115,1297,2947,2570,3054,2572,113,12719,6,8,7,70,124,697,1541
310,45,212,175,647,579,173,75,47,21,168,2169,6,0,8,35,24,115,167,77,20,31,12,85,585,0,3,0,0,3,13,58,56,29,39,19,68,283,127,36,122,465,384,1002,795,232,98,69,42,390,3756,0,4,4,8,6,27,36,20,0,10,4,2062,2172,162,72,214,905,937,4484,9786,6127,4067,4009,2116,4554,37430,17,0,31,148,298,1300,1527,547,200,131,53,419,4660,8,12,180,660,444,809,513,104,42,14,17,258,3068,4,6,24,52,46,85,77,27,3,12,4,55,402,60,22,199,466,164,170,94,14,8,9,5,95,1309,205,77,670,1687,977,1516,825,184,71,47,28,623,6916,0,0,5,5,10,15,13,4,0,0,0,133,191,294,121,1117,3028,1948,3890,3047,878,332,207,101,1581,16543,810,373,1650,5754,6697,13124,18872,10550,6433,5820,2909,8473,81472,17,9,4,19,23,72,866,1809,1560,1810,954,44,7180,0,4,6,30,43,201,450
311,42,203,186,615,621,172,88,53,30,169,2187,8,0,9,21,23,134,179,60,30,19,9,79,571,4,0,0,0,6,20,69,67,49,31,20,69,338,147,55,127,500,344,984,856,258,115,79,47,404,3917,5,0,4,8,4,25,26,8,4,6,4,1844,1936,202,75,204,921,921,4466,10072,6255,4250,3973,2140,4513,37989,6,5,18,152,309,1324,1459,557,219,150,43,433,4683,15,26,155,653,515,826,534,104,52,26,6,277,3186,4,0,15,80,34,86,74,28,5,9,0,61,405,53,27,247,421,133,182,86,12,6,9,5,111,1301,227,81,678,1672,953,1410,864,182,79,52,36,593,6825,7,0,0,9,11,13,3,0,0,3,0,145,191,312,138,1120,2981,1956,3844,3019,881,368,250,96,1625,16591,945,379,1627,5731,6674,13020,19342,10810,6461,5644,2844,8294,81785,11,5,0,12,4,70,906,1821,1504,1492,770,73,6673,3,0,0,29,56,246,508
312,21,63,45,181,194,59,33,35,11,78,713,0,3,0,6,0,35,68,65,19,34,18,36,288,3,0,0,0,0,11,48,25,28,33,42,44,232,43,17,31,112,107,261,210,59,28,29,19,121,1031,0,0,0,0,0,6,8,10,3,4,5,2252,2292,93,27,73,242,275,1435,3693,2845,2149,2299,1936,3574,18639,7,0,9,75,122,463,557,259,66,82,40,187,1853,9,11,100,353,208,322,183,30,24,16,0,113,1358,4,0,16,24,17,32,27,21,0,3,0,34,179,19,11,118,216,71,60,36,5,9,6,0,54,600,67,17,216,577,309,436,217,47,24,15,15,213,2161,0,0,0,5,3,3,4,0,0,0,0,47,72,94,46,456,1254,728,1309,1011,362,122,126,62,644,6209,414,226,711,2540,2730,5236,8111,5322,3635,3845,2934,6527,42235,14,0,0,8,16,68,512,874,814,1246,1070,48,4670,0,4,3,20,32,108,217
313,23,112,109,412,377,135,50,52,18,110,1414,3,5,3,22,19,65,105,54,11,22,22,54,384,0,0,0,0,0,12,52,38,31,26,17,55,233,39,24,50,244,254,718,632,196,72,58,35,244,2567,0,0,0,0,4,17,13,8,10,0,0,1461,1517,70,42,91,474,579,2889,6605,4041,2662,2595,1494,3167,24704,0,3,15,85,199,868,1007,336,140,90,30,291,3067,5,10,116,571,368,705,414,89,22,19,11,212,2546,6,5,18,57,41,68,56,34,3,4,0,50,343,23,18,154,346,110,141,55,11,3,0,7,76,948,122,44,454,1218,792,1195,667,121,50,32,18,445,5152,0,0,3,9,6,4,7,0,0,0,0,86,118,154,84,764,2282,1513,2985,2214,579,220,144,65,1168,12184,526,346,1142,4735,6587,10991,14186,7206,4261,3854,2162,6367,62367,3,0,0,0,19,70,592,1116,983,1054,664,38,4547,3,5,0,20,47,229,411
314,18,50,66,229,306,118,70,54,47,79,1042,0,0,0,4,12,54,90,57,26,21,17,42,338,3,0,0,0,0,3,32,46,31,22,22,32,197,41,11,35,114,85,326,386,139,73,51,38,114,1411,0,0,0,0,0,5,8,4,3,11,3,1540,1573,62,19,69,244,282,1856,5922,4650,3663,4097,3054,3091,27021,4,7,4,61,153,699,1011,405,137,104,53,280,2922,7,13,93,330,292,558,384,73,35,14,5,133,1942,0,0,8,33,21,54,46,16,14,8,0,41,233,26,12,80,138,63,79,29,11,0,8,0,39,484,89,31,187,582,352,531,391,88,37,18,12,177,2478,0,0,4,5,5,4,0,0,0,0,3,32,52,114,60,366,1149,880,1928,1869,599,218,146,76,712,8117,382,184,603,2379,3042,6855,11839,7944,5551,5720,3923,5174,53590,4,0,0,5,4,28,425,1088,1020,1312,966,35,4878,0,4,0,14,23,151,292
315,12,47,33,89,87,26,6,9,3,44,360,5,0,3,0,5,32,23,20,0,0,6,25,124,0,0,0,0,0,3,25,8,16,17,11,17,98,16,13,61,215,141,210,118,27,9,9,5,121,956,0,0,5,6,7,7,5,3,3,0,5,522,560,47,25,97,359,288,900,1480,966,746,868,640,1288,7702,6,4,20,57,66,191,262,119,40,46,29,110,952,0,6,51,124,73,99,70,12,9,3,3,65,518,4,0,8,13,9,17,16,9,4,0,0,14,94,12,3,62,73,24,30,20,6,0,0,0,18,250,37,39,297,412,173,266,132,26,16,10,11,201,1625,0,0,8,4,0,6,7,0,0,0,0,59,78,52,54,440,685,352,612,502,176,61,65,42,474,3516,246,141,606,1524,1244,2367,3165,1951,1355,1601,1083,2515,17790,31,4,9,21,23,83,313,372,339,518,472,56,2232,0,0,0,7,17,62,69
316,35,153,153,609,595,177,79,98,65,157,2127,0,0,3,13,23,80,118,60,23,31,44,61,454,0,0,0,0,0,26,55,35,45,31,29,45,274,68,21,59,220,210,680,705,208,106,88,72,315,2740,0,0,0,3,0,18,24,9,5,3,0,2738,2804,126,54,141,604,692,3901,9179,5745,3975,4084,2938,5316,36742,10,3,27,131,286,1027,1307,425,143,129,46,438,3974,13,33,224,890,691,1186,707,147,36,29,8,377,4348,0,3,10,67,35,75,82,27,7,9,9,71,389,39,11,155,305,105,121,60,16,0,4,0,45,867,140,63,417,1082,690,1269,652,142,40,31,21,473,5018,0,0,0,10,4,14,4,0,0,0,0,75,118,202,113,829,2485,1813,3699,2813,758,231,197,91,1491,14715,837,484,1446,6068,8659,16248,21255,10838,6734,6399,4752,10426,94147,7,8,4,26,15,110,772,1605,1355,1609,1336,56,6909,12,6,13,52,98,450,974
317,17,53,71,235,185,63,29,25,15,60,758,0,0,0,0,5,27,68,22,14,9,3,28,181,0,0,0,7,0,10,26,22,18,14,15,20,121,26,9,21,155,128,325,288,78,22,29,18,96,1201,0,0,0,5,3,0,6,0,4,0,0,962,980,45,24,54,281,337,1616,3967,2589,1921,1812,1256,1925,15822,6,4,10,45,118,479,610,163,79,52,19,199,1786,0,7,63,296,255,387,242,33,13,10,3,122,1440,0,0,10,17,20,29,27,10,4,4,0,24,143,14,5,79,146,50,49,27,4,0,0,0,25,412,55,26,215,605,335,590,329,54,17,21,7,187,2440,0,5,0,3,4,5,0,0,0,0,0,33,51,80,48,370,1117,791,1541,1243,269,113,86,32,592,6277,285,180,559,2302,3377,5996,8618,4816,3173,2851,1889,3871,37914,9,5,0,16,15,54,491,957,716,858,580,29,3726,3,0,0,18,35,137,273
318,22,87,87,299,286,102,51,31,25,77,1077,3,0,3,11,23,55,87,40,21,23,16,54,329,0,0,0,0,3,12,31,30,28,33,24,36,203,54,22,35,226,185,454,423,137,45,37,17,212,1853,0,0,0,3,0,3,19,5,10,0,5,2257,2306,87,43,90,413,464,2134,5438,3764,2997,2999,1880,3798,24105,12,4,14,92,211,857,1024,382,132,84,32,326,3168,7,18,111,425,311,544,336,57,21,19,7,170,2031,5,0,16,44,27,52,48,18,11,3,0,34,267,31,22,176,297,104,124,53,8,6,4,0,71,893,98,46,413,969,529,787,423,112,43,37,17,373,3843,3,0,3,3,4,0,10,0,0,0,5,66,98,156,100,730,1830,1190,2370,1895,583,217,157,56,1040,10312,503,284,1059,3644,4313,8275,12280,7268,5046,4683,2767,7438,57561,13,7,0,17,14,86,733,1341,1269,1527,912,35,5949,4,5,7,17,38,156,295
319,26,146,173,630,493,112,41,15,20,164,1840,3,0,9,17,32,97,109,42,17,18,11,54,410,0,0,0,7,8,12,49,28,25,13,17,47,208,59,38,85,431,523,1196,738,144,57,50,52,384,3752,0,0,8,3,10,19,22,13,7,6,10,1828,1926,109,69,179,797,1115,4130,6926,3409,2094,1902,1052,3665,25440,4,3,32,132,220,758,775,209,59,59,19,247,2516,0,12,169,708,453,784,321,41,12,17,3,216,2735,3,3,22,59,21,56,40,11,10,6,0,49,279,32,20,255,434,150,150,46,15,3,8,0,94,1202,121,66,623,1690,1072,1559,598,105,35,30,28,607,6525,4,0,12,16,7,9,5,3,0,0,0,128,191,163,105,1109,3034,1918,3316,1791,379,120,123,54,1343,13450,795,548,1812,7777,11533,15271,15605,6470,3482,3009,1815,8439,76550,38,18,7,53,66,218,929,1242,923,861,573,81,5009,9,10,7,51,102,385,554
397,0,0,0,0,0,0,0,0,0,0,0,0,0,0,0,0,0,0,0,0,0,0,0,0,0,0,0,0,0,0,0,0,0,0,0,0,0,0,0,0,0,0,0,0,0,0,0,0,0,0,0,0,0,0,0,0,0,0,0,0,0,0,0,0,0,0,0,0,0,0,0,0,0,0,0,0,0,0,0,0,0,0,0,0,0,0,0,0,0,0,0,0,0,0,0,0,0,0,0,0,0,0,0,0,0,0,0,0,0,0,0,0,0,0,0,0,0,0,0,0,0,0,0,0,0,0,0,0,0,0,0,0,0,0,0,0,0,0,0,0,0,0,0,0,0,0,0,0,0,0,0,0,0,0,0,0,0,0,0,0,0,0,0,0,0,0,0,0,0,0,0,0,0,0,0,0,0,0,0,0,0,0,0,0,0,0,0,0,0,0,0,0,0,0,0,0,0,0,0,0
399,0,0,0,0,0,0,0,0,0,0,0,0,0,0,0,0,0,0,0,0,0,0,0,0,0,0,0,0,0,0,0,0,0,0,0,0,0,0,0,0,0,0,0,0,0,0,0,0,0,0,0,0,0,0,0,0,0,0,0,0,0,0,0,0,0,0,0,0,0,0,0,0,0,0,0,0,0,0,0,0,0,0,0,0,0,0,0,0,0,0,0,0,0,0,0,0,0,0,0,0,0,0,0,0,0,0,0,0,0,0,0,0,0,0,0,0,0,0,0,0,0,0,0,0,0,0,0,0,0,0,0,0,0,0,0,0,0,0,0,0,0,0,0,0,0,0,0,0,0,0,0,0,0,0,0,0,0,0,0,0,0,0,0,0,0,0,0,0,0,0,0,0,0,0,0,0,0,0,0,0,0,0,0,0,0,0,0,0,0,0,0,0,0,0,0,0,0,0,0,0
401,49,153,147,370,355,180,100,86,111,113,1686,0,0,9,8,12,44,49,31,15,22,23,40,257,0,0,0,0,0,13,41,49,34,51,57,45,298,129,30,84,217,137,432,471,188,97,88,78,212,2164,0,0,0,0,0,6,16,11,7,3,8,2139,2196,171,68,171,521,539,2500,5651,4375,3688,5046,6384,4555,33672,9,0,18,64,111,604,1032,458,175,216,140,427,3254,4,23,121,412,342,632,430,136,61,47,22,292,2525,0,4,6,24,24,51,57,20,7,5,7,34,240,34,13,75,93,38,55,32,7,4,0,0,31,395,171,51,234,566,376,724,482,149,60,48,34,366,3268,0,0,3,5,3,5,3,0,0,0,3,46,74,223,101,465,1169,903,2071,2033,772,300,321,205,1204,9758,880,385,933,3216,4472,9451,13649,8750,6443,8024,9313,8190,73706,5,0,0,4,11,62,439,1199,1203,1776,1850,37,6574,0,3,7,60,80,362,665
402,83,369,315,972,748,212,106,75,30,185,3122,4,3,4,26,33,152,196,59,32,18,10,86,627,0,0,0,0,3,31,85,62,50,57,16,75,392,215,68,186,936,626,1433,1227,344,157,90,61,549,5877,6,0,4,9,10,22,36,16,4,5,4,2345,2460,288,114,337,1624,1543,6547,13356,7653,5056,4531,2296,5504,48845,8,6,21,166,298,1485,1878,629,245,171,51,611,5558,16,31,251,1084,790,1342,748,183,69,30,12,410,4966,9,3,22,98,46,131,95,30,11,13,3,90,553,55,42,317,544,184,202,83,17,7,6,0,154,1609,239,116,1010,2403,1379,1967,1065,208,73,37,28,863,9401,0,4,11,12,9,14,12,0,0,0,0,155,219,325,200,1632,4296,2723,5140,3875,1067,402,256,97,2291,22313,1134,621,2398,8869,10718,19653,25892,13446,7887,6522,3013,10767,110917,3,0,0,9,17,78,998,2303,1850,1918,862,40,8084,5,5,4,30,79,418,746
403,56,194,183,678,577,200,91,85,50,182,2312,3,0,5,22,21,78,127,55,23,35,18,50,436,3,0,0,0,3,32,78,64,70,52,42,57,391,82,44,73,308,288,742,790,233,116,79,46,323,3118,0,0,5,4,3,15,14,10,5,7,3,2255,2328,119,65,164,678,804,3924,9586,6624,5113,5331,3898,5031,41331,8,3,20,107,204,994,1566,603,227,167,71,612,4589,5,22,178,831,620,1162,776,137,53,35,17,394,4226,0,9,20,71,43,94,94,29,8,3,4,60,444,41,18,151,312,83,108,43,12,5,0,0,69,843,146,70,523,1284,792,1256,765,150,48,39,29,531,5630,0,0,3,0,3,17,0,0,0,0,0,100,137,200,118,896,2611,1748,3626,3248,930,337,252,122,1769,15871,703,437,1401,5613,7708,15119,21174,12107,8155,7761,5359,9668,95200,6,6,0,14,13,69,633,1691,1575,2077,1249,41,7376,5,3,0,37,60,387,781
404,54,182,151,452,390,128,63,63,41,107,1648,0,0,4,16,23,63,71,32,20,7,11,47,294,0,0,0,0,4,18,49,39,30,26,18,21,204,127,27,95,313,249,583,601,200,93,87,37,289,2697,0,0,5,6,3,10,13,7,4,5,3,1299,1358,150,36,187,661,716,2732,5493,3705,2944,3033,2012,2924,24593,6,0,19,77,124,679,909,387,152,92,46,365,2855,6,16,129,431,322,610,475,96,29,26,5,189,2329,0,4,9,30,22,42,48,19,3,8,0,44,234,20,11,88,161,58,70,40,8,3,4,0,50,511,131,51,419,875,555,1037,670,143,79,34,25,436,4450,0,0,0,0,5,4,7,0,0,0,0,72,101,157,83,657,1576,1091,2445,2149,656,269,167,85,1152,10483,647,313,1082,3865,5038,9206,12069,7047,4987,4740,2921,5984,57902,4,0,0,5,4,39,467,1206,1246,1648,1133,31,5780,6,0,0,32,52,288,545
405,8,47,62,172,131,45,13,6,9,54,543,0,0,4,3,3,41,52,20,11,8,0,20,156,0,0,0,0,4,9,29,26,11,6,4,14,113,15,10,18,121,127,294,198,47,21,10,9,105,962,0,0,0,6,0,4,11,6,3,7,0,758,794,35,22,55,281,319,1500,2902,1614,1042,877,585,1661,10885,5,0,8,31,89,229,282,82,26,25,14,134,925,0,4,70,280,153,235,116,18,3,3,0,119,1001,0,4,0,19,14,21,16,4,0,0,5,14,108,6,6,70,113,24,21,15,0,0,0,0,25,284,26,20,203,420,241,367,199,19,7,14,8,192,1721,0,0,0,4,4,6,4,0,0,0,0,26,41,39,37,356,868,522,880,628,123,38,43,27,507,4073,229,189,555,2431,3526,5361,6526,3084,1827,1484,957,3428,29597,26,4,0,15,23,98,347,515,403,432,259,16,2139,4,3,7,32,43,158,271
406,9,28,44,105,90,36,14,9,9,38,393,0,0,3,8,5,25,32,16,0,9,0,21,110,0,0,0,0,6,10,18,7,14,11,5,10,87,0,12,27,123,96,187,97,18,6,11,3,97,668,0,0,0,0,4,8,0,0,0,0,0,661,689,23,20,50,229,242,915,1703,1187,855,818,529,1301,7870,0,0,10,31,33,211,243,84,26,27,4,95,774,7,4,59,202,129,174,94,16,5,0,3,73,769,0,0,10,14,8,30,23,0,5,0,0,19,113,11,3,79,96,20,29,15,0,0,0,0,21,276,32,22,231,380,216,250,107,21,10,11,3,210,1498,0,0,0,4,3,3,0,4,0,0,0,77,92,46,30,391,720,408,701,482,134,50,47,18,489,3519,161,125,540,1723,1914,3194,3904,2246,1496,1377,863,2759,20293,10,0,0,11,10,40,218,332,315,420,276,18,1653,0,3,0,6,18,92,140
407,19,104,86,351,246,59,28,11,7,88,1010,0,0,0,21,9,68,62,23,6,11,7,18,222,0,0,0,4,9,24,68,31,19,13,8,26,202,31,13,23,179,174,415,293,58,28,19,22,172,1429,0,0,0,3,7,13,13,14,0,6,5,1012,1067,72,49,94,474,560,2691,5112,2565,1538,1229,682,2466,17532,3,3,15,85,144,494,479,133,45,27,15,203,1648,0,19,130,508,309,456,231,39,9,0,4,184,1883,3,0,6,30,16,51,19,3,4,0,0,22,164,9,9,116,167,41,42,25,0,0,0,0,44,455,51,28,337,783,445,599,256,43,12,8,11,290,2866,0,0,4,3,7,4,3,0,0,0,0,67,89,65,57,604,1575,962,1648,1009,225,70,42,26,814,7112,380,326,973,4100,6034,9527,11383,4899,2623,1967,1245,5386,48841,25,0,7,35,44,139,713,966,670,625,390,48,3657,8,11,6,53,93,342,519
497,0,0,0,0,0,0,0,0,0,0,0,0,0,0,0,0,0,0,0,0,0,0,0,0,0,0,0,0,0,0,0,0,0,0,0,0,0,0,0,0,0,0,0,0,0,0,0,0,0,0,0,0,0,0,0,0,0,0,0,0,0,0,0,0,0,0,0,0,0,0,0,0,0,0,0,0,0,0,0,0,0,0,0,0,0,0,0,0,0,0,0,0,0,0,0,0,0,0,0,0,0,0,0,0,0,0,0,0,0,0,0,0,0,0,0,0,0,0,0,0,0,0,0,0,0,0,0,0,0,0,0,0,0,0,0,0,0,0,0,0,0,0,0,0,0,0,0,0,0,0,0,0,0,0,0,0,0,0,0,0,0,0,0,0,0,0,0,0,0,0,0,0,0,0,0,0,0,0,0,0,0,0,0,0,0,0,0,0,0,0,0,0,0,0,0,0,0,0,0,0
499,0,0,0,0,0,0,0,0,0,0,0,0,0,0,0,0,0,0,0,0,0,0,0,0,0,0,0,0,0,0,0,0,0,0,0,0,0,0,0,0,0,0,0,0,0,0,0,0,0,0,0,0,0,0,0,0,0,0,0,0,0,0,0,0,0,0,0,0,0,0,0,0,0,0,0,0,0,0,0,0,0,0,0,0,0,0,0,0,0,0,0,0,0,0,0,0,0,0,0,0,0,0,0,0,0,0,0,0,0,0,0,0,0,0,0,0,0,0,0,0,0,0,0,0,0,0,0,0,0,0,0,0,0,0,0,0,0,0,0,0,0,0,0,0,0,0,0,0,0,0,0,0,0,0,0,0,0,0,0,0,0,0,0,0,0,0,0,0,0,0,0,0,0,0,0,0,0,0,0,0,0,0,0,0,0,0,0,0,0,0,0,0,0,0,0,0,0,0,0,0
501,13,65,100,260,243,81,43,53,33,85,986,3,0,0,11,7,38,95,61,15,38,23,40,337,0,0,0,4,0,9,38,29,38,26,34,29,207,28,14,44,129,136,251,236,86,36,44,26,144,1173,0,0,0,3,4,6,11,9,4,4,3,2134,2174,55,41,87,313,376,1654,4341,2987,2164,2239,1605,3630,19485,4,5,17,79,119,415,528,218,70,63,24,207,1754,9,10,128,456,342,499,237,63,17,21,5,169,1941,0,4,12,45,25,44,35,10,9,11,0,41,229,21,8,111,171,49,52,29,10,3,3,0,36,496,97,32,276,640,302,436,234,40,24,13,17,266,2365,0,0,6,4,7,6,6,0,0,0,0,42,82,130,63,549,1399,838,1449,1064,341,121,109,49,755,6865,449,254,901,3082,3923,6494,9419,5498,3655,3706,2510,6606,46506,10,11,5,12,15,85,426,731,624,907,671,36,3526,3,12,6,39,49,251,393
502,13,44,37,146,139,44,24,32,17,51,551,0,0,0,3,5,27,56,47,12,26,17,23,222,0,0,0,0,0,0,6,13,14,8,14,19,89,30,11,17,105,72,207,140,50,24,24,24,91,799,0,0,0,0,0,0,3,0,6,0,0,1298,1311,40,21,43,182,176,806,1848,1448,1076,1183,1060,2037,9933,0,0,9,29,45,225,294,118,55,56,16,120,961,0,8,74,215,161,242,142,30,9,6,0,88,979,0,0,9,16,17,18,32,13,4,7,0,18,123,21,13,74,118,33,34,21,0,0,0,0,25,353,77,31,191,478,239,327,159,36,12,13,15,187,1769,0,0,0,0,0,5,3,0,0,0,0,26,35,104,51,351,857,494,846,645,204,80,84,29,464,4217,331,187,592,1957,2795,3932,4581,2689,1803,1989,1606,3877,26342,3,0,0,4,4,33,124,261,285,443,350,13,1514,0,0,0,13,14,95,147
503,27,48,48,122,122,89,60,101,188,70,872,5,0,0,5,4,9,18,25,3,33,35,26,168,0,0,0,0,0,0,4,11,13,13,48,12,109,58,16,28,73,33,126,148,76,69,81,118,111,942,4,0,0,0,0,0,3,3,4,0,6,1424,1442,89,26,64,170,154,643,1445,1442,1250,2867,6913,2572,17616,0,6,10,18,31,150,356,236,89,205,157,185,1440,7,14,43,108,116,246,205,76,39,53,35,106,1036,0,0,8,9,5,11,15,6,5,13,10,18,92,25,7,45,43,5,32,21,14,5,0,0,28,235,128,37,87,187,124,222,215,87,45,46,41,159,1372,0,0,0,0,0,0,0,5,0,0,0,13,20,161,63,188,365,285,672,814,430,179,317,243,496,4198,498,167,390,1092,1269,3085,5144,3916,3028,5600,10784,4944,39925,3,0,0,4,3,24,190,587,671,1317,2391,26,5221,8,0,3,23,30,225,363
504,42,134,127,368,401,141,93,75,57,132,1594,3,0,3,19,21,66,117,78,27,36,33,55,467,0,0,0,0,3,21,52,29,29,51,37,44,268,110,40,86,239,180,460,501,185,82,80,53,249,2260,7,0,5,3,0,10,22,10,8,0,0,2463,2516,156,66,163,517,558,2633,6461,4902,3511,4083,3282,4409,30750,8,3,13,82,144,741,1078,492,227,199,102,402,3484,4,22,156,463,300,663,432,112,45,34,12,230,2484,4,3,8,27,19,43,55,23,9,12,4,44,254,50,19,133,201,53,90,69,18,6,14,0,59,708,171,60,385,777,401,662,497,131,82,36,22,391,3616,0,3,4,5,3,5,6,0,0,0,0,75,103,230,110,700,1554,924,2210,2136,775,367,292,142,1202,10646,765,330,1113,3506,4086,8294,13247,8974,6089,6689,4802,8143,66038,5,0,0,10,11,45,491,1252,1288,1945,1440,40,6511,3,4,4,28,45,224,435
505,90,270,265,703,833,377,213,225,219,283,3534,10,3,12,30,30,105,211,129,46,113,82,122,902,0,0,0,3,3,23,93,77,85,94,85,120,584,267,66,189,535,370,846,1039,409,193,228,176,545,4864,4,0,7,6,4,14,36,20,17,6,7,5650,5774,362,123,365,1106,1090,4570,12184,10105,8117,10713,11095,10306,70133,8,11,20,129,252,1220,2030,1077,446,429,192,816,6622,10,51,270,864,641,1388,986,281,100,93,43,445,5167,3,4,37,58,49,116,99,49,18,23,11,108,586,81,31,252,404,112,187,105,42,15,15,4,136,1390,322,102,671,1406,778,1273,973,266,145,81,60,663,6750,0,0,8,11,9,11,14,3,0,0,0,124,180,435,209,1254,2873,1826,4201,4206,1726,728,644,312,2282,20697,1537,692,2170,6623,7977,16568,26029,18548,13489,16481,15257,17802,143177,12,3,4,7,10,65,798,2223,2404,3683,3391,69,12662,12,11,7,74,103,490,961
506,106,352,261,815,800,335,176,184,183,250,3489,7,0,10,33,31,143,225,123,40,91,63,131,893,7,0,0,0,3,20,69,60,58,52,55,93,420,315,68,197,604,378,882,1094,404,184,207,143,466,4946,0,0,5,3,6,21,22,21,3,14,10,4631,4740,410,110,384,1281,1145,5316,12332,8983,6285,7813,7014,8202,59261,17,3,17,108,214,1161,1837,859,349,343,159,629,5688,11,35,250,748,531,1139,719,219,94,79,29,343,4189,0,4,18,36,24,104,102,42,21,20,9,88,472,109,41,241,380,122,172,109,34,21,15,10,115,1366,422,119,743,1351,758,1286,887,237,132,75,51,634,6702,5,0,9,6,9,12,14,10,0,0,0,146,205,556,206,1274,2630,1657,3876,3669,1396,616,530,250,1951,18615,1886,683,2253,6400,7648,16340,24957,16277,10833,12402,10111,14646,124431,7,3,0,9,10,67,870,2214,2163,3123,2588,76,11118,0,6,8,64,107,518,878
507,63,186,149,519,563,264,162,167,178,196,2463,4,0,8,25,16,85,192,115,69,81,81,93,776,0,0,0,0,6,10,51,43,62,66,82,70,386,148,44,110,296,254,613,725,303,162,166,154,407,3393,0,4,3,3,0,13,22,11,6,5,6,4963,5039,206,80,220,671,652,3216,8806,7405,5746,7554,7998,8283,50825,16,3,22,103,184,955,1538,804,290,283,170,588,4959,13,21,212,728,495,1035,699,213,72,61,18,354,3922,4,4,16,46,42,69,79,34,21,25,7,69,413,68,27,201,362,117,167,92,33,7,5,8,97,1177,303,85,621,1263,638,1039,642,180,110,60,48,581,5568,4,0,0,13,8,10,8,0,0,0,0,91,138,408,138,1072,2523,1478,3270,3064,1264,503,437,254,1774,16188,1186,523,1723,5318,6144,12041,18776,13367,9703,11873,11304,14244,106194,12,3,0,10,0,61,575,1537,1632,2799,2528,59,9205,3,8,8,43,66,306,585
509,14,53,50,194,183,58,25,17,14,67,690,0,0,0,5,14,47,59,37,13,19,8,27,227,0,0,0,0,0,15,32,14,17,15,22,20,145,17,7,32,123,104,236,170,53,19,28,14,138,929,0,0,0,0,4,7,12,6,0,0,5,1169,1216,46,40,66,312,335,1548,3033,1850,1289,1236,977,2499,13233,6,0,15,43,98,236,317,118,37,44,28,156,1091,0,5,88,269,176,287,141,30,16,3,9,115,1148,0,0,0,22,14,19,22,9,0,9,5,26,126,8,6,73,96,27,28,11,5,4,8,0,41,297,48,17,205,473,280,370,155,48,18,18,17,221,1879,0,0,0,6,3,7,3,0,0,0,0,44,73,66,38,387,904,595,951,648,217,74,84,56,594,4619,352,246,640,2457,3254,5322,7070,3851,2446,2330,1788,4871,34632,31,12,10,28,35,138,459,614,539,631,487,45,3018,11,5,4,47,53,227,320
510,7,24,25,54,39,42,11,11,21,31,258,0,0,0,6,4,13,28,46,17,40,11,31,189,0,0,0,0,0,0,13,13,19,29,33,19,139,11,10,46,219,117,174,69,27,0,9,3,136,820,0,0,0,3,0,3,3,13,0,10,0,638,667,19,14,59,281,183,486,916,1275,901,1534,1737,1325,8731,4,0,11,22,28,136,253,149,45,75,35,101,851,3,4,36,53,43,93,63,28,5,9,3,31,373,0,0,9,8,10,10,20,9,4,9,0,16,85,15,9,64,55,17,27,7,4,0,0,0,29,216,36,38,263,285,151,158,80,25,15,10,9,197,1267,4,3,4,4,0,4,3,0,0,0,0,67,81,59,44,379,428,249,420,426,210,71,102,49,441,2873,122,87,473,936,610,1266,2118,2315,1694,2767,2894,2516,17798,0,0,0,9,3,23,84,283,373,806,921,23,2534,0,0,0,4,4,18,46
511,12,41,26,100,114,32,19,27,12,37,424,0,0,3,8,3,29,45,56,14,25,10,34,222,0,0,0,6,0,7,32,15,23,21,13,29,139,24,10,36,149,114,152,128,52,17,18,14,139,853,0,0,0,0,0,5,13,4,4,6,4,1308,1342,50,24,55,263,227,841,2285,1821,1382,1637,1284,2291,12172,4,0,8,45,68,260,407,193,55,62,30,158,1285,0,7,88,201,130,204,123,31,9,11,6,95,906,0,0,11,24,8,22,18,11,3,9,3,27,124,16,10,81,86,34,45,22,8,3,6,0,24,337,62,33,239,394,212,278,152,39,14,15,14,217,1666,3,0,3,5,0,3,0,0,0,0,0,97,113,80,51,424,753,449,808,720,279,77,102,53,621,4429,291,176,605,1702,1943,3155,5076,3500,2438,2862,2101,4432,28273,23,0,0,9,18,65,293,529,523,802,745,25,3035,4,0,5,10,21,117,145
597,0,0,0,0,0,0,0,0,0,0,0,0,0,0,0,0,0,0,0,0,0,0,0,0,0,0,0,0,0,0,0,0,0,0,0,0,0,0,0,0,0,0,0,0,0,0,0,0,0,0,0,0,0,0,0,0,0,0,0,0,0,0,0,0,0,0,0,0,0,0,0,0,0,0,0,0,0,0,0,0,0,0,0,0,0,0,0,0,0,0,0,0,0,0,0,0,0,0,0,0,0,0,0,0,0,0,0,0,0,0,0,0,0,0,0,0,0,0,0,0,0,0,0,0,0,0,0,0,0,0,0,0,0,0,0,0,0,0,0,0,0,0,0,0,0,0,0,0,0,0,0,0,0,0,0,0,0,0,0,0,0,0,0,0,0,0,0,0,0,0,0,0,0,0,0,0,0,0,0,0,0,0,0,0,0,0,0,0,0,0,0,0,0,0,0,0,0,0,0,0
599,0,0,0,0,0,0,0,0,0,0,0,0,0,0,0,0,0,0,0,0,0,0,0,0,0,0,0,0,0,0,0,0,0,0,0,0,0,0,0,0,0,0,0,0,0,0,0,0,0,0,0,0,0,0,0,0,0,0,0,0,0,0,0,0,0,0,0,0,0,0,0,0,0,0,0,0,0,0,0,0,0,0,0,0,0,0,0,0,0,0,0,0,0,0,0,0,0,0,0,0,0,0,0,0,0,0,0,0,0,0,0,0,0,0,0,0,0,0,0,0,0,0,0,0,0,0,0,0,0,0,0,0,0,0,0,0,0,0,0,0,0,0,0,0,0,0,0,0,0,0,0,0,0,0,0,0,0,0,0,0,0,0,0,0,0,0,0,0,0,0,0,0,0,0,0,0,0,0,0,0,0,0,0,0,0,0,0,0,0,0,0,0,0,0,0,0,0,0,0,0
601,14,113,118,386,325,113,51,49,34,115,1325,0,0,4,14,14,60,69,24,12,8,8,41,256,0,0,0,0,0,12,39,34,27,26,17,23,181,47,10,42,239,185,480,442,147,69,42,34,233,1972,0,0,0,4,0,14,23,9,4,4,6,1171,1233,62,27,83,451,489,2406,5474,3698,2702,2871,2064,2834,23160,4,0,7,94,150,704,1013,386,107,90,41,374,2976,6,17,132,596,418,812,440,99,20,19,5,269,2836,7,0,17,45,42,66,53,19,8,7,5,47,302,11,6,116,200,61,50,11,0,0,0,0,46,514,77,31,451,1063,565,930,468,86,41,38,15,381,4151,0,0,0,6,10,4,9,0,0,0,0,69,97,106,55,726,2000,1241,2565,1998,602,180,158,65,1189,10878,395,201,1027,3804,4640,9338,12870,7166,4511,4512,3046,5891,57398,4,0,0,3,5,34,536,1177,971,1220,965,21,4934,4,3,10,46,73,374,668
602,12,73,105,276,169,52,20,14,16,69,809,3,0,0,10,10,43,68,15,9,8,6,30,195,0,0,0,0,4,8,29,16,21,13,9,24,122,29,12,28,214,199,388,271,55,24,20,16,138,1391,0,0,0,3,4,20,17,15,4,0,3,731,808,42,25,63,381,486,1984,3759,2013,1419,1164,713,1842,13884,4,0,19,41,98,366,446,159,45,39,15,179,1402,0,4,94,410,242,387,184,51,8,5,8,162,1549,3,3,10,26,19,38,37,4,0,0,0,28,184,3,5,92,130,40,35,17,0,0,0,3,35,376,48,22,316,690,396,498,232,35,18,18,13,251,2545,0,0,3,6,6,8,8,0,0,0,0,35,72,60,37,538,1310,802,1340,921,245,76,61,30,690,6117,264,176,788,3091,4215,6561,7965,3805,2333,1825,1180,3950,36146,10,6,3,19,17,66,443,850,587,632,385,30,3039,4,3,4,34,68,215,363
603,7,31,38,94,70,17,7,3,0,30,292,0,0,0,0,3,28,23,0,0,0,0,13,65,0,0,0,4,0,0,12,4,5,4,5,5,49,8,3,8,54,62,116,90,18,0,6,0,50,423,0,0,0,0,0,6,11,0,0,0,0,193,216,12,4,24,120,158,582,1045,500,240,201,113,551,3552,5,0,0,16,13,86,79,33,5,3,0,34,280,0,0,22,87,53,60,44,4,0,4,0,43,316,0,0,5,10,4,15,3,0,0,0,0,6,44,0,0,22,31,6,3,3,0,0,0,0,5,70,7,8,74,161,99,137,58,12,5,0,6,82,636,0,0,0,0,0,3,4,0,0,0,0,18,22,9,14,118,301,179,302,190,47,10,6,8,178,1368,78,84,218,968,1261,1944,2256,951,469,347,231,1219,10020,0,0,0,8,8,34,107,192,145,142,81,4,726,4,3,3,22,16,81,138
604,3,64,65,241,164,31,18,13,6,55,674,0,0,0,10,5,37,54,19,3,5,3,28,168,0,0,0,0,3,12,17,21,12,9,10,20,106,17,5,16,152,127,334,208,43,18,15,10,124,1074,0,0,0,5,3,12,16,3,9,0,5,636,690,30,21,37,292,305,1604,2969,1600,995,844,448,1543,10694,0,0,3,53,103,301,336,103,30,14,8,161,1115,0,4,70,310,208,292,144,23,8,4,3,127,1184,3,3,8,32,19,33,15,7,0,0,0,28,149,6,12,84,120,37,42,13,0,0,3,0,33,341,32,20,254,585,321,518,189,24,18,13,8,221,2191,0,0,0,8,7,10,3,0,0,0,0,52,80,47,38,422,1101,682,1184,702,158,60,27,25,619,5061,189,153,596,2614,3573,5405,6490,2948,1669,1311,732,3310,28998,5,3,0,15,11,49,365,545,360,440,235,14,2051,0,3,0,32,32,164,259
697,0,0,0,0,0,0,0,0,0,0,0,0,0,0,0,0,0,0,0,0,0,0,0,0,0,0,0,0,0,0,0,0,0,0,0,0,0,0,0,0,0,0,0,0,0,0,0,0,0,0,0,0,0,0,0,0,0,0,0,0,0,0,0,0,0,0,0,0,0,0,0,0,0,0,0,0,0,0,0,0,0,0,0,0,0,0,0,0,0,0,0,0,0,0,0,0,0,0,0,0,0,0,0,0,0,0,0,0,0,0,0,0,0,0,0,0,0,0,0,0,0,0,0,0,0,0,0,0,0,0,0,0,0,0,0,0,0,0,0,0,0,0,0,0,0,0,0,0,0,0,0,0,0,0,0,0,0,0,0,0,0,0,0,0,0,0,0,0,0,0,0,0,0,0,0,0,0,0,0,0,0,0,0,0,0,0,0,0,0,0,0,0,0,0,0,0,0,0,0,0
699,0,0,0,0,0,0,0,0,0,0,0,0,0,0,0,0,0,0,0,0,0,0,0,0,0,0,0,0,0,0,0,0,0,0,0,0,0,0,0,0,0,0,0,0,0,0,0,0,0,0,0,0,0,0,0,0,0,0,0,0,0,0,0,0,0,0,0,0,0,0,0,0,0,0,0,0,0,0,0,0,0,0,0,0,0,0,0,0,0,0,0,0,0,0,0,0,0,0,0,0,0,0,0,0,0,0,0,0,0,0,0,0,0,0,0,0,0,0,0,0,0,0,0,0,0,0,0,0,0,0,0,0,0,0,0,0,0,0,0,0,0,0,0,0,0,0,0,0,0,0,0,0,0,0,0,0,0,0,0,0,0,0,0,0,0,0,0,0,0,0,0,0,0,0,0,0,0,0,0,0,0,0,0,0,0,0,0,0,0,0,0,0,0,0,0,0,0,0,0,0
701,9,35,31,89,113,52,26,32,31,42,474,4,0,3,4,3,23,54,40,15,36,16,38,239,0,0,0,0,0,7,17,34,22,36,45,42,202,31,12,13,71,54,120,147,64,38,45,24,79,698,0,0,0,0,0,5,12,4,4,5,3,1049,1093,42,27,44,152,166,740,2265,2161,1755,2912,2816,2066,15147,5,3,5,35,73,380,660,346,140,145,73,228,2096,0,6,42,128,84,170,114,37,16,10,8,67,691,0,0,4,9,10,17,43,20,14,17,4,28,171,12,3,41,47,20,22,19,7,5,6,0,20,204,58,25,149,285,137,220,169,65,46,20,20,178,1361,0,0,3,0,0,0,4,3,0,0,0,60,78,76,45,241,508,324,815,1003,484,217,204,102,590,4605,240,102,349,985,927,2564,5277,4537,3481,5071,4532,3995,32045,4,0,0,0,3,19,283,835,842,1216,1109,32,4362,0,0,0,12,11,88,189
702,17,100,60,131,61,9,5,6,8,89,498,6,0,6,14,10,19,25,16,3,4,4,37,139,0,3,0,8,3,10,16,8,19,11,6,23,116,17,124,255,744,253,391,161,28,9,7,4,426,2430,0,4,3,17,4,17,4,3,3,3,4,593,651,35,154,312,1013,437,977,1185,856,701,825,566,1617,8669,3,3,25,58,49,215,299,115,43,50,18,120,996,0,9,63,72,48,103,60,13,12,5,3,69,459,0,6,11,20,3,19,13,11,0,0,3,23,121,7,21,97,74,19,36,12,7,0,0,0,61,330,43,97,521,358,163,215,148,22,5,7,5,308,1890,3,4,7,9,10,4,0,0,0,0,0,126,159,59,144,728,587,286,585,541,167,59,62,30,704,3959,148,448,1169,2222,1051,2134,2550,1783,1369,1463,990,3130,18463,0,0,0,5,4,28,166,348,375,559,439,18,1943,3,3,0,13,15,32,54
797,0,0,0,0,0,0,0,0,0,0,0,0,0,0,0,0,0,0,0,0,0,0,0,0,0,0,0,0,0,0,0,0,0,0,0,0,0,0,0,0,0,0,0,0,0,0,0,0,0,0,0,0,0,0,0,0,0,0,0,0,0,0,0,0,0,0,0,0,0,0,0,0,0,0,0,0,0,0,0,0,0,0,0,0,0,0,0,0,0,0,0,0,0,0,0,0,0,0,0,0,0,0,0,0,0,0,0,0,0,0,0,0,0,0,0,0,0,0,0,0,0,0,0,0,0,0,0,0,0,0,0,0,0,0,0,0,0,0,0,0,0,0,0,0,0,0,0,0,0,0,0,0,0,0,0,0,0,0,0,0,0,0,0,0,0,0,0,0,0,0,0,0,0,0,0,0,0,0,0,0,0,0,0,0,0,0,0,0,0,0,0,0,0,0,0,0,0,0,0,0
799,0,0,0,0,0,0,0,0,0,0,0,0,0,0,0,0,0,0,0,0,0,0,0,0,0,0,0,0,0,0,0,0,0,0,0,0,0,0,0,0,0,0,0,0,0,0,0,0,0,0,0,0,0,0,0,0,0,0,0,0,0,0,0,0,0,0,0,0,0,0,0,0,0,0,0,0,0,0,0,0,0,0,0,0,0,0,0,0,0,0,0,0,0,0,0,0,0,0,0,0,0,0,0,0,0,0,0,0,0,0,0,0,0,0,0,0,0,0,0,0,0,0,0,0,0,0,0,0,0,0,0,0,0,0,0,0,0,0,0,0,0,0,0,0,0,0,0,0,0,0,0,0,0,0,0,0,0,0,0,0,0,0,0,0,0,0,0,0,0,0,0,0,0,0,0,0,0,0,0,0,0,0,0,0,0,0,0,0,0,0,0,0,0,0,0,0,0,0,0,0
801,39,108,100,312,371,179,124,155,153,107,1673,0,5,0,17,18,58,109,62,27,40,37,53,429,0,0,0,3,4,14,45,59,77,133,118,54,512,79,24,57,196,127,336,502,321,208,215,146,257,2478,0,0,0,0,5,11,21,18,9,28,23,2634,2757,113,45,125,416,441,2070,6028,5999,5896,10018,11614,5236,48008,8,6,7,84,139,696,1925,1253,505,583,290,666,6164,5,15,108,363,317,634,629,224,83,70,25,215,2683,0,4,12,39,24,58,111,52,30,20,14,68,424,16,15,110,126,36,62,44,12,9,7,0,33,470,125,63,465,824,373,722,708,260,166,115,64,409,4297,0,6,0,3,4,11,6,0,0,0,0,46,84,157,95,707,1439,884,2182,3426,1815,791,804,391,1432,14130,688,296,1031,2902,3108,8537,16726,13233,11190,16423,16777,9657,100574,5,0,0,3,8,32,615,1838,2335,4282,5134,44,14283,0,5,4,35,51,306,624
897,0,0,0,0,0,0,0,0,0,0,0,0,0,0,0,0,0,0,0,0,0,0,0,0,0,0,0,0,0,0,0,0,0,0,0,0,0,0,0,0,0,0,0,0,0,0,0,0,0,0,0,0,0,0,0,0,0,0,0,0,0,0,0,0,0,0,0,0,0,0,0,0,0,0,0,0,0,0,0,0,0,0,0,0,0,0,0,0,0,0,0,0,0,0,0,0,0,0,0,0,0,0,0,0,0,0,0,0,0,0,0,0,0,0,0,0,0,0,0,0,0,0,0,0,0,0,0,0,0,0,0,0,0,0,0,0,0,0,0,0,0,0,0,0,0,0,0,0,0,0,0,0,0,0,0,0,0,0,0,0,0,0,0,0,0,0,0,0,0,0,0,0,0,0,0,0,0,0,0,0,0,0,0,0,0,0,0,0,0,0,0,0,0,0,0,0,0,0,0,0
899,0,0,0,0,0,0,0,0,0,0,0,0,0,0,0,0,0,0,0,0,0,0,0,0,0,0,0,0,0,0,0,0,0,0,0,0,0,0,0,0,0,0,0,0,0,0,0,0,0,0,0,0,0,0,0,0,0,0,0,0,0,0,0,0,0,0,0,0,0,0,0,0,0,0,0,0,0,0,0,0,0,0,0,0,0,0,0,0,0,0,0,0,0,0,0,0,0,0,0,0,0,0,0,0,0,0,0,0,0,0,0,0,0,0,0,0,0,0,0,0,0,0,0,0,0,0,0,0,0,0,0,0,0,0,0,0,0,0,0,0,0,0,0,0,0,0,0,0,0,0,0,0,0,0,0,0,0,0,0,0,0,0,0,0,0,0,0,0,0,0,0,0,0,0,0,0,0,0,0,0,0,0,0,0,0,0,0,0,0,0,0,0,0,0,0,0,0,0,0,0
901,0,0,0,3,8,0,0,0,0,0,16,0,0,0,0,0,0,0,0,0,0,0,0,10,0,0,0,0,0,0,0,0,0,0,0,0,8,0,0,0,0,6,6,3,4,0,0,0,7,30,0,0,0,0,0,0,5,0,0,0,0,23,30,0,0,3,10,12,46,114,60,43,39,32,69,426,0,0,0,0,4,19,11,5,4,3,0,6,53,0,0,6,3,0,4,8,5,0,0,0,7,26,0,0,0,0,0,0,0,0,0,0,0,0,8,0,0,0,0,0,0,0,0,0,0,0,0,0,0,0,5,3,3,7,10,4,0,0,0,15,45,0,0,0,0,0,0,0,0,0,0,0,10,10,5,0,5,10,10,32,25,14,4,9,0,31,147,8,7,14,57,64,169,237,118,74,66,50,147,1015,0,0,0,0,0,5,14,12,18,21,22,0,99,0,0,0,0,8,3,13
997,0,0,0,0,0,0,0,0,0,0,0,0,0,0,0,0,0,0,0,0,0,0,0,0,0,0,0,0,0,0,0,0,0,0,0,0,0,0,0,0,0,0,0,0,0,0,0,0,0,0,0,0,0,0,0,0,0,0,0,0,0,0,0,0,0,0,0,0,0,0,0,0,0,0,0,0,0,0,0,0,0,0,0,0,0,0,0,0,0,0,0,0,0,0,0,0,0,0,0,0,0,0,0,0,0,0,0,0,0,0,0,0,0,0,0,0,0,0,0,0,0,0,0,0,0,0,0,0,0,0,0,0,0,0,0,0,0,0,0,0,0,0,0,0,0,0,0,0,0,0,0,0,0,0,0,0,0,0,0,0,0,0,0,0,0,0,0,0,0,0,0,0,0,0,0,0,0,0,0,0,0,0,0,0,0,0,0,0,0,0,0,0,0,0,0,0,0,0,0,0
999,0,0,0,0,0,0,0,0,0,0,0,0,0,0,0,0,0,0,0,0,0,0,0,0,0,0,0,0,0,0,0,0,0,0,0,0,0,0,0,0,0,0,0,0,0,0,0,0,0,0,0,0,0,0,0,0,0,0,0,0,0,0,0,0,0,0,0,0,0,0,0,0,0,0,0,0,0,0,0,0,0,0,0,0,0,0,0,0,0,0,0,0,0,0,0,0,0,0,0,0,0,0,0,0,0,0,0,0,0,0,0,0,0,0,0,0,0,0,0,0,0,0,0,0,0,0,0,0,0,0,0,0,0,0,0,0,0,0,0,0,0,0,0,0,0,0,0,0,0,0,0,0,0,0,0,0,0,0,0,0,0,0,0,0,0,0,0,0,0,0,0,0,0,0,0,0,0,0,0,0,0,0,0,0,0,0,0,0,0,0,0,0,0,0,0,0,0,0,0,0
