SA4_CODE_2021,C21_F_Health_15_19,C21_F_Health_20_24,C21_F_Health_25_34,C21_F_Health_35_44,C21_F_Health_45_54,C21_F_Health_55_64,C21_F_Health_65_74,C21_F_Health_75_84,C21_F_Health_85over,C21_F_Health_Tot,C21_F_Educ_15_19,C21_F_Educ_20_24,C21_F_Educ_25_34,C21_F_Educ_35_44,C21_F_Educ_45_54,C21_F_Educ_55_64,C21_F_Educ_65_74,C21_F_Educ_75_84,C21_F_Educ_85over,C21_F_Educ_Tot,C21_F_MngtCom_15_19,C21_F_MngtCom_20_24,C21_F_MngtCom_25_34,C21_F_MngtCom_35_44,C21_F_MngtCom_45_54,C21_F_MngtCom_55_64,C21_F_MngtCom_65_74,C21_F_MngtCom_75_84,C21_F_MngtCom_85over,C21_F_MngtCom_Tot,C21_F_Soc_cult_15_19,C21_F_Soc_cult_20_24,C21_F_Soc_cult_25_34,C21_F_Soc_cult_35_44,C21_F_Soc_cult_45_54,C21_F_Soc_cult_55_64,C21_F_Soc_cult_65_74,C21_F_Soc_cult_75_84,C21_F_Soc_cult_85over,C21_F_Soc_cult_Tot,C21_F_Creative_art_15_19,C21_F_Creative_art_20_24,C21_F_Creative_art_25_34,C21_F_Creative_art_35_44,C21_F_Creative_art_45_54,C21_F_Creative_art_55_64,C21_F_Creative_art_65_74,C21_F_Creative_art_75_84,C21_F_Creative_art_85over,C21_F_Creative_art_Tot,C21_F_FoodHos_PS_15_19,C21_F_FoodHos_PS_20_24,C21_F_FoodHos_PS_25_34,C21_F_FoodHos_PS_35_44,C21_F_FoodHos_PS_45_54,C21_F_FoodHos_PS_55_64,C21_F_FoodHos_PS_65_74,C21_F_FoodHos_PS_75_84,C21_F_FoodHos_PS_85over,C21_F_FoodHos_PS_Tot,C21_F_MixFld_pr_15_19,C21_F_MixFld_pr_20_24,C21_F_MixFld_pr_25_34,C21_F_MixFld_pr_35_44,C21_F_MixFld_pr_45_54,C21_F_MixFld_pr_55_64,C21_F_MixFld_pr_65_74,C21_F_MixFld_pr_75_84,C21_F_MixFld_pr_85over,C21_F_MixFld_pr_Tot,C21_F_FldStu_ID_15_19,C21_F_FldStu_ID_20_24,C21_F_FldStu_ID_25_34,C21_F_FldStu_ID_35_44,C21_F_FldStu_ID_45_54,C21_F_FldStu_ID_55_64,C21_F_FldStu_ID_65_74,C21_F_FldStu_ID_75_84,C21_F_FldStu_ID_85over,C21_F_FldStu_ID_Tot,C21_F_FldStu_NS_15_19,C21_F_FldStu_NS_20_24,C21_F_FldStu_NS_25_34,C21_F_FldStu_NS_35_44,C21_F_FldStu_NS_45_54,C21_F_FldStu_NS_55_64,C21_F_FldStu_NS_65_74,C21_F_FldStu_NS_75_84,C21_F_FldStu_NS_85over,C21_F_FldStu_NS_Tot,C21_F_Tot_15_19,C21_F_Tot_20_24,C21_F_Tot_25_34,C21_F_Tot_35_44,C21_F_Tot_45_54,C21_F_Tot_55_64,C21_F_Tot_65_74,C21_F_Tot_75_84,C21_F_Tot_85over,C21_F_Tot_Tot,C11_P_NatPhy_sci_15_19,C11_P_NatPhy_sci_20_24,C11_P_NatPhy_sci_25_34,C11_P_NatPhy_sci_35_44,C11_P_NatPhy_sci_45_54,C11_P_NatPhy_sci_55_64,C11_P_NatPhy_sci_65_74,C11_P_NatPhy_sci_75_84,C11_P_NatPhy_sci_85over,C11_P_NatPhy_sci_Tot,C11_P_InfTec_15_19,C11_P_InfTec_20_24,C11_P_InfTec_25_34,C11_P_InfTec_35_44,C11_P_InfTec_45_54,C11_P_InfTec_55_64,C11_P_InfTec_65_74,C11_P_InfTec_75_84,C11_P_InfTec_85over,C11_P_InfTec_Tot,C11_P_EngRT_15_19,C11_P_EngRT_20_24,C11_P_EngRT_25_34,C11_P_EngRT_35_44,C11_P_EngRT_45_54,C11_P_EngRT_55_64,C11_P_EngRT_65_74,C11_P_EngRT_75_84,C11_P_EngRT_85over,C11_P_EngRT_Tot,C11_P_ArchBuild_15_19,C11_P_ArchBuild_20_24,C11_P_ArchBuild_25_34,C11_P_ArchBuild_35_44,C11_P_ArchBuild_45_54,C11_P_ArchBuild_55_64,C11_P_ArchBuild_65_74,C11_P_ArchBuild_75_84,C11_P_ArchBuild_85over,C11_P_ArchBuild_Tot,C11_P_AgEnv_RS_15_19,C11_P_AgEnv_RS_20_24,C11_P_AgEnv_RS_25_34,C11_P_AgEnv_RS_35_44,C11_P_AgEnv_RS_45_54,C11_P_AgEnv_RS_55_64,C11_P_AgEnv_RS_65_74,C11_P_AgEnv_RS_75_84,C11_P_AgEnv_RS_85over,C11_P_AgEnv_RS_Tot,C11_P_Health_15_19,C11_P_Health_20_24,C11_P_Health_25_34,C11_P_Health_35_44,C11_P_Health_45_54,C11_P_Health_55_64,C11_P_Health_65_74,C11_P_Health_75_84,C11_P_Health_85over,C11_P_Health_Tot,C11_P_Educ_15_19,C11_P_Educ_20_24,C11_P_Educ_25_34,C11_P_Educ_35_44,C11_P_Educ_45_54,C11_P_Educ_55_64,C11_P_Educ_65_74,C11_P_Educ_75_84,C11_P_Educ_85over,C11_P_Educ_Tot,C11_P_MngtCom_15_19,C11_P_MngtCom_20_24,C11_P_MngtCom_25_34,C11_P_MngtCom_35_44,C11_P_MngtCom_45_54,C11_P_MngtCom_55_64,C11_P_MngtCom_65_74,C11_P_MngtCom_75_84,C11_P_MngtCom_85over,C11_P_MngtCom_Tot,C11_P_Soc_cult_15_19,C11_P_Soc_cult_20_24,C11_P_Soc_cult_25_34,C11_P_Soc_cult_35_44,C11_P_Soc_cult_45_54,C11_P_Soc_cult_55_64,C11_P_Soc_cult_65_74,C11_P_Soc_cult_75_84,C11_P_Soc_cult_85over,C11_P_Soc_cult_Tot,C11_P_Creative_art_15_19,C11_P_Creative_art_20_24,C11_P_Creative_art_25_34,C11_P_Creative_art_35_44,C11_P_Creative_art_45_54,C11_P_Creative_art_55_64,C11_P_Creative_art_65_74,C11_P_Creative_art_75_84,C11_P_Creative_art_85over,C11_P_Creative_art_Tot
101,37,333,1594,1436,1607,2055,1581,670,187,9503,22,233,1140,1326,1352,1529,1461,573,158,7785,97,491,2206,2624,2919,2657,1672,549,147,13364,62,515,1809,2059,2188,2144,1291,354,52,10475,29,97,455,476,439,389,281,110,30,2309,110,332,926,802,708,543,330,135,23,3910,0,9,12,3,12,11,7,6,0,69,6,24,122,170,198,157,109,37,11,843,508,405,1019,1061,1142,1336,1335,1085,664,8558,913,2692,10321,10988,11679,11791,8710,3715,1350,62169,0,56,298,517,493,499,311,105,24,2303,59,138,481,462,440,268,71,17,0,1939,107,641,1660,2550,3027,2849,1978,893,244,13953,63,380,938,1242,1474,1239,742,338,81,6495,49,186,572,912,891,687,354,157,29,3837,28,213,920,1478,2114,1854,1018,438,140,8208,8,121,796,1212,1567,1976,975,307,89,7058,162,760,2374,3394,3116,2610,1249,424,177,14265,106,558,1685,2364,2255,1872,827,230,65,9967,18,142,451,540,497,419,233,93,21,2427
102,120,789,2765,2822,2765,2855,1944,836,233,15138,45,456,1899,2092,1982,1798,1847,699,170,10988,172,847,3192,4421,4333,3780,2649,1085,275,20755,149,946,2785,3032,3101,2611,1481,465,88,14654,72,360,856,905,640,449,299,152,33,3779,173,518,1428,1349,1192,901,604,257,73,6487,9,15,22,7,13,25,18,7,4,112,8,39,125,184,201,168,118,42,24,912,521,533,1260,1317,1234,1280,1691,1999,1795,11637,1320,4813,15199,17208,16546,14816,11292,5821,2775,89799,4,123,330,511,424,360,224,115,30,2125,60,242,651,693,527,272,63,14,3,2529,119,908,2541,3793,4770,4150,3227,1885,592,21974,90,609,1786,2152,2080,1592,1057,597,166,10130,61,234,576,619,521,282,171,77,24,2563,106,605,2115,2738,3298,2294,1160,636,171,13121,23,304,1593,1900,2148,2409,1115,557,134,10173,418,1546,4340,5178,4797,3799,2245,1002,319,23641,215,1053,2510,2853,2564,1863,882,352,88,12378,83,403,804,836,592,448,280,124,41,3614
103,73,502,1784,1484,1415,1690,1282,553,187,8956,31,311,1303,1317,1339,1223,1132,478,118,7260,77,470,1936,2146,2292,1999,1244,427,115,10716,103,501,1537,1553,1540,1289,707,213,34,7474,16,109,373,339,278,223,143,67,22,1567,103,348,885,755,638,376,219,99,20,3455,4,18,16,7,10,12,7,7,0,80,9,22,80,88,117,76,61,26,7,483,513,450,1021,1022,1105,1096,1162,1059,626,8046,965,2917,9664,9426,9457,8568,6331,3088,1178,51593,4,56,226,287,275,238,120,35,8,1243,33,122,254,230,201,134,43,6,0,1028,138,938,2296,2758,2912,2367,1436,688,163,13704,60,402,861,838,900,752,426,218,46,4499,72,245,685,887,945,716,488,170,33,4244,83,402,1223,1566,1901,1618,786,406,129,8108,14,227,1067,1372,1444,1572,772,311,78,6862,187,800,2279,2622,2516,1998,856,331,113,11692,111,511,1328,1442,1305,1001,423,147,40,6308,40,164,351,308,267,249,173,50,16,1600
104,43,267,1046,1048,1156,1408,1092,450,99,6621,12,136,679,891,884,1024,975,368,98,5068,63,281,1123,1319,1570,1529,1149,425,102,7554,45,285,995,1117,1280,1323,798,196,37,6064,16,46,230,274,250,234,154,71,12,1279,80,255,581,567,497,371,242,98,11,2700,7,9,9,3,3,9,9,8,10,65,8,18,62,69,94,79,65,11,3,403,346,271,723,754,743,737,850,827,608,5858,658,1652,5791,6496,6951,7147,5631,2559,1018,37892,3,23,96,159,177,233,119,41,11,867,32,97,160,173,151,100,36,10,0,760,95,304,800,1290,1799,1978,1397,726,180,8562,50,173,496,722,1015,902,494,237,66,4149,35,118,320,447,435,291,114,63,16,1840,41,167,650,1119,1513,1282,620,273,77,5741,3,78,526,800,1160,1384,701,242,52,4956,146,558,1354,1684,1938,1694,801,312,118,8594,70,292,847,1191,1346,1097,391,131,31,5398,18,88,238,295,310,255,124,42,15,1389
105,40,279,1158,800,657,878,579,254,81,4731,22,157,788,771,741,594,409,166,39,3675,32,181,1159,997,1028,903,492,163,28,4981,44,247,867,746,694,675,304,65,11,3651,3,37,118,92,70,52,52,30,6,467,44,158,405,327,271,185,132,54,8,1583,4,10,14,4,7,6,0,3,0,51,3,11,44,39,52,42,25,12,4,239,409,380,973,941,887,884,822,739,444,6488,620,1562,5947,5040,4688,4505,2956,1551,635,27498,0,26,97,120,101,99,34,13,0,495,12,57,120,87,109,45,20,4,0,453,91,441,1052,1223,1404,1181,679,319,75,6459,40,197,388,369,453,412,250,94,15,2216,57,199,480,584,559,334,191,81,11,2499,39,225,761,829,1113,819,401,179,67,4441,0,178,834,833,765,691,270,96,31,3703,90,437,1189,1341,1290,866,339,127,31,5711,63,292,784,830,713,515,171,40,10,3427,11,47,119,103,100,96,50,19,10,559
106,94,586,2278,2024,2008,2167,1606,620,151,11534,34,381,1473,1642,1409,1307,1249,435,120,8042,164,902,3326,3554,3376,2849,1658,593,122,16540,152,764,2244,2247,2068,1811,961,261,37,10537,39,163,439,410,335,256,196,86,29,1947,192,556,1575,1224,1015,599,374,137,19,5700,9,16,17,8,10,10,3,4,5,71,6,28,104,121,128,105,62,28,6,602,475,479,1143,1066,1055,1060,1227,1155,752,8403,1252,4175,13682,13329,12338,10955,7786,3484,1287,68283,3,95,295,383,335,315,148,49,8,1616,38,136,350,267,258,170,50,14,0,1278,189,1711,4276,4891,5100,4035,2427,1015,265,23909,49,371,947,1113,1155,952,672,250,55,5564,59,230,664,639,511,343,177,60,15,2691,58,402,1412,1859,2244,1796,914,352,105,9144,9,195,1001,1318,1415,1647,721,293,68,6660,331,1272,3247,3585,3130,2266,1225,430,122,15607,119,580,1615,1627,1509,1107,467,149,22,7197,30,179,418,353,280,244,139,79,15,1742
107,114,897,3077,2497,2202,2132,1390,509,153,12976,38,438,2156,2084,1915,1953,1796,633,153,11163,175,1046,3478,4071,3907,3139,1871,637,199,18533,155,1178,3048,3032,2795,2363,1295,376,70,14318,64,442,985,828,623,387,244,111,22,3704,162,614,1292,1121,978,617,349,157,25,5313,14,14,14,12,8,16,13,17,23,133,15,56,161,175,175,150,85,51,23,870,471,551,1124,1049,966,918,1035,1209,1046,8369,1238,5689,16733,16108,14677,12604,8581,3902,1826,81353,3,253,661,607,575,509,258,82,17,2964,58,349,956,616,448,205,54,16,0,2698,129,1297,3689,4770,5600,4590,2797,1470,449,24792,99,616,1626,1759,1527,1024,713,410,102,7872,29,139,490,473,381,196,97,37,13,1859,78,642,2049,2312,2516,1688,785,346,104,10525,13,349,1701,1935,2385,2495,969,381,100,10334,324,1920,4591,4868,4108,2810,1308,540,171,20653,172,1267,2814,2933,2482,1693,643,244,56,12310,71,467,902,763,568,346,168,80,26,3402
108,80,436,1569,1511,1753,2401,1782,788,228,10551,26,193,966,1131,1285,1538,1568,673,164,7542,106,399,1440,1920,2294,2734,2128,849,230,12102,94,484,1351,1635,1929,1917,1217,341,63,9036,17,71,254,289,278,295,245,97,33,1587,115,312,853,790,688,645,514,177,46,4135,6,22,9,4,10,17,6,6,4,88,6,15,56,76,101,130,83,41,16,528,553,371,919,937,1035,1362,1632,1597,1158,9555,1038,2414,7819,8799,10034,11751,9723,4792,2010,58380,0,13,85,202,221,280,202,76,30,1107,34,113,204,221,243,216,70,8,0,1104,103,475,1181,1917,2762,3033,2793,1541,439,14235,57,265,712,1100,1416,1367,959,469,103,6451,54,130,353,586,565,436,201,103,25,2452,48,311,982,1645,2378,1931,1108,534,145,9080,14,124,631,1174,1558,2008,1111,478,95,7183,203,672,1738,2411,2788,2490,1659,702,225,12893,101,395,1098,1544,1730,1381,624,227,47,7152,16,83,251,330,353,337,212,91,21,1706
109,32,287,1058,949,825,999,831,352,98,5439,12,148,710,823,704,732,580,279,47,4047,31,262,1012,1208,1221,1049,580,187,57,5605,44,249,809,858,939,899,515,123,17,4434,9,54,145,164,124,113,75,40,14,733,36,217,589,454,395,292,198,90,28,2294,3,15,9,8,3,11,5,3,0,52,0,9,45,58,61,52,39,16,4,287,328,262,607,619,612,736,789,746,397,5101,505,1616,5441,5540,5247,5200,3759,1908,680,29896,0,33,123,152,99,106,53,18,3,597,7,68,138,124,95,70,26,7,0,533,76,458,1094,1231,1517,1315,876,384,109,7057,51,262,453,490,560,440,292,168,30,2749,41,176,527,589,560,389,179,73,9,2553,30,230,793,818,1115,966,477,215,75,4715,5,105,590,693,857,779,445,142,42,3658,116,503,1430,1509,1378,955,439,185,54,6573,47,262,751,893,771,650,203,55,19,3658,13,62,196,147,128,110,55,20,8,755
110,92,416,1490,1199,1214,1482,1163,526,163,7738,23,240,1015,1177,1099,1096,928,420,100,6098,92,409,1582,1686,1809,1615,990,375,90,8650,87,373,1345,1326,1313,1224,686,225,42,6623,21,56,236,204,194,182,97,54,25,1069,106,299,674,566,428,331,187,58,12,2659,10,9,11,9,7,9,6,0,0,55,7,18,62,68,93,58,56,22,5,398,780,657,1230,1165,1220,1260,1188,1119,619,9249,1273,2719,8386,8117,7926,7777,5604,2916,1087,45809,0,60,197,273,276,274,150,48,26,1312,28,91,205,162,149,104,38,13,0,793,111,675,1609,1753,2116,1836,1169,464,107,9852,70,293,618,658,813,684,421,202,31,3774,80,295,853,941,837,656,395,158,42,4253,69,300,994,1319,1743,1468,793,327,118,7131,10,183,1010,1203,1361,1450,677,258,68,6235,173,749,1971,2269,2226,1680,793,259,76,10194,116,518,1268,1495,1411,1166,449,124,39,6577,38,126,261,297,250,195,110,63,18,1349
111,94,1156,4669,3772,3434,3363,2156,951,322,19924,43,593,2319,2659,2339,2275,2303,957,268,13755,228,1211,4484,5032,4656,3793,2479,931,270,23081,229,1258,3607,3449,3221,2612,1502,500,103,16493,77,449,1322,1061,673,432,295,144,48,4506,217,698,1635,1263,1158,754,490,173,56,6440,18,15,19,15,25,14,14,10,9,135,16,75,172,249,231,186,127,62,23,1131,573,707,1371,1257,1120,1137,1432,1685,1460,10733,1546,6653,21329,20348,18198,15608,11457,5700,2635,103484,4,274,778,799,679,630,319,112,29,3630,65,297,928,687,424,238,62,12,0,2717,155,1731,4992,5594,6421,5723,3779,2063,627,31082,98,772,1952,1964,1907,1480,1013,574,176,9936,38,161,588,594,432,260,154,58,10,2286,85,960,3370,3702,3954,2860,1355,722,204,17208,21,391,2133,2423,2803,3134,1532,700,172,13304,402,2121,5674,5712,5025,3775,1819,746,236,25514,183,1145,3160,3236,2902,2190,978,366,89,14248,77,614,1347,789,598,412,245,86,33,4195
112,71,422,1805,2179,2216,2593,1998,759,254,12295,37,213,1197,1687,1674,1831,1887,649,170,9341,110,533,1956,2492,2729,2636,1774,668,205,13104,79,448,1628,2219,2392,2474,1533,389,57,11229,37,221,910,1047,823,597,400,130,25,4185,130,381,1017,897,877,625,432,149,54,4568,7,15,11,7,7,12,5,10,4,77,9,28,114,156,192,164,100,44,10,827,626,542,1360,1482,1449,1549,1497,1414,1206,11119,1164,2979,10753,13020,13256,13284,10195,4395,2070,71132,3,45,217,391,389,443,192,84,28,1790,45,126,245,326,330,231,58,12,3,1367,78,511,1436,2051,2991,2892,2050,1159,391,13559,59,380,1017,1491,1726,1446,791,420,104,7440,57,185,614,812,719,512,199,89,24,3215,45,313,1371,2224,2979,2405,1092,538,171,11147,9,170,1007,1680,2196,2636,1152,459,121,9427,195,819,2357,3028,3218,2596,1281,620,203,14306,127,491,1563,2257,2487,2024,745,236,38,9974,50,265,779,970,825,633,223,95,33,3878
113,59,456,1531,1185,1085,1079,813,374,127,6716,28,210,965,985,1027,848,689,275,85,5106,95,425,1470,1668,1586,1437,861,301,83,7939,68,341,1144,1077,999,935,456,114,25,5146,6,88,257,213,135,115,61,38,16,930,70,273,733,566,411,286,178,54,18,2594,3,27,21,12,4,3,6,4,0,81,6,21,86,86,75,54,32,20,6,378,421,413,826,778,776,845,846,760,538,6195,791,2484,7741,7155,6576,5966,4137,2002,917,37777,8,74,232,253,207,158,67,28,6,1034,26,65,236,149,115,87,28,0,0,714,136,731,1707,1805,2001,1501,832,329,94,9135,68,350,632,590,733,567,265,152,29,3384,66,227,580,767,681,525,277,110,28,3257,49,337,1004,1161,1246,982,505,249,99,5636,6,181,840,1120,1102,1066,439,193,56,5004,146,747,2014,2091,1969,1362,538,196,74,9131,98,397,1108,1113,951,641,226,89,15,4636,19,143,309,212,167,117,59,32,6,1062
114,32,228,1132,1051,1101,1459,1265,527,166,6965,7,136,732,840,906,1144,1295,573,139,5764,62,300,1298,1490,1692,1852,1628,708,156,9186,55,336,1037,1227,1353,1435,1122,338,55,6968,16,88,299,372,305,349,270,129,36,1860,69,252,636,565,524,434,298,120,30,2934,4,4,13,0,8,7,7,7,3,57,7,29,64,96,134,107,81,40,16,562,355,255,570,596,668,780,877,894,640,5628,634,1754,6234,6708,7230,8130,7320,3552,1301,42867,3,42,109,177,242,260,197,87,24,1145,11,51,125,135,143,109,58,7,3,641,79,449,1160,1686,2316,2187,1993,1079,282,11235,41,231,616,806,953,847,641,313,74,4528,38,111,300,414,382,266,162,67,19,1760,30,188,629,1062,1465,1334,774,435,95,6011,5,106,454,798,1162,1482,823,349,56,5240,92,485,1147,1737,1936,1882,1397,515,152,9335,64,331,800,1197,1365,1173,655,242,52,5882,20,100,251,379,355,299,229,91,19,1743
115,61,602,1697,2020,1974,1662,1205,526,164,9919,32,333,1322,1714,1943,1581,1394,582,170,9064,78,732,3273,6385,5230,3356,1957,729,175,21920,82,757,1669,2339,2280,1567,982,277,67,10027,74,391,782,827,591,304,210,82,35,3285,127,309,684,709,781,440,258,122,28,3447,7,12,8,10,8,14,19,15,5,95,6,44,145,299,247,198,140,62,20,1165,206,214,640,812,620,572,509,594,654,4817,712,3819,11575,18298,15690,11125,7368,3232,1388,73205,3,208,460,868,980,708,323,98,16,3667,28,259,1058,1386,1009,386,69,7,0,4213,69,612,1797,3578,4316,3329,1928,713,222,16568,61,510,933,1499,1287,849,530,173,36,5886,31,152,388,436,374,236,102,37,17,1768,35,452,1190,1996,2177,1699,825,309,125,8813,4,303,1148,1822,2085,2057,913,309,105,8747,200,1662,4392,6679,6226,4498,1809,546,179,26189,120,888,1743,2240,2031,1522,550,203,66,9354,63,605,857,766,531,311,157,59,20,3358
116,105,893,3834,3221,2157,1528,915,225,78,12944,33,534,2315,2141,1709,1105,885,317,87,9123,167,1284,6270,8515,4709,3166,1558,365,71,26105,120,1090,3270,3612,2653,1737,741,167,28,13420,39,403,923,777,414,196,111,39,9,2902,181,554,1394,1306,843,478,233,89,16,5088,5,16,33,31,25,31,34,10,4,195,7,80,410,650,370,237,143,33,8,1933,725,893,2449,2380,1557,1203,1147,778,575,11706,1423,6502,24878,27834,16354,10734,6290,2184,935,97130,3,247,884,912,724,433,131,25,8,3370,85,467,2865,1972,643,217,32,7,0,6281,106,943,3702,4997,5004,3417,1555,630,121,20479,85,413,1287,1311,935,728,376,169,29,5333,34,128,404,387,311,143,64,10,0,1477,68,668,2223,2309,1943,1189,361,144,44,8951,13,350,1808,1789,1395,1194,460,191,51,7239,357,2360,8177,7049,4960,2928,829,239,67,26969,212,1101,3064,2668,1937,1140,386,100,21,10619,61,530,1060,620,301,227,90,26,3,2916
117,33,673,4014,2114,1312,1137,763,290,100,10435,14,234,1846,1292,1068,996,937,356,62,6802,63,2472,12277,7768,4085,2263,1036,328,83,30369,32,1391,7553,4443,2866,2082,1287,427,98,20175,80,1418,5497,2747,1407,830,352,103,24,12463,58,578,1608,957,587,347,195,67,14,4413,18,54,45,15,19,15,17,11,9,206,19,196,705,486,386,215,133,54,23,2214,316,1295,3683,1956,1153,966,822,614,391,11197,669,9866,42577,24765,14405,9826,6026,2458,882,111488,16,627,2185,1387,746,508,218,72,8,5755,23,502,3852,1815,648,224,43,4,0,7116,39,839,3935,2628,2081,1501,937,472,106,12540,35,392,1875,1457,904,579,292,140,22,5701,7,86,456,377,215,123,35,19,0,1327,23,632,3383,2306,1578,1094,516,216,83,9828,10,250,1732,1624,1375,1356,548,205,48,7153,172,3722,16079,8586,4125,2188,810,251,69,35997,73,1763,8537,5576,3431,2510,926,266,49,23146,90,1910,6657,3319,1685,706,225,89,18,14698
118,16,476,3115,2071,1657,1485,1059,634,220,10734,9,189,1387,1140,1212,1231,1321,620,193,7308,46,1056,6688,5594,4431,2597,1488,663,221,22781,31,707,4429,3702,3018,2214,1512,633,155,16402,46,706,3166,2238,1400,800,362,158,64,8941,35,169,768,592,586,388,263,150,31,2991,4,18,16,13,14,15,19,29,45,169,10,91,359,324,416,246,182,87,24,1737,278,514,1828,1297,978,711,744,893,1033,8263,478,4548,24358,18831,15109,10732,7598,4192,2098,87940,13,424,1533,1146,796,604,344,128,60,5067,9,236,1615,1168,680,252,51,0,5,4015,33,844,3158,2193,2104,1813,1298,768,341,12556,22,454,1848,1432,1031,745,432,187,69,6216,7,82,433,317,206,97,63,35,8,1253,18,510,3140,2650,2293,1798,1088,633,260,12394,8,205,1593,1477,1594,1765,832,428,163,8074,116,2346,11404,9038,5344,3149,1487,665,321,33871,56,1246,6232,5261,3704,2839,1341,541,166,21379,62,1049,4229,2727,1476,666,283,142,65,10689
119,90,1606,5402,3362,2413,2104,1321,532,202,17040,63,902,3877,3077,2696,2151,1605,645,249,15257,193,2534,11558,11000,8292,5502,2621,828,300,42828,115,1576,5447,5144,4120,2979,1332,334,71,21124,70,807,2115,1561,963,570,272,118,39,6509,176,745,2013,1986,1587,881,507,182,53,8130,9,42,48,39,41,54,51,37,41,368,20,166,470,520,442,308,169,89,71,2250,973,1471,4110,3307,2582,2199,1948,1877,1956,20429,1763,11168,39100,33446,25760,18745,10717,5076,3193,148954,17,461,1547,1552,1445,730,350,132,34,6277,62,760,5197,2980,1373,373,60,12,3,10815,139,1348,5379,6757,7304,5121,3385,2143,737,32310,112,818,2375,2480,1895,1278,873,528,178,10543,15,130,426,364,363,201,92,43,16,1657,100,1127,3783,3297,2918,1848,943,498,154,14667,36,742,2740,2884,2796,2382,1106,529,153,13354,504,5231,17483,12995,8745,4938,1886,957,409,53155,235,1935,5896,4838,3830,2349,764,312,80,20247,105,926,2324,1561,962,497,245,112,40,6769
120,32,854,3426,2168,1846,1670,1198,468,143,11812,12,335,1746,1476,1551,1590,1485,628,154,8974,52,1482,7429,6805,5378,3408,1692,491,180,26923,36,938,3858,3647,3230,2359,1455,466,106,16091,68,736,2655,1864,1299,769,320,128,39,7879,46,322,892,758,666,454,231,100,16,3485,0,20,24,11,11,39,20,13,5,136,7,108,397,398,361,237,163,59,18,1759,251,653,1913,1333,965,804,770,749,926,8368,534,6406,25749,21059,17177,12710,8036,3380,1693,96752,4,330,1435,1308,1064,678,296,92,25,5231,23,383,3239,1899,912,295,54,7,0,6810,32,540,2953,3028,3122,2182,1343,764,235,14204,20,325,1273,1503,1164,763,454,213,43,5752,4,77,341,304,239,159,50,19,10,1206,31,642,2908,2710,2399,1788,826,397,134,11835,5,291,1653,1796,2002,2172,863,357,121,9257,143,2969,11883,9480,5998,3316,1097,403,203,35496,69,1098,5004,4990,3559,2708,930,304,79,18734,73,973,3099,2352,1412,650,195,97,34,8880
121,50,844,3541,3581,3428,2998,2288,1483,674,18884,24,273,1840,2051,2389,2409,2631,1541,475,13632,60,1342,7781,11680,9720,5931,3608,1679,592,42387,39,971,4227,5346,5168,3711,2673,1255,336,23724,96,753,2282,2398,1775,1076,563,288,140,9358,88,230,746,839,790,473,322,163,59,3712,4,27,12,5,21,27,35,21,6,158,12,82,354,529,562,397,305,154,67,2473,301,370,1278,1440,1117,888,919,942,1099,8341,701,5681,25346,32897,28525,20503,14819,8263,3701,140428,8,457,1706,2056,2075,1576,1090,435,165,9570,26,328,3611,3330,2077,743,147,23,4,10294,46,585,3409,4303,4598,3510,2682,1560,610,21301,17,384,1302,1633,1548,1204,748,376,110,7312,11,143,548,559,462,304,194,102,32,2349,33,719,3480,4119,4398,3422,2339,1442,524,20457,11,304,1942,2601,3149,3442,2059,969,314,14788,141,3067,14023,15982,12507,8353,4266,1840,834,61021,87,1482,6296,7401,6515,5071,2617,1131,363,30974,96,1239,3502,2591,1838,1100,506,320,105,11291
122,51,452,1818,1909,1939,1903,1233,747,298,10353,10,249,1357,1586,1778,1734,1557,842,225,9340,50,791,3547,5239,5809,3569,2152,1133,347,22645,49,514,2133,2766,2955,1988,1190,482,115,12204,53,456,1544,1624,1269,693,345,165,56,6199,62,232,612,716,838,522,338,199,50,3558,5,10,9,10,5,11,9,7,17,81,5,30,186,256,335,171,107,71,32,1196,226,260,797,824,838,612,585,800,856,5806,541,3371,13204,16592,17473,12430,8189,4738,2095,78632,3,150,676,1113,943,652,386,131,54,4114,21,181,1023,1242,934,355,71,10,3,3844,37,451,2117,3185,3440,2568,2084,1190,408,15492,36,391,1624,1987,1549,1073,660,367,122,7814,14,116,502,568,409,177,122,66,20,1996,30,323,1749,2261,2282,1630,1058,617,189,10141,4,186,1480,1934,2003,2047,1133,477,146,9421,117,1469,6175,9017,6628,4466,2566,1082,433,31969,86,834,2835,3997,2840,2017,1038,392,123,14155,51,697,2002,1786,1098,617,315,153,73,6787
123,121,755,2611,2177,1732,1369,807,285,72,9930,27,422,2107,2105,1658,1168,916,234,68,8703,156,898,3876,4750,3325,2587,1418,364,78,17449,131,927,2891,2997,2113,1604,693,146,19,11523,67,310,715,470,265,188,101,34,13,2165,142,478,1313,1058,717,425,253,76,21,4475,3,20,21,19,11,23,19,34,21,175,11,67,158,260,197,138,76,15,3,931,532,550,1465,1440,1083,947,904,804,617,8343,1229,4809,16458,16817,12076,9111,5592,2134,942,69168,10,173,394,486,391,321,95,36,9,1907,62,245,1007,658,371,164,30,5,0,2541,136,1016,2874,3831,4233,3479,1637,560,145,17913,103,584,1342,1328,996,810,388,138,29,5718,42,159,423,334,301,177,73,21,3,1545,73,480,1469,1686,1577,1122,430,147,46,7024,9,331,1520,1632,1480,1383,482,156,31,7024,300,1572,4401,4250,3678,2506,753,211,54,17712,200,1035,2490,2198,1739,1023,294,78,21,9077,59,449,626,378,294,213,89,21,6,2138
124,137,798,2629,2427,2092,1877,1373,590,168,12095,40,475,2360,2234,2034,1845,1584,571,132,11281,148,974,3951,4661,3898,3047,1822,576,123,19206,146,1044,3206,3087,2675,2264,1295,381,65,14158,67,361,1061,881,617,464,306,96,36,3893,203,617,1555,1244,863,536,283,87,26,5426,9,16,14,19,16,18,11,10,0,122,20,61,195,263,219,126,96,45,6,1035,518,685,1742,1594,1281,1001,1018,1033,851,9722,1339,5451,18221,18007,14821,12092,8346,3597,1477,83346,3,177,481,605,596,482,227,65,12,2646,83,296,927,669,454,268,61,7,0,2762,157,1308,3574,4352,4873,4000,2083,793,236,21371,100,680,1662,1641,1355,1068,566,233,75,7383,57,282,609,584,447,282,130,47,18,2455,71,581,1961,2143,2393,1829,824,375,138,10317,9,389,1849,2170,2425,2445,915,339,77,10626,372,1868,4902,4971,4655,3467,1321,436,168,22156,202,1258,2962,2783,2579,2026,805,267,46,12934,69,537,1059,909,688,492,209,107,28,4099
125,77,1448,5297,3053,1989,1602,1037,427,140,15073,20,650,2851,2302,1845,1493,1102,570,162,11003,156,2056,10091,9610,5616,3647,1811,612,178,33784,113,1421,4493,4156,3112,2132,1007,318,51,16800,47,473,1641,1098,706,373,177,81,21,4609,128,540,1541,1421,916,494,236,103,25,5409,6,37,47,33,27,29,31,22,22,257,8,116,558,583,335,233,142,50,18,2046,806,1358,4045,3216,1996,1778,1359,1091,888,16537,1423,9385,36906,30790,18846,13329,7610,3594,1623,123500,17,485,1783,1524,1177,712,316,116,21,6146,65,716,5701,2831,1096,321,47,5,3,10781,99,1088,5183,5239,5357,3867,2444,1274,365,24929,80,576,1849,1698,1262,880,556,283,87,7266,16,99,411,349,307,154,72,53,4,1476,53,1042,3820,2843,2258,1614,739,329,97,12793,25,468,2202,2078,1944,1706,926,405,93,9839,328,4051,15145,9544,6028,3710,1579,646,184,41207,178,1455,4632,3568,2767,1809,677,230,64,15371,70,714,1714,1065,595,388,157,79,22,4801
126,31,438,2004,1571,1251,1265,957,430,173,8110,5,177,1063,1014,1023,1099,1020,561,199,6168,37,922,5141,5377,3753,2469,1394,505,214,19807,20,491,1886,2147,1689,1324,863,334,87,8846,31,400,994,875,585,347,180,73,32,3524,40,188,482,488,428,274,163,55,22,2131,5,15,6,6,11,19,25,14,0,108,15,55,164,232,206,125,103,52,20,972,131,286,943,835,525,538,468,509,656,4888,340,3443,15184,15041,10980,8749,5753,2816,1532,63827,3,221,820,927,959,675,370,164,39,4172,20,211,1932,1477,965,310,49,9,0,4964,25,328,1868,2260,2651,1944,1190,827,293,11385,8,186,557,734,665,452,286,183,62,3142,4,49,200,218,218,134,59,30,17,928,12,350,1382,1549,1721,1323,745,412,165,7655,8,176,915,1124,1399,1451,827,418,143,6461,157,2358,6034,5602,4420,2838,1235,649,311,23603,38,717,2253,2296,1993,1566,705,321,85,9977,40,501,1086,827,569,327,130,97,40,3614
127,109,1184,3599,2390,1792,1257,705,210,66,11311,64,816,3327,2388,1820,1230,849,296,54,10843,203,1537,6430,6899,4887,3076,1360,331,63,24791,140,1304,4144,3480,2621,1793,686,126,23,14320,40,485,1098,636,426,187,100,55,13,3034,170,587,1654,1684,1195,647,364,104,14,6417,15,12,48,32,36,25,15,11,0,187,18,113,305,309,248,156,88,22,9,1267,944,1044,2751,2669,2052,1832,1474,1163,895,14816,1757,7874,25546,22675,16451,11260,6101,2490,1176,95320,14,349,741,761,603,322,108,28,0,2930,84,593,2179,1226,553,180,29,3,0,4839,155,1133,3603,4806,5262,3648,1776,725,144,21253,95,605,1459,1508,1278,843,489,207,42,6531,21,86,240,215,225,158,43,20,3,1005,60,750,1934,1936,1533,1005,310,136,33,7689,26,550,1689,1617,1435,1158,486,147,27,7135,455,2803,7908,6300,4426,2327,667,219,47,25154,221,1355,2855,2297,1882,1072,300,86,22,10093,56,594,1053,569,349,181,93,20,7,2928
128,50,566,1753,1677,1630,1483,893,410,143,8598,21,332,1673,1690,1763,1749,1473,507,142,9345,90,745,2930,4390,4176,3133,1904,852,324,18549,78,626,1939,2210,1970,1355,796,255,60,9293,51,438,949,866,547,248,182,102,32,3423,96,301,773,794,810,445,335,145,42,3734,3,5,13,3,11,18,12,32,96,188,3,24,119,178,156,110,68,23,17,699,174,186,616,671,627,486,536,697,715,4704,605,3504,11599,13631,12794,9874,6684,3239,1637,63576,3,192,484,663,576,498,258,109,26,2801,30,179,753,698,471,238,42,6,0,2426,63,927,2549,3750,4240,3492,2379,1326,403,19132,58,595,1524,1635,1343,913,547,322,90,7037,18,94,339,339,269,134,65,27,7,1287,39,513,1536,1867,1938,1222,633,361,95,8205,12,335,1557,1778,2175,2117,819,317,84,9199,208,1546,4798,5841,5227,3962,1735,812,268,24391,128,987,2419,2363,1736,1315,481,197,48,9677,54,588,1071,731,424,284,180,84,25,3455
197,0,0,0,0,0,0,0,0,0,0,0,0,0,0,0,0,0,0,0,0,0,0,0,0,0,0,0,0,0,0,0,0,0,0,0,0,0,0,0,0,0,0,0,0,0,0,0,0,0,0,0,0,0,0,0,0,0,0,0,0,0,0,0,0,0,0,0,0,0,0,0,0,0,0,0,0,0,0,0,0,0,0,0,0,0,0,0,0,0,0,0,0,0,0,0,0,0,0,0,0,0,0,0,0,0,0,0,0,0,5,0,0,0,0,0,0,0,0,0,0,0,0,0,0,3,5,0,3,0,22,0,0,0,0,0,0,0,0,0,6,0,0,0,0,0,0,0,0,0,0,0,0,0,0,0,0,0,0,0,3,0,0,0,0,0,0,0,0,0,0,0,0,4,0,0,0,4,0,0,6,0,0,0,0,0,0,0,0,0,3,0,0,0,0,0,0,0,0,0,0
199,4,13,69,59,54,62,34,14,0,298,0,5,35,19,35,31,26,9,0,157,5,27,102,84,86,92,40,13,0,455,0,26,97,52,61,74,38,6,0,352,4,14,64,26,15,16,8,0,0,158,5,21,50,26,26,23,19,0,0,162,0,0,0,0,0,0,0,0,0,4,0,0,4,3,0,3,3,0,0,21,94,139,350,305,213,159,77,26,10,1373,115,259,843,611,522,498,255,66,20,3187,0,22,59,33,14,12,7,5,0,144,0,19,67,21,15,14,0,0,0,140,0,63,199,118,143,145,107,15,0,801,5,21,83,76,55,46,44,6,0,334,0,17,32,23,19,13,7,0,0,122,5,29,123,63,85,82,28,5,3,426,5,16,77,34,50,67,21,7,0,274,15,113,277,181,120,110,42,5,0,866,12,73,190,103,83,78,31,3,0,569,0,50,109,54,39,15,12,0,0,281
201,43,504,1678,1475,1420,1543,1139,468,143,8415,15,189,1093,1155,1096,1050,1125,466,124,6308,44,278,1282,1867,1587,1208,668,188,53,7163,80,391,1537,1605,1719,1509,984,243,29,8092,37,148,417,439,357,274,201,56,23,1957,52,239,787,622,493,346,236,81,27,2882,0,10,10,9,4,3,12,5,0,50,8,30,84,144,143,85,94,29,14,621,374,326,721,675,784,748,909,813,540,5887,691,2327,8284,8730,8248,7238,5609,2433,977,44530,0,57,204,282,229,199,85,27,12,1092,18,150,430,284,207,110,33,0,0,1229,86,511,1307,1790,1892,1721,1167,515,143,9132,106,434,843,740,719,536,358,148,26,3909,30,137,399,472,467,271,140,52,16,1978,17,399,1131,1432,1678,1375,665,287,78,7062,6,167,869,989,1168,1527,799,289,69,5878,111,659,1955,1985,1735,1131,475,177,65,8291,77,481,1166,1439,1414,1204,432,109,21,6345,39,207,443,422,310,289,157,36,9,1913
202,60,514,1902,1576,1462,1630,1216,495,152,9011,15,205,974,1143,1125,1039,1208,530,104,6343,23,244,1138,1522,1424,1160,595,220,66,6392,47,373,1402,1616,1625,1483,972,241,36,7799,12,113,373,446,385,258,199,66,21,1863,62,266,736,567,415,318,195,90,18,2661,3,10,11,8,7,9,3,0,4,57,0,18,80,153,150,110,86,28,8,642,346,275,698,708,777,789,862,865,711,6036,603,2169,7912,8417,8126,7308,5639,2655,1152,43977,3,56,197,296,243,220,129,37,9,1203,23,114,317,266,210,119,29,3,0,1081,76,487,1239,1650,1948,1777,1122,514,143,8951,83,367,740,789,733,570,367,173,28,3850,24,127,433,547,487,295,130,51,12,2110,30,344,1119,1419,1855,1383,671,308,81,7214,8,178,809,987,1231,1557,850,270,75,5959,111,545,1637,1724,1537,1155,466,170,68,7419,86,495,1107,1428,1449,1284,517,114,36,6523,32,175,413,443,328,301,161,52,19,1919
203,99,964,4227,3327,2786,2747,2070,864,286,17376,44,430,2216,2455,2034,2092,2300,968,226,12761,54,569,2946,3950,3220,2272,1386,465,135,14997,129,947,3160,3187,3082,2600,1616,449,68,15243,64,388,1106,1039,676,460,272,109,37,4162,117,484,1439,1240,922,649,451,224,46,5577,4,14,21,13,5,5,11,3,3,80,5,55,217,301,282,216,142,41,20,1275,519,554,1227,1289,1117,1094,1370,1362,969,9496,1076,5030,18420,18446,15419,13015,10116,4704,1876,88105,0,267,683,707,539,450,236,74,27,2980,41,236,640,513,340,183,36,9,0,1988,131,762,2414,3566,3648,3293,2121,1204,345,17487,110,878,1878,1757,1396,996,621,346,77,8068,17,182,559,647,515,337,219,107,21,2601,55,665,2286,2637,2853,2180,1031,549,201,12452,13,262,1542,1783,2127,2601,1472,528,145,10474,253,1168,3824,3857,3082,2265,1042,446,171,16111,236,918,2304,2609,2441,1821,750,248,74,11410,69,391,930,825,498,370,172,74,37,3359
204,55,421,1639,1563,1556,1739,1339,550,190,9047,30,213,1049,1158,1073,1173,1276,551,92,6612,45,304,1286,1752,1802,1499,814,274,68,7844,75,368,1321,1498,1591,1609,957,225,31,7679,19,85,284,323,224,204,132,51,31,1354,76,280,803,716,613,451,306,125,28,3395,10,14,16,6,4,5,11,0,0,77,5,21,86,100,144,111,69,30,9,567,468,375,745,819,951,1030,1061,1021,638,7107,834,2264,7874,8703,8698,8451,6332,2954,1127,47237,0,44,205,264,256,265,121,37,13,1211,39,73,226,190,193,133,35,0,0,886,112,601,1580,2099,2465,2232,1404,638,162,11280,74,360,688,884,923,761,444,210,55,4401,57,178,571,759,678,484,237,106,27,3104,41,296,1039,1417,1811,1521,797,371,109,7405,5,118,770,943,1259,1681,967,287,78,6097,155,557,1716,2044,1787,1368,574,226,85,8516,110,467,1171,1355,1430,1295,447,110,25,6413,41,141,314,294,260,215,93,53,12,1418
205,82,615,2502,2144,2018,2522,2143,849,222,13099,23,342,1684,1702,1724,1885,2025,892,155,10436,50,422,2061,2546,2397,2130,1371,445,115,11543,79,639,2345,2296,2581,2687,1763,411,64,12876,16,165,525,465,324,362,249,95,28,2243,106,382,1531,1134,907,732,509,217,29,5558,3,4,14,9,12,16,7,4,0,68,4,32,118,162,170,175,116,47,14,844,726,558,1438,1497,1480,1786,2053,1635,1008,12182,1162,3494,13204,13067,12604,13216,10737,4776,1712,73976,5,109,324,310,325,342,183,59,17,1677,29,122,358,240,229,138,38,3,0,1162,152,1071,2736,3553,4274,4017,2768,1265,302,20141,98,703,1456,1517,1601,1284,891,398,102,8045,69,276,1032,1031,815,485,235,105,21,4060,40,529,1612,1793,2439,2282,1170,493,159,10511,17,238,1180,1447,1879,2498,1438,437,108,9235,183,979,2768,2466,2318,2011,1006,404,109,12244,141,688,1788,2063,2272,2024,697,221,26,9926,47,231,521,403,390,354,190,75,34,2243
206,56,1897,10756,5502,3457,3000,1956,886,301,27811,33,598,4496,2838,2705,3192,2902,1078,230,18070,97,3732,17067,11371,7754,4259,2049,543,174,47057,94,2915,13734,8578,6234,4576,3093,1086,214,40523,175,2777,9829,5033,2585,1446,664,254,82,22849,106,919,2764,1545,1076,702,372,179,46,7705,28,86,43,18,17,22,16,12,4,247,33,566,1532,1129,939,594,351,138,41,5329,657,1992,5666,3238,2145,1739,1443,1259,969,19106,1325,18916,77712,45667,30454,21666,13838,5856,2212,217649,38,1345,4897,2993,1870,1275,563,169,64,13207,25,865,6557,3101,1328,508,73,9,0,12472,84,1726,8211,5083,3662,2804,1671,948,368,24558,62,1323,4599,2908,1676,1094,571,261,71,12564,20,255,1251,753,513,266,90,33,7,3192,36,1942,9214,5411,3932,2902,1459,695,220,25813,23,543,4246,3469,3891,3993,1665,567,147,18541,319,6420,25510,14827,7790,4527,1702,589,235,61918,161,3190,15196,10041,6667,5343,2172,671,174,43607,199,3565,11459,5381,2620,1301,445,151,55,25171
207,37,1158,3984,3271,3142,2936,2185,1317,589,18625,7,306,1738,1630,2224,2568,2646,1546,444,13100,55,1534,6122,7632,6978,4206,2146,901,364,29940,68,893,3006,3112,3711,2916,2023,952,276,16946,63,820,1752,1379,1035,640,383,178,97,6346,70,325,790,796,790,511,340,212,80,3909,7,32,16,20,14,23,30,18,12,166,9,162,312,427,563,372,258,144,66,2314,309,573,1275,1074,1013,875,916,1016,1041,8097,665,6953,22033,22897,22475,17317,11970,6781,3163,114256,11,562,1457,1634,1937,1348,761,329,165,8201,44,563,3025,2369,1672,625,92,17,4,8407,49,867,3149,3536,4232,3355,2693,1658,595,20139,60,555,1172,1499,1352,872,748,377,116,6746,19,126,353,371,336,229,109,72,30,1634,34,1109,3511,4108,4500,3385,2069,1277,451,20436,12,320,1560,2263,3365,3607,2203,930,324,14571,264,3675,10272,10669,8742,5322,2608,1378,640,43579,108,1441,3939,4764,4694,3814,1846,784,232,21630,101,1144,2347,1584,1142,746,334,208,73,7679
208,41,931,4197,3773,3588,3061,2065,1127,521,19294,20,406,2279,2410,3151,3282,3058,1331,384,16325,64,1212,5854,8389,7971,4481,2407,916,421,31705,88,924,3787,4472,4707,3322,2219,830,210,20560,86,776,2101,1860,1427,866,449,230,103,7892,88,369,1100,1076,1068,787,525,276,105,5387,4,24,20,13,18,11,26,8,7,126,3,158,402,586,769,412,257,122,59,2770,347,404,1350,1347,1194,979,1165,1246,1304,9338,776,6194,24083,27495,27078,19296,13302,6520,3344,128087,8,450,1542,1897,1726,1168,519,240,101,7648,27,467,2992,2513,1636,636,78,10,0,8372,83,873,3483,4711,5020,4035,2774,1782,717,23471,89,748,1746,2103,1820,1195,682,398,140,8921,5,140,485,547,397,206,113,72,14,1980,37,877,3445,4269,4241,2963,1661,1035,384,18913,14,302,2063,3233,4005,3854,1877,791,284,16412,240,2949,10629,12614,8725,5364,2342,1296,625,44778,132,1333,4575,5857,4764,3689,1562,609,185,22702,113,1074,2582,2157,1482,888,383,220,106,9005
209,88,1612,6186,5117,3677,2703,1701,612,225,21926,41,664,3818,3765,3328,2755,2145,761,168,17443,88,1299,6801,8171,5907,3662,1741,488,160,28314,172,1393,5555,6144,4858,3489,1788,477,84,23964,100,719,2274,2039,1165,514,270,106,35,7219,176,702,2389,2218,1601,949,502,179,44,8765,8,27,30,16,23,18,16,11,3,148,6,127,553,742,559,336,188,63,22,2603,643,803,2296,2122,1651,1506,1485,1300,1004,12805,1378,8498,33998,34877,25379,17512,10580,4281,1852,138349,13,531,1752,1778,1256,941,372,109,34,6781,41,474,3076,2028,967,389,68,8,0,7047,168,1603,5396,6516,6339,4805,2814,1305,375,29325,199,1151,2645,2616,1905,1268,766,329,79,10967,50,229,727,653,465,252,106,20,10,2514,54,1232,4177,4070,3600,2433,907,453,126,17051,16,541,2752,3093,3179,3101,1268,394,125,14469,334,3339,10066,8573,5962,3680,1328,483,192,33964,232,1759,5400,5192,4068,2710,891,300,64,20610,170,1033,2377,1823,921,515,232,88,33,7184
210,73,1163,4452,3047,2047,1500,847,356,95,13601,42,624,3266,2990,2409,1815,1143,414,75,12776,81,994,5342,5969,4029,2509,1068,332,105,20424,114,1185,4392,4370,3307,2096,950,221,29,16659,52,405,1290,1075,549,239,111,66,18,3797,107,547,1889,1634,1067,715,393,119,28,6508,11,32,26,26,13,21,23,3,5,157,11,94,437,552,325,206,121,33,10,1787,657,782,2305,2107,1623,1254,1123,1077,779,11704,1192,6670,26551,24842,17083,11263,6225,2777,1206,97814,10,256,872,902,634,395,145,38,8,3258,61,279,1834,1198,558,204,39,5,3,4186,162,1121,3754,4782,4863,3415,2156,1083,279,21615,166,860,1775,1577,1121,754,444,241,56,6991,18,135,440,417,304,174,80,25,4,1601,37,663,2094,2145,1945,1199,545,226,61,8910,10,333,1694,1963,2038,1632,706,244,58,8667,306,2034,6470,5598,3883,2076,798,337,86,21588,204,1238,3119,2926,2264,1347,380,118,18,11609,70,629,1176,773,366,208,126,58,14,3411
211,112,1536,5253,4577,4212,3582,2533,1161,374,23340,40,667,3506,3691,3528,3215,2877,1358,285,19156,76,1013,5865,8563,6877,4659,2518,913,306,30791,148,1270,4077,4839,4935,4011,2299,677,131,22395,109,628,1647,1646,1095,653,348,161,43,6327,232,747,2017,1770,1603,1036,679,319,75,8479,0,13,29,18,24,11,22,13,6,150,7,109,314,485,510,360,204,90,27,2102,482,570,1499,1582,1409,1337,1388,1610,1497,11373,1279,7407,27190,31349,27165,20749,13828,6687,2908,138549,4,456,1347,1700,1348,1002,477,171,43,6544,67,448,2590,2269,1408,673,129,11,4,7607,200,1644,5540,7624,8459,6914,4414,2081,513,37395,262,1481,3235,3385,2919,2004,1250,578,117,15242,58,397,1116,1103,849,355,169,81,22,4151,66,1334,3813,4422,4535,3309,1621,705,222,20021,15,533,2787,3339,3869,4298,2261,741,180,18026,412,2804,9320,9821,7971,5582,2487,955,336,39694,334,1923,4882,5226,4718,3646,1398,431,119,22677,123,1066,2217,1698,1084,739,380,151,55,7513
212,178,2503,9108,6823,4646,3164,2234,1059,373,30084,86,1138,4998,4915,4038,3049,2347,1119,326,22024,172,2454,12601,14059,9132,5610,2676,1020,347,48086,268,2281,7751,7911,6677,4660,2232,607,133,32529,81,829,2180,1587,877,479,329,140,44,6560,289,1310,3805,3356,2269,1310,792,300,86,13507,25,47,62,40,35,30,35,22,10,305,24,218,771,1043,660,440,261,123,40,3580,1271,1728,4677,3808,2980,2433,2281,2122,1647,22947,2518,14668,53373,50804,35273,23694,14344,7052,3219,204955,24,821,2289,2150,1718,1079,538,210,43,8860,82,926,5631,3629,1777,603,119,15,0,12791,319,2701,9080,10706,10561,7626,4694,2335,551,48569,307,1438,3095,2978,2317,1771,1147,557,105,13720,61,336,1050,899,650,372,191,70,12,3637,99,1604,5054,4686,3946,2965,1461,700,195,20707,29,540,3106,3530,3550,3217,1828,743,175,16712,758,5937,16295,12790,8786,5159,2426,1003,295,53442,396,2462,6863,6422,5160,3163,1174,410,87,26129,169,1194,2480,1462,886,569,326,150,44,7281
213,142,2024,8649,6492,4085,2533,1438,414,134,25916,64,1058,5370,5340,4042,2717,1580,596,120,20892,136,2144,13124,15610,8482,4626,1893,467,104,46585,209,2033,8749,9244,6585,4259,1791,334,51,33245,106,899,2979,2331,1123,534,213,64,15,8258,256,1294,3975,3757,2137,1153,598,186,41,13394,14,47,64,47,33,33,35,13,3,291,15,189,1014,1336,695,368,269,61,15,3965,1356,1787,5795,4902,3168,2355,2145,1615,1191,24310,2366,13144,58523,57990,33975,20266,10782,3990,1758,202791,16,625,2298,2014,1087,597,190,60,12,6892,88,810,6182,3377,1225,407,62,7,0,12153,248,2269,8559,9857,8812,6443,2919,1309,363,40782,252,1349,3479,2753,1775,1241,655,279,87,11879,30,229,871,716,462,245,87,35,10,2676,65,1244,4790,4482,3135,1892,653,271,85,16617,25,587,3560,3356,3028,2292,943,286,75,14159,639,4607,17722,12974,7143,3483,942,324,100,47932,390,2333,7691,6741,4382,2445,662,152,27,24823,99,1187,3103,2083,946,381,126,53,6,7990
214,56,628,2736,2716,2603,2413,1854,927,323,14240,33,339,1987,2136,2026,2020,2124,960,195,11819,82,404,2472,3554,3512,2647,1667,745,237,15323,90,654,2317,2793,2960,2523,1566,517,90,13512,35,260,834,833,646,450,311,171,37,3578,117,439,1393,1230,1037,757,625,286,55,5939,12,14,11,12,12,7,15,11,5,105,8,50,157,230,301,181,161,64,18,1170,546,475,1119,1240,1348,1183,1444,1543,1198,10096,1025,3608,13974,15998,15653,13068,10265,5479,2239,81311,8,120,406,509,424,372,264,121,45,2259,38,180,604,646,416,224,68,12,7,2197,140,832,2610,3671,4072,3460,2721,1501,465,19487,150,835,1866,2093,1722,1274,878,489,103,9402,44,213,658,697,539,229,121,46,20,2579,48,605,2034,2545,2588,1993,1244,656,184,11889,17,208,1432,1770,2062,2393,1477,521,125,10010,254,1169,3500,4105,3417,2815,1754,796,260,18076,209,900,2267,2651,2380,1890,957,318,76,11647,49,366,791,866,536,451,290,149,31,3529
215,28,337,1361,1028,970,1319,931,377,134,6491,4,185,911,794,828,728,741,382,89,4665,39,299,1172,1327,1124,873,396,115,26,5374,64,351,1136,995,1247,1162,643,130,24,5737,17,49,201,193,140,101,59,22,11,792,50,260,706,570,481,326,244,79,22,2730,0,12,28,11,4,7,5,5,0,74,4,26,59,74,55,56,39,10,8,324,413,337,845,827,838,913,1010,911,680,6773,643,1987,6970,6329,6112,5816,4237,2087,1008,35181,0,37,144,173,145,136,44,17,0,691,18,72,151,110,84,72,13,0,0,514,101,558,1230,1411,1617,1391,848,365,95,7617,61,303,489,537,645,492,278,129,32,2966,84,273,840,862,854,488,207,77,31,3706,40,318,901,1150,1527,1211,584,319,106,6154,12,154,789,872,1031,1162,646,213,62,4939,123,539,1453,1535,1178,771,275,96,44,6020,59,340,863,1148,1113,868,245,71,11,4724,11,108,229,206,146,101,57,32,14,898
216,37,358,1262,1016,984,1074,718,338,89,5883,12,189,743,735,724,655,607,288,61,4012,23,223,954,1148,1024,805,428,131,43,4784,60,350,1021,1054,1081,997,552,125,15,5257,3,55,165,115,88,68,51,13,5,563,59,210,687,516,400,294,214,74,13,2465,3,13,18,7,7,3,3,0,0,55,0,15,63,77,77,52,27,14,3,342,333,295,735,719,687,772,845,837,647,5873,570,1838,6148,5837,5468,5052,3602,1874,903,31286,3,30,151,185,141,104,33,20,3,667,13,41,124,79,56,35,7,0,0,363,78,466,1244,1598,1590,1271,852,394,84,7579,66,273,457,562,544,413,266,156,36,2780,37,169,498,555,542,292,143,62,11,2310,24,219,881,1037,1181,890,460,211,67,4967,8,140,595,681,820,972,486,180,52,3933,92,435,1262,1256,1087,704,262,134,48,5285,78,339,817,933,854,692,222,55,4,3986,9,78,174,113,92,62,46,20,6,607
217,20,257,1209,1052,1015,1294,983,413,127,6376,17,189,668,780,784,793,866,339,78,4508,36,214,785,1013,1050,823,432,105,30,4489,33,229,880,935,1085,1156,665,149,19,5151,5,53,175,193,165,146,118,33,13,898,87,247,626,540,428,279,172,78,22,2482,0,3,6,3,5,9,5,4,0,33,0,13,42,75,85,60,45,21,18,368,297,183,492,553,571,687,775,718,515,4797,540,1535,5401,5698,5654,5615,4233,1933,840,31441,3,50,152,216,134,154,56,20,8,791,10,34,102,82,74,50,13,3,4,375,103,495,1132,1424,1527,1160,663,322,92,6905,78,367,679,579,646,439,260,130,38,3215,85,229,688,813,720,442,204,62,18,3268,22,236,856,1027,1501,1171,550,284,69,5715,4,105,565,762,907,1168,541,202,52,4316,92,406,1261,1328,1063,746,270,100,34,5302,69,301,717,920,961,844,291,86,13,4201,20,84,222,195,180,140,66,26,4,941
297,0,0,0,0,0,0,0,0,0,0,0,0,0,0,0,0,0,0,0,0,0,0,0,0,0,0,0,0,0,0,0,0,0,0,0,0,0,0,0,0,0,0,0,0,0,0,0,0,0,0,0,0,0,0,0,0,0,0,0,0,0,0,0,0,0,0,0,0,0,0,0,0,0,0,0,0,0,0,0,0,0,0,0,0,0,3,0,0,0,3,0,0,0,0,0,6,0,0,0,6,0,0,0,0,0,0,0,0,0,0,0,0,0,0,0,0,0,0,0,0,0,0,4,3,0,3,0,0,0,14,0,0,0,0,0,0,0,0,0,3,0,0,0,0,0,0,0,0,0,0,0,0,0,0,0,0,0,0,0,0,0,0,0,0,0,0,0,0,0,0,0,0,0,0,0,0,0,0,0,0,0,0,0,0,0,0,0,0,0,0,0,0,0,0,0,0,0,0,0,0
299,0,16,70,35,37,41,21,0,0,211,0,5,22,27,19,27,8,4,0,115,0,18,78,55,43,35,19,0,0,255,5,22,86,48,38,50,11,5,0,264,0,5,30,18,7,11,6,0,0,77,3,8,38,33,12,10,5,0,0,116,0,0,0,6,0,0,0,0,0,3,5,4,12,4,5,4,4,0,0,32,85,95,311,356,188,118,67,13,11,1242,102,177,705,618,379,303,140,29,11,2459,0,13,52,25,18,3,5,0,0,118,0,10,54,25,13,4,0,0,0,101,7,37,135,113,75,58,40,9,6,488,4,30,56,59,38,22,19,5,0,224,4,10,30,20,7,15,4,0,0,83,0,18,86,52,38,44,9,3,0,260,0,7,43,30,27,35,9,0,0,152,14,90,208,111,63,50,22,8,0,561,4,46,163,83,54,36,3,3,0,399,4,39,122,37,17,15,0,3,0,239
301,195,551,1740,1930,1948,1804,1191,462,171,9993,40,267,1178,1666,1826,1561,1170,457,113,8281,328,620,2521,3775,3740,2672,1337,439,105,15540,204,579,1722,2267,2094,1698,1076,304,41,9987,82,253,558,603,454,259,135,91,30,2467,197,428,973,1013,832,563,387,129,24,4545,14,9,15,9,12,13,7,15,19,120,14,32,78,152,161,124,84,23,12,685,254,281,645,773,737,682,761,795,761,5686,1408,3284,10221,13362,12820,10064,6536,2869,1308,61873,11,120,360,512,433,316,128,41,11,1931,100,149,537,701,424,175,36,3,0,2127,151,792,2552,3522,4128,3273,1945,974,245,17582,94,547,1292,1369,1318,1176,640,286,72,6789,43,92,330,401,339,187,100,34,16,1544,48,347,1253,1826,2055,1365,682,338,123,8033,13,180,1046,1611,1687,1436,691,265,93,7026,348,1146,3361,4407,3726,2262,878,347,120,16595,211,730,1896,1990,1707,1313,502,149,52,8549,129,356,643,600,392,249,148,63,24,2605
302,156,830,3023,2452,1904,1427,866,462,179,11296,28,245,1163,1492,1521,1217,956,475,158,7267,212,822,3702,4308,3277,2025,898,302,109,15670,167,699,2353,2317,1962,1315,772,256,66,9908,78,383,1002,766,436,218,112,49,26,3068,127,431,1041,841,631,360,223,72,22,3755,10,18,25,12,4,7,14,5,8,101,6,55,150,228,187,128,66,30,19,872,210,342,927,775,556,489,506,626,750,5178,1058,4186,14893,14841,11409,7710,4672,2375,1379,62529,12,185,660,559,369,276,107,60,17,2238,83,232,1126,802,444,184,28,0,3,2900,74,692,2543,2862,2689,2128,1304,832,249,13382,75,436,1172,1056,914,694,450,250,64,5112,17,71,311,333,226,114,63,25,3,1159,45,615,2197,2135,1781,1161,626,355,127,9034,15,173,1285,1582,1419,1282,704,317,113,6902,309,1423,4897,4595,3101,1920,759,366,138,17499,194,777,2446,2263,1576,1124,413,170,34,9012,99,415,1010,661,363,209,101,72,18,2953
303,173,1429,5219,4133,2817,2161,1258,602,224,18002,35,416,1992,2304,2566,1969,1551,643,145,11624,395,1732,7015,7660,5146,2973,1412,398,102,26836,203,1291,4026,4130,2950,2010,1126,328,62,16119,130,836,1844,1406,792,443,194,83,36,5768,189,681,1353,1151,826,469,248,120,33,5059,23,43,32,28,17,20,21,6,3,200,22,93,327,396,291,171,122,51,24,1487,400,731,1804,1438,956,866,713,707,701,8313,1693,8267,27079,25935,18191,12227,7164,3148,1401,105107,24,620,1659,1271,907,619,241,90,16,5447,174,537,2654,1808,844,302,38,4,0,6367,132,1319,4575,4378,4374,3260,1912,1016,309,21273,92,686,1868,1653,1326,979,628,295,83,7602,20,120,550,456,333,214,101,34,18,1848,65,1070,4243,3632,3063,1917,912,496,149,15550,23,442,2210,2686,2562,2203,1059,370,117,11678,479,3861,10424,7748,5332,3234,1128,444,178,32823,239,1474,4706,4028,2861,2003,694,238,49,16290,146,1036,2105,1377,730,394,160,94,26,6072
304,118,519,1741,2040,1929,1607,1029,579,197,9753,24,161,842,1307,1600,1392,1366,609,138,7450,235,698,2085,3373,3067,1678,906,321,101,12460,165,667,1639,2212,2066,1312,1008,437,91,9589,73,372,711,774,585,330,175,89,32,3140,136,238,435,449,415,262,145,72,24,2184,37,17,9,4,5,10,4,6,0,93,22,44,100,152,168,114,85,56,20,760,174,247,463,480,371,319,336,363,422,3172,1046,3504,9464,12866,11725,7877,5523,2714,1075,55792,27,570,1215,1135,1009,719,420,172,29,5307,113,264,1025,1020,597,244,45,3,0,3315,54,762,2061,2455,2607,2033,1189,605,172,11937,48,368,800,876,771,606,346,174,42,4029,27,77,327,365,257,168,123,38,10,1395,34,592,1790,2211,2389,1596,933,465,138,10140,7,234,1075,1572,1779,1893,905,314,101,7891,221,1549,3874,4513,3643,2366,1009,392,117,17688,143,945,2402,2564,2059,1841,906,308,72,11244,116,599,1043,794,516,317,155,74,25,3646
305,106,1440,4907,2989,2437,2067,1013,470,128,15557,36,306,1488,1434,1675,1576,1344,508,110,8480,318,2260,7125,5765,4650,2436,1022,291,80,23944,165,1563,4842,3500,2844,1877,1125,344,57,16317,143,1256,2650,1518,1073,534,242,90,35,7543,175,698,1324,690,563,392,195,71,18,4117,30,52,36,10,8,12,9,3,0,164,18,126,323,309,285,179,116,48,13,1415,398,1010,2296,1333,891,728,553,475,354,8040,1431,9956,29050,20240,16120,10707,6030,2425,851,96801,10,668,1861,1111,747,478,227,74,17,5193,88,411,2154,1193,582,239,33,0,0,4710,61,1074,4276,3056,2491,1792,910,433,133,14229,26,572,1965,1397,1082,710,380,160,50,6343,13,117,570,376,264,166,58,26,9,1599,33,1072,4184,3251,2738,1619,798,380,131,14207,14,296,1704,1657,1843,1747,734,246,74,8312,279,2931,9688,7106,4383,2546,837,278,105,28155,129,1538,5696,4008,2821,2104,777,237,44,17356,159,1433,3279,1630,813,448,166,77,21,8016
306,86,550,2249,2016,1993,1879,1195,468,119,10566,31,210,1166,1615,1785,1499,1128,393,77,7903,173,614,2528,2950,2765,2146,1047,282,63,12557,179,515,1864,2197,2210,1806,917,272,22,9985,33,117,414,418,348,280,174,67,16,1869,258,495,1134,1040,977,596,317,103,22,4939,18,19,6,14,9,12,10,3,0,92,17,26,105,157,174,122,77,19,3,707,799,818,2083,1799,1683,1550,1353,937,523,11538,1669,3578,12476,13187,12811,10514,6559,2677,872,64345,8,81,424,523,417,317,166,40,12,1976,64,107,330,292,196,102,31,4,0,1127,159,898,2633,3470,3837,3094,1843,692,144,16773,94,454,1068,1439,1501,1194,675,242,46,6713,55,155,587,618,518,307,153,48,4,2450,42,366,1501,1909,2158,1469,687,286,83,8508,26,186,1172,1618,1752,1556,671,180,47,7221,369,1036,3127,3327,2710,1739,696,179,50,13239,205,541,1905,2195,1811,1272,478,96,30,8536,52,157,501,507,367,284,132,41,9,2058
307,50,270,785,697,784,950,611,298,85,4516,16,189,632,766,828,686,555,242,45,3965,146,339,1053,1189,1132,857,392,114,17,5244,92,269,693,745,832,782,416,103,12,3954,8,33,119,105,94,87,65,22,0,539,137,222,592,444,386,223,128,33,3,2168,22,6,14,5,6,6,3,4,0,61,11,13,48,45,53,41,32,8,4,251,424,343,789,760,860,857,789,714,426,5968,976,1875,5189,5247,5347,4780,3177,1586,611,28789,0,26,117,129,90,102,51,8,0,524,28,43,76,59,60,43,17,0,0,340,134,604,1392,1463,1500,1232,719,282,60,7382,35,197,416,457,459,425,255,109,26,2365,106,218,742,722,560,328,127,57,13,2869,21,180,556,797,968,770,451,170,60,3975,8,154,743,808,798,801,386,114,35,3855,181,427,1265,1316,990,668,260,91,26,5229,95,267,615,724,697,562,220,68,9,3258,14,35,118,114,90,92,56,22,13,554
308,107,507,1689,1415,1337,1374,714,333,75,7550,21,313,1196,1597,1493,1184,731,267,60,6859,256,658,2346,2544,2027,1473,607,146,30,10093,165,512,1452,1612,1430,1284,560,131,19,7154,18,71,235,240,159,119,43,20,12,916,207,477,1039,843,702,401,182,65,17,3928,28,9,11,6,4,7,11,3,0,86,20,29,94,113,108,86,49,16,6,518,604,629,1329,1339,1255,1147,919,786,504,8500,1513,3506,10317,10636,9185,7501,3967,1824,738,49191,0,89,293,306,277,187,90,13,3,1247,51,110,343,248,157,90,22,0,0,1028,240,1562,4292,4309,4140,2970,1395,570,105,19585,82,485,1012,1106,1118,921,434,195,23,5383,106,187,578,553,361,212,80,34,7,2114,26,384,1202,1387,1637,1060,502,167,39,6416,12,282,1447,1419,1391,1053,463,147,36,6246,365,1026,2701,2482,1997,1216,351,108,16,10268,146,461,1325,1318,1184,797,267,57,8,5559,19,126,318,260,166,118,57,20,8,1084
309,288,2025,6857,5752,4970,4326,2869,1142,326,28534,91,728,3072,4222,4138,3241,2625,1043,219,19368,1332,2497,8363,9595,8569,6131,3613,1232,280,41609,588,2032,5553,5831,5543,4185,2319,679,103,26823,224,888,2284,1851,1234,663,431,219,52,7847,606,1541,3574,3140,2722,1766,1308,540,103,15313,29,47,54,39,23,34,21,19,3,269,53,122,363,420,372,310,194,99,36,1966,1152,1625,3948,3345,3001,2524,2431,2527,2026,22577,4572,12389,36785,36676,32546,24607,16690,7843,3236,175345,24,454,888,759,694,550,296,105,44,3823,183,397,1418,1170,714,317,74,14,3,4299,271,1583,5085,6126,6727,5891,4169,1995,596,32443,206,1235,3583,4167,3738,2875,1755,721,163,18456,91,268,866,934,684,406,214,80,32,3575,174,1345,4121,4550,4671,3322,1649,735,212,20780,46,467,2887,3517,3343,3045,1559,523,159,15547,917,3557,10258,9668,7595,5643,2818,1105,327,41885,614,2029,5355,5185,4104,2953,1216,378,93,21918,266,1104,2282,1645,981,674,372,193,46,7576
310,288,916,3277,2789,2157,1784,1105,465,115,12903,36,395,1950,2338,1996,1528,945,361,71,9628,476,1269,4511,4846,3574,2360,988,263,57,18336,353,1185,3603,3536,3024,2218,1034,265,34,15249,98,292,750,586,405,186,126,60,17,2516,521,920,1853,1401,948,558,294,92,15,6605,78,26,30,24,21,12,13,13,3,222,40,65,208,281,193,141,69,26,11,1037,856,897,2129,1878,1479,1222,1057,937,557,11005,2885,6466,19995,19396,14936,10744,6017,2582,903,83913,11,151,623,576,389,283,101,34,6,2178,174,237,973,675,371,133,34,0,0,2591,215,1237,3840,4193,4157,3166,1859,740,162,19559,102,541,1228,1198,1054,927,587,223,49,5905,73,175,492,514,358,218,91,31,12,1953,57,540,1711,1899,1837,1355,673,252,62,8382,15,270,1400,1632,1550,1258,601,175,52,6941,516,1655,4719,4025,3056,1693,592,219,57,16530,253,1018,2891,2571,2165,1349,488,135,27,10908,113,332,695,529,300,198,101,46,6,2314
311,285,911,2732,2259,1872,1613,1034,402,95,11206,53,432,1864,2276,1977,1363,945,330,64,9310,483,1218,4371,4732,3493,2416,1261,347,76,18407,368,1224,3367,3397,2879,2062,992,223,31,14534,91,315,694,541,333,227,116,40,18,2373,412,901,1881,1320,1040,508,348,134,25,6562,36,27,34,20,14,10,14,7,0,171,23,71,181,199,161,100,70,29,6,851,946,1020,2530,2097,1664,1202,1252,984,602,12299,2844,6575,18997,18185,14397,10142,6381,2600,971,81096,8,140,414,414,289,259,95,23,4,1650,190,242,914,670,368,162,41,5,0,2582,243,1264,3608,4111,4292,3780,1981,701,135,20124,158,698,1719,1702,1525,1257,687,210,41,8002,61,137,449,424,338,181,95,29,3,1703,72,455,1538,1655,1789,1312,535,200,56,7609,19,285,1481,1609,1556,1338,547,131,35,6996,622,1786,4923,4202,3240,2088,761,217,64,17902,340,1100,2987,2532,1952,1264,372,92,18,10657,139,374,739,483,298,225,99,30,15,2407
312,41,403,1441,1112,972,974,546,186,57,5730,27,236,879,1180,1153,811,540,166,46,5043,140,535,2082,2109,1619,1100,415,118,17,8130,145,425,1116,1150,1081,907,360,79,11,5271,13,92,253,224,156,100,46,21,3,916,128,382,947,817,588,393,190,42,0,3497,30,6,5,3,3,5,6,0,0,59,18,16,74,72,74,64,12,15,3,354,514,692,1633,1335,1274,1107,764,588,309,8227,1096,3005,9180,8731,7490,5809,3000,1271,466,40058,0,90,238,231,166,115,61,23,0,938,60,73,189,136,91,53,6,4,0,614,216,1507,4260,4233,3880,2476,1075,397,73,18121,71,427,1012,979,944,767,393,106,21,4722,34,115,405,354,282,120,47,16,6,1394,25,296,951,976,1280,767,291,110,36,4743,15,176,1046,1131,1007,740,287,101,24,4526,227,900,2391,1969,1570,804,284,82,15,8245,116,360,1037,1024,828,478,148,32,6,4028,26,110,292,226,145,99,35,6,0,954
313,181,584,1674,1701,1817,1835,1472,664,159,10075,43,244,1148,1569,1544,1270,1207,516,93,7633,244,750,2455,3059,2827,2340,1532,486,103,13790,338,834,2132,2373,2391,2108,1241,326,49,11791,66,191,405,371,310,197,156,66,21,1775,247,596,1318,1036,901,630,440,168,23,5356,23,5,26,11,10,9,9,10,3,118,20,46,118,138,154,109,66,28,10,688,546,525,1215,1196,1157,1044,1246,1129,860,8923,1832,4044,11186,12230,11830,10077,7715,3531,1349,63796,23,65,213,253,207,212,127,42,12,1148,158,146,419,370,268,154,30,7,0,1553,164,740,2050,2989,3067,2986,2171,954,244,15361,109,500,1107,1302,1191,1063,736,336,91,6424,67,113,393,396,338,179,119,38,7,1647,54,302,1027,1586,1662,1443,785,326,108,7289,22,149,805,1141,1163,1199,698,245,68,5490,426,1062,2687,2796,2523,1790,881,303,83,12553,309,759,1812,1836,1598,1282,506,137,30,8268,77,216,382,358,254,177,129,68,15,1681
314,167,627,2140,2119,1943,1334,772,320,80,9514,40,277,1220,1790,1746,1154,799,276,52,7359,258,664,2739,3770,3100,1900,800,212,50,13492,268,776,2079,2457,2013,1310,648,140,16,9699,135,300,617,551,372,188,91,34,12,2309,244,469,1179,890,693,373,185,63,10,4109,26,17,14,7,10,0,7,3,0,84,15,34,133,191,141,79,35,16,4,647,253,311,830,775,644,435,425,389,278,4339,1481,3757,11857,13759,11544,7272,3982,1535,523,55707,9,95,343,468,335,223,93,18,5,1592,74,135,592,690,377,132,28,0,0,2034,129,649,2232,3143,2968,2214,1172,352,105,12967,68,434,1065,1202,904,674,392,123,29,4898,33,70,343,370,232,135,59,14,3,1259,41,354,1226,1827,1619,990,405,140,40,6640,15,138,1091,1550,1331,1054,441,107,18,5750,303,964,3289,3901,2859,1678,545,152,30,13713,222,613,1896,1916,1374,899,266,76,11,7278,100,308,537,510,290,169,70,44,10,2031
315,50,159,585,471,419,467,222,61,10,2455,25,197,636,506,421,364,152,52,5,2368,72,240,741,702,533,368,106,28,8,2805,41,153,465,454,396,347,144,34,4,2042,6,27,76,71,44,38,13,5,0,273,55,115,260,186,170,105,49,10,0,949,0,3,0,0,3,0,0,0,0,13,6,8,16,31,27,29,4,4,0,130,367,385,844,690,720,666,400,236,90,4401,679,1435,4018,3391,2952,2545,1130,444,126,16718,0,22,151,95,60,38,21,3,0,397,15,22,81,42,28,20,0,0,0,212,83,525,1394,1264,1153,798,323,76,14,5624,34,168,400,380,322,281,126,45,4,1761,109,173,359,335,266,127,48,11,3,1431,22,133,495,554,589,414,144,30,8,2393,8,191,706,507,455,304,93,27,12,2300,99,306,891,763,610,290,86,20,0,3062,54,184,614,500,412,265,83,16,7,2131,7,42,118,74,60,32,14,10,0,354
316,215,951,3772,3925,3881,3940,2548,1203,383,20821,60,286,1613,2766,3188,2994,2724,1197,261,15085,423,983,3488,4785,4970,4222,2743,984,251,22849,364,941,2713,3443,3645,3310,2194,606,104,17316,158,370,1088,1172,915,664,440,210,56,5069,370,842,1818,1627,1665,1182,782,334,60,8681,56,22,19,10,12,15,12,13,4,166,38,55,165,249,322,227,167,73,28,1321,657,675,1645,1656,1675,1651,1590,1654,1377,12576,2428,5547,17565,21162,21705,19316,13890,6554,2598,110761,10,110,377,510,480,474,334,135,33,2458,127,163,407,451,346,243,83,16,0,1841,200,829,2440,3710,4609,4238,3391,1733,477,21624,107,722,1991,2669,2602,2108,1194,617,160,12164,66,202,702,852,724,473,292,124,27,3460,77,494,2063,3245,3779,2729,1625,777,257,15053,19,213,1463,2591,2912,2865,1728,586,138,12518,583,1304,3563,4744,4343,3608,2062,858,230,21284,293,804,2301,2912,2751,2450,1155,331,73,13071,125,417,986,981,752,581,365,145,36,4388
317,134,576,1821,1435,1258,1169,898,457,139,7893,33,220,865,1186,1153,1093,861,390,77,5884,247,567,1901,1817,1611,1158,602,206,46,8160,173,514,1361,1373,1342,1051,588,157,32,6589,19,123,305,257,189,140,79,50,21,1180,253,439,816,552,411,300,161,79,8,3017,13,11,16,8,6,10,6,5,0,73,21,39,102,79,89,58,42,20,14,466,313,368,692,595,526,524,558,585,358,4528,1290,3092,8580,7915,7096,5834,3975,2026,718,40530,8,99,257,261,227,155,95,25,8,1135,64,118,308,209,132,70,17,4,0,914,130,698,1811,1773,1859,1361,836,413,90,8978,64,370,653,669,688,545,322,141,33,3494,55,128,388,426,412,228,131,41,5,1822,36,355,1128,1298,1456,1146,620,267,91,6402,11,158,890,1145,1277,1125,586,212,48,5449,299,906,2101,2020,1610,1016,400,155,43,8558,143,418,1219,1172,1058,759,333,114,29,5252,42,177,341,282,210,120,73,31,10,1287
318,113,796,2583,1982,1757,1497,871,355,81,10035,46,331,1229,1473,1516,1215,836,295,71,7023,233,644,2154,2564,2248,1615,636,171,37,10297,204,685,1887,1927,1879,1526,754,211,25,9107,37,122,316,309,218,153,82,43,17,1290,175,519,1043,847,651,442,222,68,17,3982,33,18,13,11,8,9,7,0,4,111,12,46,87,127,100,81,55,23,4,530,653,745,1493,1311,1265,1000,878,698,446,8498,1574,4242,11830,11477,10336,8029,4576,1965,733,54774,9,222,686,527,440,296,131,23,10,2342,77,207,396,284,181,80,20,3,0,1256,203,1364,3633,3691,3579,2720,1495,590,100,17379,90,484,1135,1145,1179,998,517,213,43,5803,54,169,512,415,328,160,85,33,0,1762,55,637,1981,2019,1888,1207,532,224,59,8601,8,240,1257,1508,1438,1170,522,178,29,6349,365,1126,3101,2899,2374,1341,412,133,46,11789,207,761,1910,1806,1585,1070,394,82,21,7831,58,225,460,350,258,155,92,26,9,1642
319,93,531,1817,1775,2128,2543,2036,779,206,11913,29,233,1055,1787,1920,1938,1551,607,111,9225,280,656,2068,2538,2594,2668,1695,509,65,13076,207,656,1823,2163,2585,2677,1542,326,27,12012,30,106,270,239,256,247,194,101,19,1460,316,590,1174,1045,1036,839,609,201,29,5842,15,14,14,11,4,14,14,13,10,103,17,33,101,107,117,139,121,58,13,698,728,560,1338,1310,1611,1892,2134,1888,909,12370,1811,3626,10295,11732,13031,13733,10363,4693,1436,70724,4,49,187,282,256,291,155,51,10,1292,97,110,278,226,206,167,47,6,0,1135,283,852,2088,2965,3830,4206,3306,1304,284,19124,94,395,910,1249,1507,1581,1188,445,84,7456,98,195,602,736,635,407,232,91,14,3004,47,347,1249,1835,2426,2107,1184,469,88,9758,18,232,1260,1833,2004,1841,1069,308,84,8651,527,1068,2492,2741,2584,2130,1049,340,70,13012,215,527,1608,1983,2099,1659,617,146,28,8886,61,127,278,286,245,273,175,71,23,1536
397,0,0,0,0,0,0,0,0,0,0,0,0,0,0,0,0,0,0,0,0,0,0,0,0,0,0,0,0,0,5,0,0,0,0,0,0,0,0,0,0,0,0,0,0,0,0,0,0,0,0,0,0,0,0,0,0,0,0,0,0,0,0,0,0,0,0,0,0,0,0,0,0,0,0,0,0,0,0,0,0,0,4,13,5,0,0,0,0,0,24,0,9,13,7,0,4,0,0,0,28,0,0,0,0,0,0,0,0,0,0,0,0,0,0,0,0,0,0,0,0,0,8,12,9,15,5,10,0,0,65,0,5,4,4,8,4,0,4,0,21,0,5,0,0,0,0,0,0,0,3,0,0,0,0,3,0,3,4,0,16,0,0,3,0,8,0,0,0,0,11,0,8,9,3,6,5,0,0,0,29,0,6,4,0,5,5,0,0,0,21,0,0,0,0,0,0,0,0,0,4
399,4,28,106,63,65,117,67,11,0,470,0,8,51,24,40,75,50,10,3,248,8,51,178,114,116,158,102,3,0,732,5,36,142,108,91,126,64,8,0,579,3,14,73,26,25,10,14,0,0,164,12,29,70,48,33,37,15,4,0,246,7,0,3,0,0,0,0,0,0,8,0,3,6,9,0,8,4,0,0,30,61,135,384,277,233,198,129,35,11,1462,105,325,1099,721,647,778,458,79,13,4217,0,23,51,34,11,32,12,0,0,155,4,8,29,20,19,17,3,0,0,93,10,68,199,154,145,311,196,38,0,1110,4,26,96,59,67,118,61,17,0,437,4,16,40,29,30,33,13,5,0,160,4,29,99,65,94,123,45,11,4,481,3,18,53,41,54,94,45,7,0,313,18,81,198,96,125,144,65,12,0,743,7,65,138,76,81,102,32,3,0,503,0,32,88,30,26,27,12,3,0,213
401,57,1019,3783,3343,3158,3104,2296,1068,448,18281,36,328,1546,1737,1896,2135,2486,1172,289,11625,170,1046,4047,4969,4127,2783,1547,546,168,19397,207,888,2908,3199,2972,2534,2070,772,144,15679,87,527,1223,1029,770,538,325,169,74,4739,126,349,845,757,735,559,394,181,62,4007,13,32,14,7,11,21,16,8,3,124,14,69,228,292,279,219,201,96,40,1434,364,486,981,789,806,745,815,903,802,6686,1116,5475,18013,18428,16554,13822,10897,5220,2127,91653,18,395,1309,1326,1200,1022,494,193,74,6042,32,249,1280,953,626,324,61,5,0,3534,90,920,2810,3415,3556,2853,1783,1075,395,16885,71,504,1088,1326,1203,942,615,316,105,6176,32,187,547,649,582,346,169,89,29,2618,60,1004,3508,3845,4168,3313,1763,921,356,18949,17,260,1335,1889,2683,3534,1701,549,250,12215,233,2193,6067,6221,5076,3587,1630,624,277,25911,123,1232,3748,3644,3586,3472,1533,500,156,17990,69,740,1770,1316,1013,591,309,140,46,5990
402,135,1326,4488,3645,2763,2564,1571,579,163,17244,47,527,2389,2289,1858,1443,1214,529,114,10411,232,1203,5497,5917,4281,2805,1395,412,115,21855,257,1355,4619,4357,3742,2946,1455,341,62,19143,119,363,891,675,367,206,146,81,20,2872,270,774,2226,1734,1163,746,399,149,42,7502,7,30,41,34,40,39,30,16,8,244,20,78,308,428,214,158,103,42,16,1360,694,744,1867,1576,1399,1203,1341,1504,1043,11377,1856,7153,25015,22969,17090,12915,8097,3878,1658,100638,16,247,1020,816,547,409,172,70,15,3313,81,381,1754,987,552,280,56,6,0,4091,244,1717,5406,5998,5753,5065,3248,1618,391,29442,169,774,1458,1392,1273,1099,878,430,77,7544,76,275,686,531,437,278,103,44,4,2436,108,929,3083,3007,3111,2048,797,373,86,13542,14,345,1704,1688,1580,1800,896,304,71,8392,437,2377,7337,5867,4394,2805,1084,420,118,24841,339,1657,4303,3777,3141,2039,662,196,36,16154,83,491,1076,662,421,287,159,56,17,3242
403,53,1107,4218,3977,3485,3646,2535,982,344,20354,74,376,2084,2263,2103,2059,2306,1032,223,12512,148,840,3847,5195,4417,3226,1824,635,195,20320,296,1109,3772,4009,3773,3180,2067,612,137,18960,127,386,917,914,635,405,272,120,56,3835,248,613,1406,1319,1135,707,593,246,59,6342,3,19,28,26,23,36,35,12,4,173,9,57,215,289,273,199,145,61,34,1282,389,427,1006,1078,964,1006,1140,1180,870,8046,1422,5479,19254,21019,18264,15523,11610,5149,2034,99749,9,425,1172,1092,946,823,435,133,42,5071,51,264,1131,897,640,322,67,5,0,3389,154,1119,3725,4768,5212,4834,3038,1797,577,25216,146,775,1582,1581,1555,1334,811,463,159,8407,35,258,714,664,562,311,123,66,32,2753,51,866,3472,3780,4388,3209,1413,750,279,18216,13,276,1660,1967,2541,3275,1641,582,205,12158,351,1902,6307,6118,5284,3784,1660,826,304,26551,219,1423,3949,4118,3810,3095,1244,451,121,18424,57,595,1328,999,665,500,252,105,41,4546
404,52,878,3336,2178,1664,1644,1020,376,150,11303,36,264,1491,1290,1133,1241,1058,342,119,6975,93,779,3441,3544,2699,1895,906,290,102,13750,171,758,2579,2407,1982,1752,917,233,49,10842,45,288,839,670,410,237,152,56,23,2714,106,397,1149,863,797,535,336,158,43,4382,8,9,13,9,23,33,20,5,9,124,6,42,168,242,168,112,78,27,20,861,207,374,897,802,711,667,685,708,459,5510,755,4274,15752,13382,10542,8735,5475,2337,1039,62299,0,226,858,683,455,327,134,49,8,2738,35,185,1080,617,352,156,27,4,0,2460,91,902,2808,3157,3186,2578,1686,1124,406,15929,57,403,907,942,820,566,377,282,81,4440,5,138,331,289,229,130,49,25,10,1209,37,594,2273,1925,1824,1295,509,285,90,8832,4,199,1071,1133,1396,1484,637,235,94,6245,221,1533,4786,3876,2731,1709,732,358,136,16094,110,776,2820,2322,1970,1383,472,167,33,10059,20,417,1071,685,418,242,104,43,15,3015
405,28,235,685,678,749,1190,884,302,87,4848,19,133,531,639,598,574,610,282,47,3430,24,156,687,1046,977,773,411,129,40,4247,66,202,696,737,922,1007,539,117,9,4292,10,39,117,108,93,75,63,20,13,537,69,160,436,406,346,229,180,51,15,1895,0,8,10,5,8,0,4,4,4,37,0,15,30,47,54,50,24,17,8,245,245,153,377,427,542,641,730,649,338,4109,495,1239,3878,4503,4629,4840,3603,1633,589,25402,0,23,141,160,153,152,67,19,0,718,11,32,86,84,61,33,10,0,0,311,58,457,1039,1352,1563,1486,1087,487,109,7637,28,144,250,300,413,370,317,112,32,1968,41,158,517,532,432,277,102,34,9,2092,17,126,468,721,1237,981,443,181,55,4225,0,99,509,516,606,865,451,123,44,3226,107,278,1017,1129,960,712,345,121,36,4684,71,235,596,745,844,679,252,80,9,3509,10,46,127,117,85,104,68,23,9,585
406,34,155,622,456,506,657,373,116,42,2958,17,128,534,472,427,331,299,132,30,2366,19,133,622,703,612,413,188,51,14,2753,46,168,594,578,602,540,251,58,4,2836,0,14,71,67,45,35,15,13,0,263,44,117,336,283,228,146,83,27,5,1267,0,7,4,7,0,4,4,5,0,32,3,3,24,28,29,28,17,8,0,139,236,187,503,448,514,511,460,378,205,3453,419,990,3571,3290,3178,2774,1760,802,313,17091,0,29,110,78,64,59,20,4,0,361,4,36,86,46,46,27,13,0,0,257,79,543,1366,1526,1580,1174,685,285,66,7310,24,151,272,291,338,337,193,89,17,1710,46,118,313,294,179,123,53,13,0,1142,7,136,454,642,759,517,186,88,17,2796,6,153,556,459,396,482,213,70,19,2357,67,311,944,918,648,459,145,33,19,3535,36,211,591,645,618,387,123,20,6,2631,4,34,102,92,72,41,25,0,0,372
407,42,318,1131,1109,1231,1774,1457,617,174,7852,37,196,873,911,908,949,1237,539,107,5756,96,321,1351,1680,1555,1452,856,266,61,7640,141,397,1272,1286,1563,1603,1022,255,29,7564,30,75,194,194,164,142,102,53,17,958,142,310,788,632,576,431,335,118,38,3367,0,3,10,10,12,12,9,9,0,62,0,24,61,58,91,83,61,37,6,407,439,300,708,755,881,1017,1206,1063,643,7002,1006,2120,6923,7288,7580,7944,6614,3055,1105,43636,0,39,193,204,198,208,122,40,6,1007,27,64,157,120,89,97,17,0,0,572,104,635,1644,2100,2297,2224,1689,743,201,11633,66,319,578,596,691,598,406,232,64,3544,71,291,867,981,737,519,244,86,20,3814,33,219,806,1170,1718,1460,758,365,114,6641,4,149,761,830,892,1438,790,214,81,5166,239,561,1865,1930,1704,1277,694,256,70,8594,142,401,1022,1215,1319,1147,487,129,18,5868,19,83,221,208,157,161,117,46,19,1038
497,0,0,0,0,0,0,0,0,0,0,0,0,0,0,0,0,0,0,0,0,0,0,0,0,0,0,0,0,0,0,0,0,0,0,0,0,0,0,0,0,0,0,0,0,0,0,0,0,0,0,0,0,0,0,0,0,0,0,0,0,0,0,0,0,0,0,0,0,0,0,0,0,0,0,0,0,0,0,0,0,0,0,0,0,0,0,0,0,0,0,0,0,0,0,0,0,0,0,0,0,0,0,0,0,0,0,0,0,0,0,0,0,0,0,0,0,0,0,0,0,0,0,0,0,0,0,0,0,0,3,0,0,0,0,0,0,0,0,0,0,0,0,0,0,0,0,0,0,0,0,0,0,0,0,0,0,0,0,0,0,0,0,0,0,0,0,0,0,0,0,0,0,0,0,0,0,0,0,0,0,0,0,0,0,0,0,0,0,0,0,0,0,0,0,0,0,0,0,0,0
499,0,8,30,12,12,19,16,0,0,106,0,0,6,3,9,14,6,0,0,39,0,13,32,29,12,20,8,0,0,119,4,3,27,23,20,17,4,5,0,107,0,4,9,3,0,3,0,0,0,16,0,10,22,16,9,9,7,0,0,60,0,0,0,0,0,0,0,0,0,0,0,0,4,0,3,0,0,0,0,11,17,21,77,88,52,34,29,5,4,316,36,61,214,187,122,116,75,11,5,826,0,7,17,9,3,0,4,0,0,35,0,0,11,4,0,0,0,0,0,22,6,15,59,33,47,50,34,0,0,240,4,7,22,19,14,15,12,0,0,79,0,8,16,3,3,5,0,0,0,35,0,4,30,17,14,21,8,0,0,95,0,3,18,8,11,20,3,0,0,65,0,31,48,38,19,21,9,0,0,177,4,5,46,36,30,19,4,0,3,147,0,9,15,14,6,5,0,0,0,50
501,135,345,1200,1476,1318,1544,1168,525,145,7859,107,201,847,1441,1579,1381,1050,369,88,7056,207,464,1666,1943,1729,1379,892,290,76,8649,225,360,1052,1533,1511,1293,767,201,27,6973,65,114,340,358,282,234,169,80,24,1669,130,288,843,750,662,440,292,97,15,3518,15,13,10,8,9,10,9,7,3,84,10,22,77,104,117,93,63,23,15,516,391,293,764,871,859,889,908,768,465,6215,1376,2324,7533,9454,8865,7817,5601,2449,876,46282,13,56,299,376,310,202,104,35,7,1402,47,80,195,155,104,74,15,5,0,676,214,910,2314,2797,2916,2221,1288,497,117,13281,118,469,874,881,1001,732,413,175,37,4697,66,154,550,595,503,310,161,60,8,2409,38,194,915,1218,1524,1209,692,253,59,6098,36,146,832,1392,1452,1291,563,184,52,5951,301,660,1694,2013,1641,1209,570,181,53,8321,143,328,964,1163,1056,840,320,107,11,4933,30,115,304,318,267,200,94,49,13,1405
502,74,212,637,624,632,737,614,306,89,3936,46,151,491,669,748,658,516,212,56,3545,98,248,754,975,1005,890,648,323,52,5002,94,280,728,849,782,803,426,123,19,4107,30,67,131,125,100,78,78,34,15,660,81,220,551,440,407,271,255,106,17,2358,13,5,8,4,7,5,8,0,0,54,6,14,33,42,44,45,23,13,5,229,202,208,414,442,460,436,549,601,455,3767,676,1520,4038,4542,4472,4166,3267,1790,739,25208,8,35,84,116,89,62,43,17,9,459,29,74,122,83,78,41,18,6,0,442,99,398,969,1287,1409,1278,1107,526,99,7177,66,208,362,420,440,363,406,205,36,2521,13,40,186,159,120,86,72,32,5,714,25,109,352,450,617,539,375,185,39,2696,15,97,366,572,602,527,302,144,32,2654,131,302,735,874,867,753,591,218,43,4524,79,212,447,541,590,366,187,82,19,2533,31,55,119,97,80,71,60,29,6,552
503,54,577,2799,2036,1896,1767,1209,674,300,11312,38,153,763,843,1101,1272,1342,634,229,6374,153,772,3036,3081,2641,1709,867,383,161,12801,71,699,2373,2181,1803,1406,1046,422,144,10134,98,405,1014,727,530,300,198,122,38,3440,49,234,511,363,304,215,161,71,37,1941,7,11,13,12,9,9,5,3,0,73,14,74,170,173,164,119,102,51,26,890,196,429,1080,679,526,494,535,477,440,4849,712,4171,14067,11865,10270,8156,5896,3014,1448,59596,9,484,1478,1023,1002,714,348,160,46,5267,16,160,913,508,394,144,42,5,0,2180,43,744,3089,2097,2065,1597,830,417,155,11044,38,408,1043,695,655,537,303,133,47,3852,13,81,378,254,194,137,109,59,16,1232,21,613,2487,2367,2545,1823,1100,594,213,11756,16,185,875,1102,1553,1636,846,354,138,6703,97,1403,4837,4177,3451,2095,1073,439,194,17763,61,821,2957,2559,2208,1938,854,381,111,11901,63,670,1474,791,556,354,186,69,26,4200
504,81,793,2683,2234,1714,1494,974,419,128,10518,64,346,1666,1739,1808,1467,964,388,85,8529,259,836,3464,3942,2951,2026,1008,406,97,14984,183,722,2454,2622,2124,1641,929,241,40,10959,119,331,861,741,440,282,176,66,17,3027,177,555,1554,1143,799,523,304,116,22,5205,20,28,27,12,12,18,11,4,0,134,11,50,201,245,179,131,80,33,9,941,382,445,1283,1121,962,796,724,718,524,6957,1361,4594,16004,15491,12136,9051,5546,2509,976,67659,11,172,711,777,534,357,149,44,10,2769,69,205,899,604,379,148,38,4,0,2349,223,1248,3411,3956,3998,3174,1694,697,189,18597,103,525,1028,968,931,805,494,206,44,5103,39,136,404,422,302,191,82,27,4,1595,36,460,1496,1603,1609,1238,607,266,65,7371,63,272,1165,1647,1703,1311,647,204,59,7065,262,1287,3950,3807,2883,1768,808,285,80,15133,182,722,2214,2166,1832,1357,513,149,29,9163,113,446,1022,707,442,326,146,52,21,3273
505,195,1729,6311,5473,4559,3823,2302,1037,325,25761,202,774,3566,4232,4339,3562,2460,975,229,20332,472,1654,7157,9158,7415,4758,2718,1064,357,34755,431,1626,4899,5469,4479,3209,1921,553,115,22704,225,721,1656,1592,874,484,321,145,51,6062,339,1079,2854,2330,1956,1240,740,300,71,10912,63,38,31,28,22,32,30,14,3,263,36,119,377,435,338,254,152,62,22,1796,661,841,2452,2203,1770,1444,1484,1483,1157,13493,2701,9612,32878,34649,28292,20357,12903,5889,2462,149749,10,508,1807,1755,1389,854,360,135,33,6858,144,458,2019,1691,925,382,64,6,0,5693,372,2407,7181,8336,8462,6554,3504,1645,428,38884,311,1480,3105,3137,2879,2007,1116,546,125,14706,58,251,908,752,506,296,142,69,11,2989,103,1397,4474,4821,4605,2912,1417,606,172,20511,94,667,3090,4102,4333,3327,1486,569,180,17850,527,3038,10186,10243,7612,5081,2429,973,320,40408,374,1880,5188,4879,3758,2694,1062,349,69,20259,181,953,2117,1392,773,601,254,123,30,6434
506,210,1750,5849,4784,3271,2759,1992,903,247,21773,209,719,2698,3142,2874,2567,1856,805,194,15055,482,1895,7364,8472,5900,3852,2111,800,233,31113,390,1517,4602,4966,3823,2858,1669,480,85,20401,221,732,1479,1215,661,378,226,124,38,5066,336,1066,2422,1981,1348,812,581,208,42,8789,49,40,42,26,24,35,23,17,7,267,35,107,401,446,302,206,147,50,15,1717,728,1058,2752,2349,1751,1500,1423,1507,1299,14363,2797,10086,32219,32047,22347,16399,10717,5130,2258,133999,26,685,2020,1717,1196,809,358,114,34,6961,155,515,2391,1387,750,288,53,6,0,5542,448,2778,8147,7579,7465,6170,3271,1407,367,37637,216,1082,2024,1778,1679,1540,939,493,131,9881,77,299,902,740,537,374,198,97,27,3245,120,1341,3976,3268,3371,2527,1246,582,152,16587,94,597,2322,2708,3029,2621,1304,497,171,13341,600,3856,10357,7750,5793,4114,1927,696,227,35318,383,1737,4664,3859,3363,2588,1024,320,72,18005,217,918,1848,1037,622,417,255,103,41,5459
507,192,1332,4757,4344,3419,2969,1811,817,272,19915,222,653,2638,3150,3219,2627,1836,729,212,15285,366,1294,4898,6459,5272,3555,1949,712,241,24745,337,1220,3821,4208,3788,2926,1701,533,84,18617,202,573,1245,1170,760,484,290,130,46,4896,312,786,2113,1736,1405,864,536,201,50,8010,38,27,42,23,25,29,15,7,7,211,25,88,277,340,296,187,134,47,20,1425,618,803,1919,1682,1433,1229,1258,1168,1057,11164,2414,7670,24472,26182,21642,16192,10183,4581,2062,115398,19,411,1375,1351,1111,780,323,100,21,5482,148,363,1261,901,587,238,52,4,0,3553,378,2077,6074,6892,6758,4965,2683,1409,374,31619,168,758,1749,1755,1701,1209,832,420,96,8692,50,244,743,664,540,327,150,68,15,2795,89,996,3202,3407,3337,2138,1153,548,187,15056,89,483,2036,2758,3008,2416,1115,436,113,12449,413,2175,6203,6577,5234,3468,1480,731,227,26502,310,1354,3558,3641,3175,2249,877,307,62,15531,153,691,1394,1068,684,481,211,92,26,4790
509,65,246,816,808,859,1127,859,411,132,5319,32,147,595,853,942,1005,812,323,75,4782,116,295,902,1107,1053,986,587,224,50,5320,88,186,632,788,839,897,616,142,21,4217,34,59,169,155,173,146,120,65,12,934,66,166,431,371,392,244,184,62,16,1928,11,13,8,4,7,10,3,6,0,59,0,11,26,56,71,74,45,11,3,291,376,279,679,750,942,983,972,761,418,6159,856,1572,4795,5561,5857,5939,4438,2074,754,31848,0,36,191,232,182,131,89,22,8,888,30,55,113,93,85,50,20,0,0,452,152,603,1366,1650,1868,1609,1004,394,95,8747,72,218,392,438,506,523,349,145,27,2665,119,241,810,824,720,516,255,98,16,3601,27,142,563,819,1146,1034,614,234,62,4643,15,132,688,964,1060,1094,503,158,68,4679,173,406,1164,1308,1148,967,441,147,41,5800,88,215,679,792,863,806,289,80,19,3830,37,68,140,214,205,203,98,30,6,994
510,19,168,812,636,412,349,131,29,0,2556,7,136,688,656,464,326,106,21,3,2411,64,220,1084,1089,644,374,94,15,0,3597,42,149,653,614,428,300,92,20,0,2290,7,25,182,125,74,38,17,3,0,462,34,121,429,317,215,99,16,4,0,1235,0,3,12,3,3,0,0,0,0,21,3,14,39,57,49,38,7,0,0,208,399,494,1535,1220,965,679,280,101,38,5715,616,1427,5993,5196,3510,2301,772,195,45,20064,3,62,284,253,99,45,12,0,0,761,8,33,144,91,55,14,0,0,0,346,93,951,3347,2874,2232,1141,195,38,9,10879,25,278,761,633,498,281,71,15,0,2556,42,113,372,274,172,86,25,0,0,1093,19,148,719,740,631,353,72,10,3,2678,6,132,760,670,470,344,62,12,0,2459,107,426,1505,1165,828,385,56,4,0,4484,28,234,753,626,489,260,36,11,0,2436,12,62,226,178,111,65,13,4,0,663
511,56,276,831,698,703,616,407,197,55,3838,23,146,652,744,840,653,350,132,24,3564,115,339,967,1062,940,689,312,108,26,4555,67,186,664,654,570,537,275,68,7,3038,23,58,152,164,97,72,36,27,7,626,66,216,517,402,387,183,109,48,3,1939,7,17,19,4,7,3,5,0,4,55,4,12,36,41,30,39,16,12,4,198,415,461,1005,1022,931,889,713,467,257,6161,840,1878,5413,5331,4852,3897,2322,1084,394,26003,6,89,306,261,140,93,21,4,4,918,44,55,165,101,69,36,3,0,0,480,151,987,2461,2494,2215,1562,698,254,45,10852,67,244,532,535,552,456,235,86,13,2724,51,128,425,412,325,219,99,41,5,1701,30,202,676,872,829,640,304,108,22,3687,9,176,781,898,825,519,224,57,19,3504,157,422,1257,1269,1014,650,229,78,18,5086,88,256,719,708,639,409,135,22,4,2958,16,91,227,173,123,91,32,20,0,768
597,0,0,0,0,0,0,0,0,0,3,0,0,0,0,0,0,0,0,0,5,0,0,0,0,0,0,3,0,0,8,0,0,4,0,0,0,0,0,0,5,0,0,0,0,0,0,0,0,0,3,0,0,0,0,0,0,0,0,0,5,0,0,0,0,0,0,0,0,0,0,0,0,0,0,0,0,0,0,0,0,0,5,3,3,8,0,0,0,0,20,3,8,12,6,7,3,5,0,0,48,0,0,5,0,4,0,0,0,0,11,0,0,0,0,0,0,0,0,0,0,0,12,42,33,30,9,4,0,0,128,0,0,10,8,3,3,0,0,0,28,0,0,4,0,0,0,0,0,0,4,0,0,3,0,5,0,0,0,0,10,0,0,0,0,0,0,0,0,0,3,0,0,0,0,0,0,0,0,0,6,0,0,0,0,0,0,0,0,0,3,0,0,0,0,0,0,0,0,0,0
599,0,15,59,48,17,32,26,0,0,195,0,4,22,21,21,20,9,0,0,106,4,16,84,52,43,46,17,0,0,269,0,23,56,35,29,49,17,0,0,209,3,3,34,14,4,6,0,0,0,62,9,5,27,20,16,12,7,0,0,91,0,5,0,0,0,5,0,0,0,5,0,0,0,0,0,0,0,0,0,10,61,106,265,278,228,156,95,21,9,1217,76,196,590,509,363,340,179,25,7,2290,0,21,39,25,14,11,3,0,0,121,0,9,26,8,0,3,0,0,0,57,5,46,192,152,132,156,97,3,0,788,6,34,69,45,31,50,24,6,0,264,4,5,30,17,18,14,0,0,0,91,0,20,77,53,45,89,22,0,0,314,0,3,42,34,33,62,27,0,0,199,5,44,145,82,71,86,28,7,0,455,0,40,96,54,51,43,12,0,0,296,0,24,53,29,11,11,10,0,0,142
601,42,720,2500,1925,1685,1799,1437,635,222,10966,11,171,1159,1391,1333,1530,1456,685,214,7951,109,829,4949,3395,2349,1830,1042,340,139,14970,88,677,2665,2519,2359,2073,1375,404,81,12242,22,191,783,598,485,360,276,123,32,2863,83,361,1104,819,687,472,279,134,24,3965,4,28,19,8,15,9,18,7,0,113,8,62,203,230,199,150,96,52,14,1015,358,397,1147,887,733,786,936,908,544,6689,742,3889,16446,13130,10966,9757,7378,3422,1337,67058,0,212,769,917,723,573,244,113,33,3585,50,271,854,515,327,162,35,6,0,2216,105,657,1892,2422,2694,2350,1614,893,256,12873,111,549,1018,1163,1285,855,586,296,90,5949,25,136,465,542,462,239,108,67,20,2054,19,460,1530,1782,2204,1846,910,477,163,9394,11,131,982,1244,1773,1940,981,468,160,7674,275,1309,3587,3164,2843,2101,934,466,152,14841,116,858,2461,2570,2490,2011,757,253,72,11591,32,290,716,688,539,440,224,106,42,3078
602,28,352,1391,1160,1092,1299,970,439,116,6862,14,125,600,894,934,926,854,450,117,4921,43,359,1606,1451,1345,1164,709,232,63,6984,64,361,1129,1129,1266,1173,751,179,30,6074,7,79,260,239,225,215,168,70,15,1278,80,291,726,547,497,288,227,76,18,2747,0,16,8,7,4,6,8,6,5,64,0,15,70,79,84,63,64,31,10,430,248,281,576,504,585,688,777,733,376,4766,512,2072,7070,6589,6500,6235,4773,2296,770,36810,6,58,195,247,220,229,107,31,5,1088,20,99,314,178,146,76,15,3,0,858,119,541,1303,1668,2051,1771,1146,543,144,9266,60,354,554,676,764,570,365,207,42,3597,48,145,441,488,409,275,132,72,14,2033,11,272,842,1039,1366,1158,598,242,86,5613,4,114,705,839,1050,1115,659,261,74,4818,125,559,1648,1689,1584,1162,493,198,64,7524,96,334,925,1195,1184,1024,353,107,21,5244,20,112,343,297,254,257,125,56,19,1496
603,7,48,178,213,232,404,274,103,27,1487,0,30,125,208,206,274,270,122,25,1266,12,73,349,367,326,361,202,57,10,1748,10,69,237,338,355,470,287,48,3,1815,3,10,71,110,91,113,73,24,0,497,10,53,170,165,114,108,68,17,0,708,0,3,4,3,0,0,5,5,0,19,0,0,13,26,33,26,22,7,0,142,98,81,201,208,229,301,273,204,77,1663,148,406,1540,1832,1778,2262,1565,612,160,10291,0,3,53,82,101,82,50,18,0,392,0,12,38,46,41,36,3,0,0,181,20,96,280,444,528,525,345,127,27,2381,15,58,111,217,217,219,147,40,4,1030,14,53,164,194,179,110,62,12,0,795,6,22,105,195,289,318,154,59,17,1164,0,6,79,157,189,291,199,57,9,997,22,106,294,345,338,359,156,37,6,1656,16,57,196,351,360,350,144,31,3,1507,8,11,68,111,102,117,75,16,0,509
604,28,258,785,616,697,843,692,292,84,4284,16,115,510,670,625,626,573,326,99,3554,49,281,1070,1037,974,946,507,125,28,5022,68,305,948,951,1059,1060,552,107,16,5066,7,38,138,113,98,150,84,24,6,661,44,242,622,456,410,265,163,60,11,2265,3,4,9,5,6,9,3,9,5,40,4,19,33,50,50,64,32,14,3,264,264,208,490,450,533,588,746,640,290,4207,490,1551,4975,4667,4780,4874,3528,1652,569,27093,0,22,110,120,115,105,81,39,4,591,24,65,156,106,123,64,24,0,0,571,91,497,1246,1615,1745,1398,941,386,109,8029,46,280,368,476,639,559,342,148,38,2898,38,98,317,357,312,161,62,27,7,1379,13,146,465,629,917,841,429,154,73,3673,0,77,538,568,724,774,510,180,58,3424,124,441,1186,1163,1196,842,302,131,31,5408,103,273,698,904,934,660,204,62,9,3843,14,69,127,146,164,127,69,30,9,753
697,0,0,0,0,0,0,0,0,0,0,0,0,0,0,0,0,0,0,0,0,0,0,0,0,0,0,0,0,0,0,0,0,0,0,0,0,0,0,0,0,0,0,0,0,0,0,0,0,0,0,0,0,0,0,0,0,0,0,0,0,0,0,0,0,0,0,0,0,0,0,0,0,0,0,0,0,0,0,0,0,0,0,0,0,0,0,0,0,0,0,0,0,0,0,0,0,0,0,0,0,0,0,4,0,0,0,0,0,0,4,0,0,0,0,0,0,0,0,0,5,0,3,5,6,4,6,0,0,0,20,0,0,4,0,0,0,0,0,0,7,0,0,0,0,0,0,0,0,0,10,0,0,4,0,0,0,0,0,0,0,0,0,0,0,0,0,0,0,0,0,0,0,0,0,4,0,0,0,0,4,0,0,0,0,0,0,0,0,0,3,0,0,0,0,0,0,0,0,0,4
699,0,3,12,4,0,14,0,0,0,33,0,0,3,8,7,3,6,0,0,24,0,0,8,12,3,8,0,0,0,39,0,3,8,4,10,12,9,0,0,44,0,3,6,0,3,3,0,0,0,15,0,4,8,3,0,3,0,0,0,24,0,0,0,0,0,0,0,0,0,0,0,0,7,0,0,6,0,0,0,9,7,7,11,18,19,19,25,7,4,130,11,22,68,68,56,63,47,8,4,347,0,0,0,0,3,7,0,0,0,18,0,0,3,0,3,0,0,0,0,13,0,4,23,15,20,4,11,0,0,75,0,3,4,6,4,0,3,0,0,20,0,0,0,4,0,0,0,0,0,17,0,0,13,3,8,15,4,0,0,57,0,0,11,3,0,11,0,4,0,27,3,6,18,17,4,5,0,0,0,50,0,5,11,7,15,18,3,0,0,64,0,5,3,3,0,0,0,0,0,10
701,37,386,2115,1429,895,717,388,143,33,6146,22,153,920,1045,889,689,433,150,15,4321,138,468,2627,2235,1586,1038,406,98,18,8607,79,322,1515,1428,1120,822,392,94,7,5783,9,69,326,265,166,97,60,13,5,1012,99,159,654,522,334,184,75,18,6,2054,6,3,13,13,9,3,0,0,0,41,8,21,139,116,105,61,38,10,0,496,360,430,1317,1110,876,685,465,240,98,5590,814,2233,10607,9076,6550,4610,2398,803,184,37272,0,57,374,358,287,191,70,13,0,1354,34,143,492,306,202,113,19,7,0,1308,106,791,2147,2243,2008,1369,595,154,18,9434,40,269,695,603,563,453,188,57,5,2873,41,113,362,361,255,126,48,8,3,1315,18,281,1342,1090,1026,674,225,80,15,4750,12,111,726,837,916,799,309,57,8,3771,147,744,2559,2279,1663,999,256,42,15,8707,81,428,1506,1439,1197,753,256,60,13,5727,14,114,437,287,211,150,49,14,0,1273
702,14,132,878,599,464,469,194,36,19,2799,12,80,453,437,478,415,199,54,11,2136,47,114,760,625,575,354,134,22,6,2643,19,127,744,621,487,384,145,29,3,2557,5,33,153,77,63,57,19,11,0,426,46,105,266,195,130,76,31,3,0,858,0,5,5,9,6,6,0,0,0,28,6,14,45,44,27,21,13,0,0,171,427,435,1098,833,742,635,337,100,33,4646,603,1159,4752,3698,3171,2536,1127,272,75,17392,0,34,166,128,105,69,28,6,0,536,4,30,128,81,56,25,4,0,0,335,54,334,966,1026,962,662,214,50,9,4263,28,129,414,348,312,229,98,9,0,1572,42,113,336,294,214,91,28,4,0,1129,20,98,719,698,712,469,113,34,3,2873,9,104,590,642,688,568,150,24,0,2774,43,250,919,891,698,470,81,16,0,3377,31,208,764,725,613,441,99,11,3,2900,15,57,191,159,129,75,27,0,0,655
797,0,0,0,0,0,0,0,0,0,0,0,0,0,0,0,0,0,0,0,0,0,0,0,0,0,0,0,0,0,0,0,0,0,0,0,0,0,0,0,0,0,0,0,0,0,0,0,0,0,0,0,0,0,0,0,0,0,0,0,6,0,0,0,0,0,0,0,0,0,0,0,0,0,0,0,0,0,0,0,0,0,0,0,0,0,0,0,0,0,0,0,3,0,0,4,0,0,0,0,8,0,0,0,0,4,0,0,0,0,4,0,0,0,0,0,0,0,0,0,0,0,3,6,9,7,3,0,0,0,29,0,0,0,0,0,0,0,0,0,3,0,0,0,0,0,0,0,0,0,3,0,0,5,0,0,0,0,0,0,5,0,0,0,0,0,0,0,0,0,0,0,0,4,0,0,0,0,0,0,7,0,0,3,0,0,0,0,0,0,3,0,0,0,0,0,0,0,0,0,0
799,0,0,42,12,12,23,4,0,0,95,0,0,10,9,17,14,6,4,0,58,0,4,33,26,17,24,7,0,0,113,0,6,35,21,13,20,8,0,0,103,0,3,16,3,0,3,5,0,0,25,0,0,8,3,7,3,0,0,0,28,0,0,0,0,0,0,0,0,0,0,0,0,0,0,4,0,0,0,0,8,36,43,147,117,155,127,39,6,0,662,36,63,307,214,229,210,76,9,0,1144,0,3,7,3,4,0,0,0,0,26,0,0,4,4,4,0,0,0,0,14,3,17,31,26,33,55,23,0,0,187,0,0,17,15,10,15,10,0,0,71,0,0,14,9,8,5,0,0,0,34,0,5,25,6,17,32,6,0,0,93,0,4,8,3,8,14,14,0,0,56,0,9,34,17,11,26,11,0,0,110,0,18,29,21,14,10,6,0,0,101,0,5,11,6,3,4,0,0,0,37
801,56,1171,4724,3633,2649,2334,1731,888,327,17509,39,514,2604,2819,2368,2108,2142,1208,307,14115,158,1461,7548,7733,5960,4062,2415,879,264,30485,145,2340,7991,7363,5485,4138,2881,1146,249,31739,69,582,1926,1728,1140,662,378,167,60,6711,228,594,1399,1133,850,464,282,146,45,5142,16,23,22,16,17,19,20,10,6,141,17,137,486,601,457,345,214,125,53,2436,644,1012,2090,1539,1172,886,962,814,561,9675,1458,9120,33684,30894,23150,17130,12248,5789,1998,135466,17,802,2551,2340,2225,1796,879,334,108,11047,160,783,3934,3097,2381,1059,196,15,0,11633,74,960,3634,3744,3651,2959,1736,949,252,17966,73,788,1705,1645,1411,1151,705,354,105,7935,26,205,823,889,641,442,207,106,20,3359,30,675,2809,2841,3069,2270,1140,558,204,13597,15,369,2332,2409,2582,2795,1613,557,148,12823,275,2933,9217,8512,6941,4771,1852,654,316,35478,178,2685,9603,7719,6764,5639,2583,895,239,36308,100,984,2644,1721,1166,695,285,127,53,7779
897,0,0,0,0,0,0,0,0,0,0,0,0,0,0,0,0,0,0,0,0,0,0,0,0,0,0,0,0,0,0,0,0,0,0,0,0,0,0,0,0,0,0,0,0,0,0,0,0,0,0,0,0,0,0,0,0,0,0,0,0,0,0,0,0,0,0,0,0,0,0,0,0,0,0,0,0,0,0,0,0,0,0,0,0,0,0,0,0,0,0,0,0,0,0,0,0,0,0,0,0,0,0,0,0,0,0,0,0,0,0,0,0,0,0,0,0,0,0,0,0,0,0,0,0,0,0,0,0,0,0,0,0,0,0,0,0,0,0,0,0,0,0,0,0,0,0,0,0,0,0,0,0,0,0,0,0,0,0,0,0,0,0,0,0,0,0,0,0,0,0,0,0,0,0,0,0,0,0,0,0,0,0,0,0,0,0,0,0,0,0,0,0,0,0,0,0,0,0,0,0
899,0,4,9,4,0,3,0,0,0,21,0,0,0,0,0,5,0,0,0,9,0,0,6,13,0,0,0,3,0,24,0,0,13,6,6,10,5,0,0,34,0,4,0,3,0,0,0,0,0,10,0,0,0,3,0,0,0,0,0,11,0,0,0,0,0,0,0,0,0,0,0,0,0,0,0,0,0,0,0,8,0,5,7,7,3,6,4,0,0,35,3,20,43,36,21,36,7,3,0,166,0,4,8,8,0,0,3,0,0,20,0,0,4,0,0,0,0,0,0,10,0,4,10,4,3,0,0,0,0,26,0,0,0,4,0,0,0,0,0,9,0,0,0,0,0,3,0,0,0,4,0,3,13,8,3,9,4,0,0,38,0,0,0,5,3,7,0,0,0,21,0,9,17,17,9,3,0,0,0,63,0,12,26,10,17,10,0,0,0,81,0,0,9,0,0,0,0,0,0,13
901,0,7,19,20,18,26,30,9,4,136,0,7,19,28,27,32,22,7,0,153,0,14,34,47,31,37,26,7,0,202,0,6,18,32,28,23,12,10,0,132,0,0,7,5,4,16,3,0,0,38,7,12,20,19,23,10,3,3,5,92,0,0,0,0,0,0,0,0,0,0,0,0,5,4,6,6,0,0,0,16,20,17,53,56,47,60,39,32,4,328,31,71,193,237,196,220,132,70,14,1170,0,0,6,10,0,0,0,0,0,19,0,3,7,3,0,0,0,0,0,9,0,11,27,39,50,35,8,0,0,171,0,0,9,10,15,11,6,0,0,45,0,3,6,12,12,3,0,0,0,30,0,5,8,12,11,16,4,0,0,49,0,0,20,29,24,12,0,0,0,98,8,8,30,33,34,10,3,0,0,129,0,6,22,23,20,4,0,0,0,82,0,0,5,0,5,0,0,0,0,13
997,0,0,0,0,0,0,0,0,0,0,0,0,0,0,0,0,0,0,0,0,0,0,0,0,0,0,0,0,0,0,0,0,0,0,0,0,0,0,0,0,0,0,0,0,0,0,0,0,0,0,0,0,0,0,0,0,0,0,0,0,0,0,0,0,0,0,0,0,0,0,0,0,0,0,0,0,0,0,0,0,0,0,0,0,0,0,0,0,0,0,0,0,0,0,0,0,0,0,0,0,0,0,0,0,0,0,0,0,0,0,0,0,0,0,0,0,0,0,0,0,0,0,0,0,0,0,0,0,0,0,0,0,0,0,0,0,0,0,0,0,0,0,0,0,0,0,0,0,0,0,0,0,0,0,0,0,0,0,0,0,0,0,0,0,0,0,0,0,0,0,0,0,0,0,0,0,0,0,0,0,0,0,0,0,0,0,0,0,0,0,0,0,0,0,0,0,0,0,0,0
999,0,0,0,0,0,0,0,0,0,0,0,0,0,0,0,0,0,0,0,0,0,0,0,0,0,0,0,0,0,0,0,0,0,0,0,0,0,0,0,0,0,0,0,0,0,0,0,0,0,0,0,0,0,0,0,0,0,0,0,0,0,0,0,0,0,0,0,0,0,0,0,0,0,0,0,0,0,0,0,0,0,0,0,0,0,0,0,0,0,0,0,0,0,0,0,0,0,0,0,4,0,0,0,0,0,0,0,0,0,4,0,0,0,0,0,0,0,0,0,0,0,0,0,0,0,0,0,0,0,0,0,0,0,0,0,0,0,0,0,0,0,0,0,0,0,0,0,0,0,0,0,0,0,0,5,0,0,0,0,3,0,0,0,0,0,0,0,0,0,4,0,0,3,0,0,0,0,0,0,6,0,0,3,0,0,0,0,0,0,6,0,0,0,0,0,0,0,0,0,4
