SA4_CODE_2021,C11_F_CL_Tot_15_19,C11_F_CL_Tot_20_24,C11_F_CL_Tot_25_34,C11_F_CL_Tot_35_44,C11_F_CL_Tot_45_54,C11_F_CL_Tot_55_64,C11_F_CL_Tot_65_74,C11_F_CL_Tot_75_84,C11_F_CL_Tot_85over,C11_F_CL_Tot_Tot,C11_F_LE_ID_15_19,C11_F_LE_ID_20_24,C11_F_LE_ID_25_34,C11_F_LE_ID_35_44,C11_F_LE_ID_45_54,C11_F_LE_ID_55_64,C11_F_LE_ID_65_74,C11_F_LE_ID_75_84,C11_F_LE_ID_85over,C11_F_LE_ID_Tot,C11_F_LE_NS_15_19,C11_F_LE_NS_20_24,C11_F_LE_NS_25_34,C11_F_LE_NS_35_44,C11_F_LE_NS_45_54,C11_F_LE_NS_55_64,C11_F_LE_NS_65_74,C11_F_LE_NS_75_84,C11_F_LE_NS_85over,C11_F_LE_NS_Tot,C11_F_Tot_15_19_yrs,C11_F_Tot_20_24_yrs,C11_F_Tot_25_34_yrs,C11_F_Tot_35_44_yrs,C11_F_Tot_45_54_yrs,C11_F_Tot_55_64_yrs,C11_F_Tot_65_74_yrs,C11_F_Tot_75_84_yrs,C11_F_Tot_85over,C11_F_Tot_Tot,C16_F_Post_Deg_15_19_yrs,C16_F_Post_Deg_20_24_yrs,C16_F_Post_Deg_25_34_yrs,C16_F_Post_Deg_35_44_yrs,C16_F_Post_Deg_45_54_yrs,C16_F_Post_Deg_55_64_yrs,C16_F_Post_Deg_65_74_yrs,C16_F_Post_Deg_75_84_yrs,C16_F_Post_Deg_85over,C16_F_Post_Deg_Tot,C16_F_GrDip_GrCe_15_19,C16_F_GrDip_GrCe_20_24,C16_F_GrDip_GrCe_25_34,C16_F_GrDip_GrCe_35_44,C16_F_GrDip_GrCe_45_54,C16_F_GrDip_GrCe_55_64,C16_F_GrDip_GrCe_65_74,C16_F_GrDip_GrCe_75_84,C16_F_GrDip_GrCe_85over,C16_F_GrDip_GrCe_Tot,C16_F_BD_15_19,C16_F_BD_20_24,C16_F_BD_25_34,C16_F_BD_35_44,C16_F_BD_45_54,C16_F_BD_55_64,C16_F_BD_65_74,C16_F_BD_75_84,C16_F_BD_85over,C16_F_BD_Tot,C16_F_AdD_DL_15_19,C16_F_AdD_DL_20_24,C16_F_AdD_DL_25_34,C16_F_AdD_DL_35_44,C16_F_AdD_DL_45_54,C16_F_AdD_DL_55_64,C16_F_AdD_DL_65_74,C16_F_AdD_DL_75_84,C16_F_AdD_DL_85over,C16_F_AdD_DL_Tot,C16_F_CL_C_III_IV_15_19,C16_F_CL_C_III_IV_20_24,C16_F_CL_C_III_IV_25_34,C16_F_CL_C_III_IV_35_44,C16_F_CL_C_III_IV_45_54,C16_F_CL_C_III_IV_55_64,C16_F_CL_C_III_IV_65_74,C16_F_CL_C_III_IV_75_84,C16_F_CL_C_III_IV_85over,C16_F_CL_C_III_IV_Tot,C16_F_CL_C_I_II_15_19,C16_F_CL_C_I_II_20_24,C16_F_CL_C_I_II_25_34,C16_F_CL_C_I_II_35_44,C16_F_CL_C_I_II_45_54,C16_F_CL_C_I_II_55_64,C16_F_CL_C_I_II_65_74,C16_F_CL_C_I_II_75_84,C16_F_CL_C_I_II_85over,C16_F_CL_C_I_II_Tot,C16_F_CL_CL_nfd_15_19,C16_F_CL_CL_nfd_20_24,C16_F_CL_CL_nfd_25_34,C16_F_CL_CL_nfd_35_44,C16_F_CL_CL_nfd_45_54,C16_F_CL_CL_nfd_55_64,C16_F_CL_CL_nfd_65_74,C16_F_CL_CL_nfd_75_84,C16_F_CL_CL_nfd_85over,C16_F_CL_CL_nfd_Tot,C16_F_CL_Tot_15_19,C16_F_CL_Tot_20_24,C16_F_CL_Tot_25_34,C16_F_CL_Tot_35_44,C16_F_CL_Tot_45_54,C16_F_CL_Tot_55_64,C16_F_CL_Tot_65_74,C16_F_CL_Tot_75_84,C16_F_CL_Tot_85over,C16_F_CL_Tot_Tot,C16_F_LE_ID_15_19,C16_F_LE_ID_20_24,C16_F_LE_ID_25_34,C16_F_LE_ID_35_44,C16_F_LE_ID_45_54,C16_F_LE_ID_55_64,C16_F_LE_ID_65_74,C16_F_LE_ID_75_84,C16_F_LE_ID_85over,C16_F_LE_ID_Tot,C16_F_LE_NS_15_19,C16_F_LE_NS_20_24,C16_F_LE_NS_25_34,C16_F_LE_NS_35_44,C16_F_LE_NS_45_54,C16_F_LE_NS_55_64,C16_F_LE_NS_65_74,C16_F_LE_NS_75_84,C16_F_LE_NS_85over,C16_F_LE_NS_Tot,C16_F_Tot_15_19_yrs,C16_F_Tot_20_24_yrs,C16_F_Tot_25_34_yrs,C16_F_Tot_35_44_yrs,C16_F_Tot_45_54_yrs,C16_F_Tot_55_64_yrs,C16_F_Tot_65_74_yrs,C16_F_Tot_75_84_yrs,C16_F_Tot_85over,C16_F_Tot_Tot,C21_F_Post_Deg_15_19_yrs,C21_F_Post_Deg_20_24_yrs,C21_F_Post_Deg_25_34_yrs,C21_F_Post_Deg_35_44_yrs,C21_F_Post_Deg_45_54_yrs,C21_F_Post_Deg_55_64_yrs,C21_F_Post_Deg_65_74_yrs,C21_F_Post_Deg_75_84_yrs,C21_F_Post_Deg_85over,C21_F_Post_Deg_Tot,C21_F_GrDip_GrCe_15_19,C21_F_GrDip_GrCe_20_24,C21_F_GrDip_GrCe_25_34,C21_F_GrDip_GrCe_35_44,C21_F_GrDip_GrCe_45_54,C21_F_GrDip_GrCe_55_64,C21_F_GrDip_GrCe_65_74,C21_F_GrDip_GrCe_75_84,C21_F_GrDip_GrCe_85over,C21_F_GrDip_GrCe_Tot,C21_F_BD_15_19,C21_F_BD_20_24,C21_F_BD_25_34,C21_F_BD_35_44,C21_F_BD_45_54,C21_F_BD_55_64,C21_F_BD_65_74,C21_F_BD_75_84,C21_F_BD_85over,C21_F_BD_Tot,C21_F_AdD_DL_15_19,C21_F_AdD_DL_20_24,C21_F_AdD_DL_25_34,C21_F_AdD_DL_35_44,C21_F_AdD_DL_45_54,C21_F_AdD_DL_55_64,C21_F_AdD_DL_65_74,C21_F_AdD_DL_75_84,C21_F_AdD_DL_85over,C21_F_AdD_DL_Tot,C21_F_CL_C_III_IV_15_19,C21_F_CL_C_III_IV_20_24,C21_F_CL_C_III_IV_25_34,C21_F_CL_C_III_IV_35_44,C21_F_CL_C_III_IV_45_54,C21_F_CL_C_III_IV_55_64,C21_F_CL_C_III_IV_65_74,C21_F_CL_C_III_IV_75_84,C21_F_CL_C_III_IV_85over,C21_F_CL_C_III_IV_Tot
101,353,1157,2434,2880,2801,1944,722,219,96,12616,18,52,99,230,370,393,246,100,55,1560,651,333,739,968,1182,1372,1463,1409,766,8887,1051,2225,6880,9137,9244,7984,4456,2357,1107,44447,0,13,456,656,730,652,334,61,13,2928,0,37,308,488,528,661,328,61,4,2410,0,494,2308,2635,2430,2177,1273,423,115,11855,32,349,1294,1701,2098,2074,1279,462,142,9423,245,948,2173,2182,2300,1751,707,188,65,10556,110,202,263,252,311,290,165,29,15,1638,40,112,222,361,605,701,545,178,63,2834,394,1263,2656,2802,3217,2738,1417,400,141,15030,5,25,57,66,122,184,172,89,33,758,750,453,963,1069,1453,1700,1899,1548,1037,10859,1176,2626,8037,9421,10580,10189,6703,3040,1482,53260,0,28,935,1154,1055,884,645,155,20,4880,0,50,413,675,682,737,556,137,24,3272,0,552,3245,3184,2910,2571,1901,694,167,15229,21,327,1476,1908,2348,2391,1757,677,172,11083,268,1077,2762,2515,2688,2489,1207,294,72,13377
102,768,2238,4454,4590,4436,2755,1175,533,208,21170,45,88,175,308,505,465,331,203,92,2204,974,572,988,1468,1839,1995,2524,2809,1906,15070,1847,4288,11245,13364,12817,9805,6291,4565,2418,66633,3,27,608,824,748,628,314,69,24,3240,3,42,358,492,498,583,286,81,15,2350,9,830,3852,4055,2967,2524,1410,542,136,16324,122,759,2478,3132,3255,2707,1741,684,209,15092,514,1868,3993,3776,3807,2665,1178,349,141,18295,199,286,357,444,462,426,231,49,26,2478,88,202,391,584,887,1012,836,322,122,4449,799,2356,4745,4799,5156,4107,2245,725,290,25217,9,36,118,143,239,356,381,171,87,1538,766,627,1122,1301,1662,1911,2478,2463,1954,14280,1712,4682,13271,14745,14515,12810,8862,4737,2719,78044,0,44,1048,1425,1107,888,628,162,25,5324,0,117,505,713,693,680,553,138,22,3425,5,1021,4821,5359,4047,2931,2203,794,206,21385,70,728,2577,3127,3758,3174,2347,1030,225,17041,492,1883,4252,4351,4240,3843,1717,536,173,21493
103,451,1403,2743,2821,2552,1589,575,208,77,12408,19,60,91,203,384,383,219,114,51,1526,699,375,649,931,1060,1286,1382,1272,631,8279,1209,2624,6817,7752,7464,6215,3558,2155,902,38699,0,13,357,448,361,349,164,37,6,1731,0,33,241,328,318,383,197,43,16,1557,4,514,2508,2379,1766,1458,847,304,105,9884,52,309,1169,1378,1571,1606,993,411,140,7616,304,1189,2399,2170,2163,1347,569,151,72,10360,144,218,309,306,332,268,146,47,12,1787,60,137,263,360,566,595,418,137,51,2592,507,1547,2978,2838,3057,2204,1134,337,137,14741,11,28,47,64,109,176,159,66,42,702,860,575,973,1105,1442,1569,1796,1479,743,10554,1424,3020,8281,8549,8623,7747,5288,2681,1176,46788,0,39,632,666,560,453,305,80,7,2744,0,52,333,396,441,408,298,89,20,2038,0,555,2952,2779,2274,1680,1267,466,123,12086,34,294,1253,1457,1745,1729,1246,589,165,8518,274,1262,2990,2595,2516,2038,909,231,67,12890
104,290,841,1572,1860,2257,1441,474,175,62,8975,15,13,59,144,244,264,179,83,35,1038,403,189,375,540,720,847,1007,994,669,5747,736,1464,3781,5133,6018,5033,2741,1634,863,27390,0,15,168,237,250,263,160,36,3,1125,0,11,115,195,246,324,130,35,4,1061,0,240,1270,1589,1286,1405,719,237,86,6830,25,204,790,965,1342,1418,826,298,84,5944,188,669,1383,1470,1649,1378,472,131,71,7402,92,127,193,196,214,236,134,18,3,1212,31,80,168,243,369,493,375,136,54,1942,307,874,1742,1905,2226,2109,984,279,124,10556,11,12,41,47,80,127,141,60,27,544,449,261,536,621,878,1095,1179,1120,745,6880,794,1608,4666,5560,6295,6738,4140,2066,1071,32942,0,10,294,423,413,360,266,87,9,1864,0,22,197,266,331,368,342,73,9,1615,0,251,1633,1886,1699,1394,1173,382,72,8490,13,162,831,1076,1397,1550,1184,471,125,6817,180,769,1750,1740,1858,1804,882,220,43,9253
105,243,815,1490,1530,1483,879,273,91,29,6837,12,25,55,96,192,202,96,57,22,751,476,260,489,637,757,767,895,850,426,5557,727,1563,4029,4212,4233,3149,1823,1204,528,21471,0,13,245,190,166,135,43,12,3,799,0,14,145,150,158,170,57,9,0,702,3,291,1504,1178,873,695,343,120,47,5058,20,183,672,663,847,764,359,166,41,3723,126,631,1320,1163,1150,810,298,63,23,5581,61,116,192,169,198,142,69,18,3,969,32,67,135,158,236,291,157,60,20,1162,222,815,1651,1489,1584,1240,532,141,45,7716,5,10,37,29,58,91,62,32,11,328,443,380,812,715,920,1008,1001,885,476,6634,684,1689,5065,4417,4605,4095,2401,1362,623,24954,0,23,490,329,189,162,68,19,7,1281,0,16,189,201,199,205,113,28,4,949,3,324,1797,1369,997,749,490,184,48,5964,3,153,703,712,817,835,478,212,64,3980,142,526,1485,1255,1226,1082,502,116,11,6346
106,584,1954,3905,3893,3316,1903,712,275,87,16627,12,67,125,206,375,390,242,114,43,1582,822,415,801,1164,1301,1548,1516,1444,738,9754,1475,3401,8832,9671,8818,6956,3865,2300,980,46290,0,22,404,446,373,349,161,32,9,1793,0,24,234,333,345,395,158,31,7,1521,4,528,2594,2542,1743,1627,925,323,92,10376,79,528,1820,2086,2154,1907,1081,383,105,10135,404,1819,4048,3409,3100,1860,758,176,73,15652,191,323,496,431,404,326,152,27,3,2352,56,193,364,455,750,709,549,159,55,3286,650,2337,4908,4297,4249,2895,1463,363,133,21291,9,34,89,106,156,214,178,71,48,912,772,545,1253,1187,1441,1716,1931,1526,935,11311,1518,4009,11299,10998,10459,9104,5900,2725,1327,57335,0,19,558,764,588,537,313,88,19,2882,5,79,404,455,449,432,381,80,15,2299,4,611,3322,3355,2470,1816,1449,515,127,13657,63,524,2215,2406,2528,2289,1634,605,122,12383,489,1990,5227,4452,4063,3203,1303,337,70,21142
107,587,1993,3871,3830,3666,1966,810,366,118,17217,33,90,141,277,422,370,279,142,54,1799,763,573,900,1119,1413,1578,1614,1842,868,10667,1472,4810,11688,12200,11410,8200,4397,2939,1202,58322,0,85,1244,1304,1022,839,378,81,12,4958,6,81,614,611,539,637,251,70,11,2808,4,1499,4507,4101,2678,2200,1105,367,106,16566,112,870,2310,2659,2672,2238,1237,443,122,12656,391,1689,3507,2944,3069,1909,670,221,105,14498,142,270,305,409,407,341,156,43,19,2097,75,207,338,601,880,913,606,260,92,3973,608,2170,4146,3953,4357,3161,1436,522,220,20571,12,59,127,145,192,273,252,131,53,1236,682,632,1115,1071,1326,1574,1765,1661,1140,10961,1426,5389,14058,13846,12776,10924,6420,3269,1657,69763,0,110,1966,1931,1432,1107,731,159,18,7460,5,105,777,839,716,674,575,139,20,3837,6,1818,5936,5071,3673,2555,1739,627,149,21587,102,808,2434,2808,3008,2591,1783,638,197,14365,422,1849,3827,3603,3491,2804,1162,353,107,17609
108,423,1167,2370,2866,3513,2236,982,383,130,14062,14,33,84,177,365,427,325,164,54,1628,641,279,454,836,1147,1475,1889,2029,1309,10057,1107,1936,5016,7238,8751,7583,5135,3325,1651,41750,0,7,223,310,306,338,194,43,4,1425,0,19,162,232,320,460,227,74,10,1497,3,271,1466,1843,1605,1769,1173,422,118,8669,49,289,995,1472,1937,2189,1421,587,156,9093,269,986,2109,2239,2605,2194,905,267,106,11691,107,185,285,290,361,372,241,42,14,1898,55,114,250,364,616,822,736,269,93,3324,431,1289,2644,2896,3587,3384,1879,583,214,16913,4,12,32,64,126,238,273,136,51,938,691,378,754,847,1285,1771,2381,2039,1439,11585,1185,2262,6274,7671,9164,10149,7544,3883,1986,50119,0,14,420,548,507,504,393,95,15,2496,0,29,234,333,423,476,440,139,16,2091,0,362,2098,2261,2200,2091,1790,686,182,11668,31,282,1031,1587,2013,2488,2016,859,213,10514,320,1095,2661,2611,2991,3220,1619,458,120,15095
109,252,777,1432,1513,1441,972,306,129,42,6858,9,26,58,98,181,182,117,43,30,742,367,193,328,473,641,717,857,876,576,5044,654,1469,3966,4241,4351,3403,2027,1297,714,22124,0,21,206,240,210,154,63,17,5,919,3,13,188,205,224,238,88,4,6,972,0,304,1424,1373,932,790,464,169,37,5486,25,216,791,774,955,927,511,209,58,4466,169,672,1306,1193,1218,960,378,101,31,6037,45,103,172,173,158,162,63,21,4,904,24,78,132,170,259,267,188,77,14,1211,239,855,1612,1540,1638,1384,638,194,56,8151,0,7,25,34,59,71,81,52,20,359,380,312,574,601,735,979,1048,989,522,6142,652,1726,4824,4779,4744,4546,2890,1628,704,26490,0,16,394,355,250,233,120,35,3,1407,3,36,212,299,301,267,190,39,4,1351,0,305,1657,1739,1200,970,670,272,53,6859,18,207,734,912,1029,1075,720,330,84,5100,106,653,1583,1357,1462,1309,706,167,46,7379
110,442,1212,2332,2364,2369,1558,517,165,54,11006,26,52,86,149,322,341,249,93,37,1353,668,394,645,888,1017,1110,1256,1214,644,7839,1150,2385,5966,6845,7052,5636,3319,1934,872,35165,4,14,372,429,414,342,159,42,11,1781,0,20,225,287,310,343,136,36,6,1373,0,471,2131,2001,1481,1303,811,286,93,8578,40,274,976,1195,1471,1442,837,334,99,6665,311,978,2036,1798,1844,1361,522,104,32,8985,91,189,254,244,265,254,147,41,3,1490,44,120,211,311,474,514,373,111,40,2194,449,1290,2500,2348,2582,2121,1041,252,79,12672,9,29,72,49,89,126,151,78,44,640,747,570,1002,1014,1354,1525,1606,1317,734,9873,1251,2660,7281,7325,7702,7205,4745,2350,1059,41586,0,27,643,645,506,402,259,98,13,2591,0,37,274,366,360,344,288,76,9,1760,5,515,2416,2174,1773,1424,1023,448,143,9911,32,210,996,1170,1412,1554,1054,479,131,7035,293,1036,2378,2174,2010,1832,849,205,37,10818
111,729,2541,4546,4399,4299,2709,1073,540,162,20994,32,110,163,245,494,508,327,176,84,2131,865,644,1120,1336,1754,1860,2283,2454,1609,13918,1690,5679,14947,14739,14007,10848,6219,4186,2113,74429,0,59,1444,1519,1129,902,433,87,15,5585,3,50,522,682,658,838,366,87,24,3223,5,1559,6841,5773,3634,3043,1685,600,148,23291,121,868,2635,3005,3192,2893,1625,720,221,15272,557,2249,4236,3607,3703,2455,929,281,139,18166,212,321,419,462,411,384,203,57,16,2478,77,235,401,605,913,1054,835,343,125,4583,852,2801,5056,4678,5030,3889,1960,679,281,25234,11,72,135,156,217,305,330,165,72,1470,566,629,1180,1080,1432,1812,2113,2192,2092,13108,1564,6047,17806,16891,15286,13691,8516,4530,2856,87182,0,93,2026,2467,1740,1227,764,226,33,8571,10,125,811,985,906,880,731,207,33,4697,0,1877,8340,7262,5076,3394,2591,992,256,29790,60,834,2914,3196,3553,3352,2304,1021,307,17548,639,2427,5063,4290,4319,3626,1642,423,159,22587
112,442,1249,2688,2987,3503,2139,711,343,121,14185,15,47,119,225,477,466,278,176,59,1866,638,325,693,949,1293,1482,1603,1840,1101,9917,1148,2365,7255,9944,11025,8905,4599,3089,1480,49803,0,19,410,597,627,649,285,64,10,2664,0,27,250,466,503,631,303,62,10,2246,4,458,2553,3502,2773,2668,1372,456,132,13912,52,385,1426,1993,2428,2579,1473,548,178,11061,314,1002,2238,2473,2685,2255,808,213,103,12093,114,189,260,267,325,327,167,38,15,1698,41,132,285,431,665,799,560,231,85,3230,472,1324,2784,3169,3671,3378,1531,482,205,17023,7,23,76,78,141,233,240,136,58,986,797,506,1066,1302,1702,2139,2008,1835,1407,12767,1337,2735,8561,11093,11843,12286,7215,3581,2000,60651,0,25,744,1060,990,879,651,156,15,4521,3,37,372,617,674,707,568,135,27,3151,5,534,3599,4447,3741,2890,2304,768,159,18441,47,353,1663,2128,2567,2800,2162,798,242,12758,344,1207,2463,2636,2950,2933,1448,331,127,14427
113,406,1199,2178,2015,1940,1089,352,127,47,9350,8,31,74,143,259,250,132,80,36,1016,505,341,508,619,804,908,982,928,515,6095,942,2246,5579,5708,5429,4056,2263,1454,693,28364,0,18,273,302,271,213,94,19,6,1185,4,26,190,225,223,247,87,24,4,1032,4,481,2110,1875,1220,952,516,219,58,7444,31,282,983,1039,1100,1002,587,251,86,5361,226,998,1941,1507,1551,1135,333,72,44,7816,75,152,212,211,271,188,111,23,6,1246,37,87,201,231,429,429,269,100,36,1808,342,1236,2353,1947,2249,1751,712,196,93,10872,5,26,65,46,58,109,116,62,21,504,576,412,771,791,915,1193,1170,1041,668,7527,962,2478,6751,6216,6032,5470,3278,1812,933,33930,0,28,499,477,362,264,139,34,4,1809,5,35,282,318,333,266,214,45,8,1509,0,585,2522,2177,1613,1057,737,323,78,9092,33,292,1047,1087,1154,1162,791,348,107,6025,238,911,2131,1931,1747,1511,640,140,44,9285
114,264,859,1570,1830,1961,1350,689,292,72,8886,7,33,89,99,277,286,249,137,34,1203,449,219,383,593,825,940,1228,1245,775,6659,739,1512,3688,5289,6150,5586,3856,2306,1006,30126,0,11,237,357,372,404,296,77,10,1776,5,22,176,222,300,384,245,61,3,1426,0,242,1174,1537,1360,1433,1031,407,93,7271,22,239,745,1064,1338,1568,1198,496,116,6791,191,738,1556,1421,1553,1270,603,177,75,7576,67,126,183,180,224,222,141,46,6,1196,26,77,165,276,405,539,523,209,72,2295,285,941,1911,1881,2183,2025,1264,429,156,11070,3,8,48,50,84,161,198,71,34,671,409,283,520,578,857,1153,1526,1275,827,7435,731,1755,4812,5691,6495,7123,5771,2821,1246,36440,0,22,491,597,576,580,558,160,25,3000,0,33,261,340,330,465,475,127,8,2034,0,321,1787,1967,1850,1725,1569,638,154,10011,20,226,915,1096,1467,1769,1590,740,178,8003,171,740,1861,1710,1747,1772,981,281,81,9343
115,334,942,1564,2379,2206,1524,635,225,78,9879,15,106,178,403,589,585,377,146,63,2460,512,282,395,705,772,792,703,605,652,5429,952,3515,8364,12388,11134,7972,3526,1523,979,50358,3,120,1489,2151,1456,815,322,76,13,6451,0,41,295,563,587,545,266,52,8,2359,18,1603,4396,5645,4174,2824,1302,378,110,20451,105,612,1439,2437,2813,2160,1257,444,156,11427,175,677,1254,1534,1699,1051,497,132,70,7095,69,91,120,278,254,190,129,24,5,1154,36,87,173,412,708,693,490,168,73,2834,285,852,1540,2224,2668,1930,1119,324,144,11088,11,30,87,169,249,275,251,126,45,1235,400,260,547,696,842,862,911,695,747,5950,812,3517,9794,13885,12786,9412,5426,2091,1227,58960,0,92,2140,4447,2355,1245,605,166,34,11078,9,85,405,766,785,549,461,125,21,3200,12,1762,5316,7727,5721,3574,2157,675,186,27115,95,678,1416,2439,3177,2427,1706,707,217,12866,269,720,1338,1523,1905,1477,735,287,60,8312
116,581,1762,4013,3654,2680,1458,412,161,42,14767,46,137,443,525,588,515,200,95,40,2592,965,674,1332,1400,1369,1388,1147,924,452,9641,1704,5031,16148,14010,10185,6522,2642,1473,613,58331,0,182,2773,2303,943,487,175,26,3,6904,5,60,484,519,331,223,90,17,4,1738,25,1837,7449,6321,3704,2368,1001,218,62,22984,138,1055,3243,3167,2506,1533,621,197,57,12517,336,1399,3343,2979,2355,1391,419,110,42,12385,137,214,390,475,388,311,86,13,6,2016,77,208,446,672,719,599,299,83,19,3114,547,1815,4178,4123,3458,2305,808,215,68,17523,22,65,255,301,278,278,146,42,13,1415,774,694,1725,1579,1448,1425,1346,859,437,10281,1503,5717,20108,18323,12668,8605,4195,1580,648,73361,0,224,4233,5669,1691,752,380,77,10,13043,4,117,766,931,559,353,188,49,0,2961,17,2324,9962,10284,5149,3209,1857,427,97,33327,102,977,3225,3838,3051,2002,1049,315,81,14641,379,1520,3341,3467,2961,1908,757,170,62,14558
117,221,1095,2484,1812,1228,810,347,140,38,8170,31,151,449,356,366,282,216,97,37,1983,706,1885,4028,2122,1621,1462,1110,930,602,14472,1076,8502,30418,16694,9685,6651,3195,1652,799,78661,4,533,7277,4147,2181,1397,619,125,23,16307,3,127,1173,924,679,526,255,36,6,3739,63,6256,18333,8044,3799,2230,1149,384,103,40373,116,1431,3904,2761,1941,1320,719,312,88,12589,149,859,1995,1227,984,654,291,119,42,6323,48,117,205,171,158,122,60,14,5,903,31,152,346,374,444,408,258,80,38,2125,228,1135,2543,1779,1589,1177,604,217,82,9354,55,154,345,193,182,172,117,54,21,1295,804,2312,5259,2458,1685,1544,1166,865,579,16673,1275,11941,38841,20305,12062,8371,4618,2001,903,100321,0,502,9141,6241,3037,1852,1015,292,43,22126,0,104,1376,1155,811,653,424,111,11,4640,12,5349,21164,10273,5194,3085,1732,576,171,47548,95,1432,4350,3131,2319,1633,981,431,128,14501,154,823,2137,1412,1116,843,431,145,53,7116
118,111,784,1772,1533,1331,991,536,307,178,7545,25,100,363,339,484,490,411,241,134,2592,665,1085,2641,1903,1505,1432,1330,1255,928,12738,877,5634,22621,17037,11773,8525,4806,2885,1647,75803,3,297,4112,3648,2352,1396,768,183,59,12815,10,44,784,854,627,574,312,88,20,3331,42,3294,12392,8106,5043,3073,1783,657,264,34660,45,571,2491,2452,2279,1747,1221,562,229,11604,71,435,1211,962,912,609,460,167,129,4950,38,57,136,122,162,114,84,30,10,755,24,103,280,346,478,479,400,166,122,2402,131,596,1626,1436,1554,1200,945,360,260,8109,21,78,241,205,216,253,237,135,66,1457,515,1025,2935,1913,1537,1355,1425,1277,1036,13023,769,5905,24588,18614,13614,9609,6689,3266,1942,84987,0,160,4292,4454,3225,1924,1096,396,75,15631,0,42,801,840,811,646,551,159,30,3885,7,2705,13668,8701,6066,3762,2314,1052,315,38595,53,566,2154,2121,2384,1944,1478,774,278,11741,82,394,1081,934,919,824,478,253,96,5058
119,669,2192,4810,4855,4311,2401,997,577,249,21059,61,306,710,974,1178,889,577,403,173,5270,1567,1373,3002,2948,2808,2587,2325,2564,1747,20926,2538,9579,29677,24478,18633,11593,5969,4480,2417,109354,3,520,6279,3719,1791,892,320,73,16,13615,12,114,804,845,737,575,228,50,20,3384,39,4427,15211,9469,5906,3563,1525,593,149,40882,215,1933,5425,5663,4919,3127,1412,616,211,23531,365,1516,3739,3522,3175,1976,812,381,185,15679,142,211,422,593,585,417,171,53,26,2615,69,280,642,1143,1439,1200,720,276,147,5920,570,2003,4811,5261,5197,3597,1702,712,360,24213,33,174,531,474,531,553,349,195,76,2925,1128,1429,3343,2589,2678,2451,2199,2100,1876,19781,1998,10605,36414,28010,21758,14753,7732,4339,2708,128325,0,398,7232,5613,2743,1428,616,140,24,18191,13,199,1086,1138,942,693,474,127,30,4706,31,4887,16815,12406,7591,4834,2404,826,286,50079,153,2132,5162,5785,5844,4100,2204,833,291,26500,353,1495,3562,3565,3574,2744,1256,447,178,17162
120,189,848,2038,2126,1833,1179,456,244,114,9023,16,118,357,431,593,519,291,196,86,2616,575,733,1804,1476,1305,1192,1040,1221,1045,10385,875,5403,20947,18000,13147,8737,3779,2387,1467,74737,4,336,5188,3801,2502,1604,749,149,26,14352,3,77,800,992,860,734,323,65,17,3874,18,3350,11552,8229,5338,3207,1519,516,178,33902,76,821,2593,2833,2778,1964,1046,402,170,12686,126,613,1416,1288,1373,881,414,176,79,6362,37,83,141,177,240,167,75,26,19,968,28,97,270,433,626,596,392,139,95,2671,193,799,1820,1900,2238,1640,878,337,197,10005,16,93,248,209,310,295,197,78,52,1489,401,890,2283,1651,1397,1325,1099,859,682,10587,709,6363,24483,19617,15429,10757,5811,2403,1312,86889,0,262,5978,5095,3171,2148,1243,314,61,18270,0,142,898,1067,1012,830,617,175,29,4786,16,3164,12527,9247,6669,4174,2262,827,204,39080,70,1262,2626,2546,3030,2377,1516,563,219,14211,145,676,1378,1244,1369,1176,626,230,89,6938
121,245,909,1861,2315,2320,1984,1093,575,347,11652,17,91,333,509,727,855,728,495,255,4006,787,639,1722,1616,1525,1451,1320,1478,1440,11976,1121,5853,24211,26352,22208,16176,9060,5220,2960,113164,0,230,5601,6661,4433,2776,1337,394,88,21518,0,72,1038,1448,1521,1169,801,239,61,6337,22,3309,13617,13677,10398,6355,3649,1553,568,53159,85,673,2488,3451,4250,3463,2765,1417,594,19185,184,612,1353,1350,1532,1031,661,254,137,7117,48,67,115,199,262,270,192,80,25,1261,33,121,255,485,830,919,948,466,285,4343,263,804,1723,2037,2623,2224,1801,807,446,12725,8,67,234,345,402,453,460,289,154,2413,535,646,1985,1777,1599,1497,1529,1355,1469,12398,924,5814,26684,29387,25223,17933,12336,6054,3383,127744,0,211,5840,9419,6452,3614,2041,777,124,28497,4,82,1031,1620,1751,1429,1111,465,96,7595,9,3539,13440,15296,12308,7882,4885,2363,853,60567,75,661,2104,3151,4137,3785,3167,1944,757,19770,187,592,1243,1299,1521,1315,824,378,154,7520
122,230,839,1874,2398,2230,1552,902,397,193,10623,12,48,202,337,429,410,312,223,77,2043,458,349,951,1138,1118,1189,1242,1341,1323,9106,749,3146,12356,15929,12313,8555,5200,3035,1939,63224,0,72,1550,2276,1661,868,434,108,33,7016,0,33,428,765,779,677,331,95,23,3135,4,1372,5993,7158,5058,2892,1516,605,199,24793,45,526,2149,3034,3292,2428,1650,779,273,14180,165,595,1352,1461,1705,1133,614,220,108,7354,47,70,133,200,272,181,142,46,28,1111,24,106,237,458,835,715,664,316,175,3533,238,769,1725,2127,2803,2017,1421,579,314,12001,8,24,117,214,277,311,310,180,106,1543,401,397,1026,1150,1117,1080,1285,1235,1285,8979,700,3191,12986,16727,14990,10270,6954,3584,2227,71631,0,56,1741,2884,2461,1419,685,243,55,9541,0,49,478,781,1010,802,573,200,40,3927,7,1625,6865,7590,6779,3911,2160,987,298,30221,62,562,1771,2568,3526,2856,1949,1121,354,14773,154,612,1161,1349,1695,1423,756,345,112,7604
123,598,1811,3388,3131,2738,1614,439,127,42,13893,39,124,269,402,482,482,213,87,38,2132,867,549,978,1197,1262,1202,940,765,497,8269,1604,4191,10440,10051,8535,5993,2394,1238,626,45078,0,124,1287,1052,566,339,136,24,7,3536,9,51,373,351,305,296,105,24,8,1526,8,1082,3954,3417,2120,1433,643,154,37,12846,130,934,2558,2544,2265,1663,730,167,55,11053,385,1554,3358,2742,2282,1543,501,116,38,12519,145,221,367,400,344,298,121,19,8,1921,68,191,371,577,675,660,356,86,25,3009,597,1962,4100,3722,3299,2504,976,223,65,17448,10,58,153,194,213,226,159,57,17,1087,698,610,1250,1215,1213,1292,1233,866,719,9088,1450,4821,13670,12494,9972,7753,3974,1533,908,56581,0,93,1807,2174,943,529,266,54,4,5871,5,92,557,585,433,338,223,37,6,2275,8,1279,5218,5081,3021,1782,1038,272,58,17774,108,902,2833,3053,2575,1951,1157,308,70,12942,389,1477,3799,3500,2803,2146,855,199,44,15216
124,696,2362,4465,3734,3563,2096,671,252,95,17935,34,132,266,424,660,674,401,188,89,2873,896,600,1123,1260,1454,1432,1212,1076,715,9764,1725,5053,12623,12449,11837,8981,4151,2166,1084,60067,0,144,1351,1147,955,840,374,75,16,4911,3,54,426,555,547,645,310,45,9,2597,9,1215,4246,4176,2949,2473,1271,422,98,16857,134,979,2808,2866,2639,2264,1239,466,126,13526,511,1879,4251,3247,2989,1991,629,162,61,15723,155,253,406,430,366,300,141,43,7,2099,86,209,398,610,723,807,567,161,84,3648,754,2337,5056,4290,4082,3094,1334,366,157,21468,15,30,111,169,212,257,243,108,42,1192,706,714,1567,1419,1502,1560,1579,1162,657,10868,1623,5473,15572,14619,12892,11143,6354,2648,1104,71417,0,106,2038,2190,1391,1062,718,167,22,7692,0,108,593,719,730,662,538,126,17,3491,6,1403,5502,5319,3753,2648,1966,691,156,21453,92,843,2996,3221,2996,2549,1653,665,161,15179,509,1840,4545,3979,3330,2630,1108,258,83,18283
125,426,1826,3791,3340,2801,1712,696,298,133,15020,37,220,624,662,758,677,423,226,75,3701,1134,1298,2639,2153,1991,1644,1527,1635,1163,15176,1768,7794,26067,18271,13148,8457,4357,2808,1540,84221,5,347,6408,3877,1490,779,300,64,13,13277,3,104,844,725,522,425,174,48,13,2868,24,3160,13846,8084,4513,2733,1233,443,120,34167,166,1334,4360,3974,3298,2227,1105,444,153,17051,290,1115,3004,2501,2125,1323,535,174,86,11148,100,191,343,389,374,311,124,41,18,1882,54,181,517,716,866,717,452,186,79,3764,444,1482,3863,3603,3366,2352,1117,390,179,16793,23,101,496,365,353,388,302,118,66,2219,841,1184,3381,2309,2021,1774,1510,1345,1061,15438,1509,7716,33209,22940,15558,10685,5735,2854,1605,101818,0,418,8292,6715,2370,1168,502,155,19,19642,7,192,1060,1082,771,502,327,99,12,4050,22,3813,15542,11374,5943,3659,1962,719,208,43246,95,1859,4280,4420,3812,2804,1512,653,178,19610,280,1250,2762,2786,2425,1840,732,266,93,12435
126,136,446,907,1117,1264,874,462,291,129,5626,16,59,155,236,387,361,262,191,109,1777,304,416,559,487,544,581,581,776,836,5083,515,3389,9995,9860,8639,5901,3155,2070,1383,44899,4,195,3368,2652,1566,945,385,98,29,9237,0,46,396,498,473,447,240,75,16,2191,11,2077,6103,4943,3598,2397,1131,469,174,20907,51,549,1168,1557,1832,1422,942,443,225,8176,91,370,702,719,785,611,278,129,74,3768,32,46,78,111,126,110,80,37,13,637,16,68,108,235,428,416,351,190,103,1919,140,486,885,1066,1349,1140,708,356,196,6317,9,59,137,153,184,201,181,107,46,1083,230,374,764,561,561,610,602,677,831,5210,449,3779,12821,11434,9556,7161,4181,2224,1515,53118,0,154,4232,4467,2164,1296,610,194,40,13159,0,64,512,620,566,513,399,156,37,2872,5,1936,7382,6557,4405,3071,1757,716,250,26083,39,496,1195,1540,1879,1685,1222,583,227,8867,99,361,689,705,842,803,477,167,93,4231
127,563,1833,4141,3974,3222,1527,468,141,38,15916,55,173,463,599,708,522,236,106,23,2877,1405,921,2002,2211,2194,1962,1603,1238,584,14127,2226,6306,15774,13737,10690,6553,2978,1699,700,60660,0,261,1843,1076,514,315,115,19,3,4143,8,95,420,361,228,184,77,19,0,1391,16,2547,6759,4639,2579,1694,672,154,41,19098,171,1520,4036,3784,2852,1674,707,204,50,14998,358,1369,3508,3129,2659,1507,490,137,44,13200,136,215,471,594,548,330,108,17,0,2421,66,203,505,858,964,660,337,83,40,3716,563,1790,4480,4583,4172,2498,932,240,93,19346,13,89,283,285,370,305,144,66,14,1574,1059,999,2281,2135,2085,2042,1611,1086,608,13910,1828,7305,20100,16861,12797,8713,4256,1794,799,74457,0,231,2990,2326,950,493,217,47,5,7263,10,157,721,678,434,255,138,34,13,2441,26,3097,9797,6921,3864,2199,1295,310,59,27574,132,1376,4377,4653,3979,2530,1136,353,67,18605,418,1502,3929,3953,3293,2211,859,254,50,16472
128,319,1143,2326,2566,2492,1729,814,406,152,11952,16,108,242,374,624,679,479,333,112,2981,451,292,636,668,776,805,825,1099,733,6271,890,3708,10284,11184,9827,7202,3592,2408,1145,50242,0,87,1182,1150,865,642,238,46,12,4219,0,46,421,537,469,539,217,39,10,2277,5,1370,4425,4488,2909,2126,872,324,102,16619,79,636,2082,2636,2705,2088,1140,396,153,11901,200,793,1747,1792,1727,1179,595,232,120,8383,40,91,157,238,271,252,140,39,11,1239,31,105,238,523,711,822,636,256,144,3466,278,985,2143,2544,2708,2254,1371,525,277,13090,8,40,110,158,215,329,275,161,69,1368,311,266,781,760,809,922,987,966,931,6747,689,3427,11138,12274,10670,8905,5102,2459,1557,56222,0,61,1422,1883,1280,784,435,122,16,6002,0,77,457,682,620,641,466,95,16,3062,4,1529,5234,5337,3999,2463,1481,481,128,20652,69,670,1840,2567,3142,2332,1504,628,212,12955,246,769,1681,1831,1900,1678,847,325,114,9399
197,0,0,0,0,0,6,0,0,0,7,0,0,0,0,0,0,0,0,0,0,0,0,0,0,0,0,3,7,0,6,0,0,0,0,0,10,9,9,0,25,0,0,4,0,0,0,0,0,0,5,0,0,0,0,0,0,0,0,0,0,0,0,9,3,3,7,0,0,0,21,0,0,0,0,5,5,5,0,0,17,0,0,3,0,6,4,5,0,0,17,0,0,0,0,0,0,0,0,0,7,0,0,0,0,0,7,0,0,0,9,0,0,3,3,3,10,6,6,0,31,0,0,0,0,0,0,0,0,0,0,0,0,5,0,4,8,10,8,0,45,4,4,17,7,13,28,29,12,0,121,0,0,0,0,0,0,0,0,0,0,0,0,0,0,0,0,0,0,0,0,0,0,0,0,0,0,0,0,0,0,0,0,0,0,0,0,0,0,0,0,0,0,0,0,0,0,0,0,0,0
199,38,92,145,92,107,71,31,4,0,581,0,8,20,15,16,20,5,0,0,86,73,84,200,162,144,113,85,50,36,936,111,331,872,504,418,380,164,61,44,2883,0,8,70,39,27,18,4,6,0,175,0,5,17,18,14,12,7,0,0,71,0,107,287,102,75,57,43,7,0,677,3,37,73,52,63,81,48,10,0,373,9,42,80,50,74,68,21,3,0,353,0,13,8,9,9,14,5,0,0,66,6,13,12,9,13,23,15,0,0,91,9,69,101,74,96,104,47,6,0,507,0,5,10,8,8,6,5,0,0,35,53,140,290,192,192,168,114,42,13,1197,71,370,847,481,469,445,264,61,19,3037,0,0,62,40,31,28,14,0,0,181,0,0,20,14,13,20,11,0,0,76,0,25,207,99,86,70,45,11,0,540,0,27,64,54,64,81,40,8,0,339,7,55,107,77,86,91,34,9,0,463
201,301,1044,1866,1776,1667,1049,375,124,52,8248,10,35,53,95,139,181,124,65,23,723,471,282,441,593,740,941,1059,1053,619,6210,807,2184,5667,6085,5815,4853,2752,1621,780,30561,0,53,363,476,479,445,179,41,3,2034,0,30,353,500,510,486,210,54,7,2144,0,603,2204,2147,1528,1348,795,268,84,8977,31,360,1029,1245,1455,1198,831,287,91,6536,189,881,1815,1555,1599,1113,450,110,45,7761,76,149,212,212,171,153,69,11,3,1061,33,74,189,231,231,239,159,73,25,1260,300,1103,2209,2002,2004,1508,681,197,75,10079,0,21,39,51,68,89,101,35,27,430,498,361,661,707,912,1162,1299,1018,598,7213,836,2528,6860,7121,6961,6238,4090,1895,882,37413,0,49,746,814,713,640,408,101,6,3479,0,43,441,638,639,571,461,113,26,2932,3,582,2648,2772,2167,1581,1239,460,114,11552,24,346,1229,1462,1561,1521,1103,468,112,7815,169,808,2130,1975,1942,1608,855,159,54,9699
202,273,992,1829,1766,1862,1143,378,124,39,8403,6,25,58,105,139,196,117,63,20,734,417,235,389,536,658,856,1005,1125,762,5989,706,1972,5212,5895,5924,4917,2750,1733,929,30048,0,65,366,475,446,373,224,38,14,2009,4,30,348,549,543,534,241,51,3,2303,7,525,2159,2231,1586,1359,805,295,91,9052,32,308,911,1140,1314,1248,828,316,112,6203,183,892,1681,1469,1468,1159,472,118,39,7481,56,114,218,181,191,165,70,10,7,1008,25,83,210,232,251,284,202,66,28,1387,263,1086,2101,1883,1917,1614,744,197,72,9877,4,16,55,48,52,88,93,49,30,434,536,331,693,779,930,1128,1210,1069,757,7423,843,2365,6631,7098,6778,6344,4150,2009,1079,37301,0,65,758,791,698,567,411,122,9,3423,0,56,466,696,721,621,460,120,18,3152,0,537,2523,2772,2250,1593,1307,502,121,11603,23,313,1157,1307,1472,1465,1201,497,114,7551,156,747,1976,1772,1756,1611,763,199,37,9012
203,615,1663,3261,3090,2936,1853,715,302,111,14549,18,45,127,191,245,265,202,139,41,1280,688,421,739,957,1217,1367,1608,1762,1100,9845,1365,3908,10886,11426,10141,8070,4655,3026,1495,54980,3,79,951,1088,708,608,327,56,15,3833,3,73,723,888,832,756,370,90,19,3758,3,1202,4941,4582,3044,2478,1459,509,126,18341,60,754,2292,2650,2585,2357,1480,600,255,13031,425,1521,3142,2690,2868,1942,885,228,85,13774,127,172,297,280,253,226,131,34,10,1537,57,138,304,401,484,472,360,156,57,2426,601,1827,3742,3377,3610,2629,1369,422,147,17735,6,35,98,92,114,143,157,107,49,804,718,597,1115,1101,1367,1650,1912,1694,1159,11317,1394,4565,13868,13785,12263,10620,7076,3463,1771,68809,0,113,2156,1971,1288,983,648,176,9,7339,4,124,1122,1356,1212,974,785,202,26,5798,3,1598,6932,6481,4402,3158,2471,896,193,26145,31,809,2741,3145,3279,2889,2253,1001,280,16425,367,1473,3693,3500,3288,2891,1427,388,101,17128
204,420,1077,2180,2191,2195,1505,499,162,47,10279,6,34,62,113,174,203,154,90,44,890,469,227,419,595,811,989,1081,1137,664,6404,914,1912,5512,6375,6588,5574,3121,1879,873,32749,0,28,296,326,326,333,146,24,0,1480,0,34,309,418,474,452,231,53,5,1972,4,369,1795,2001,1441,1505,883,299,91,8377,36,378,1225,1473,1648,1557,1033,387,130,7858,259,903,1941,1758,1817,1464,617,126,68,8959,104,141,222,222,234,204,109,23,19,1264,37,82,197,291,339,367,250,84,48,1684,397,1119,2359,2277,2387,2028,976,233,125,11906,3,14,49,50,74,98,110,69,31,488,607,378,720,870,1139,1403,1573,1157,726,8572,1048,2315,6750,7417,7486,7368,4952,2221,1107,40671,0,30,567,591,493,462,308,53,13,2515,5,50,448,553,608,591,436,125,13,2833,0,392,2190,2475,1987,1685,1353,477,119,10679,15,379,1307,1702,1870,1848,1354,581,143,9197,238,871,2249,2170,2180,2040,1014,242,63,11061
205,533,1837,3557,3197,3173,2163,770,309,77,15622,12,51,133,147,269,336,246,110,55,1361,839,411,803,1073,1353,1754,1952,1864,980,11033,1420,3458,8858,9077,9518,8755,5040,2991,1298,50409,0,35,380,428,407,483,252,47,8,2038,4,41,469,604,593,698,343,72,9,2837,3,619,2738,2557,2003,2243,1392,454,124,12126,43,535,1827,2006,2329,2281,1529,562,184,11308,303,1481,3343,2666,2841,2227,1061,253,91,14261,114,227,393,362,327,321,168,42,10,1967,38,167,344,435,469,552,420,126,42,2601,446,1882,4081,3460,3633,3098,1650,421,152,18825,7,34,80,81,119,139,201,86,53,799,865,655,1234,1352,1829,2352,2701,2143,1168,14296,1374,3795,10808,10489,10913,11306,8063,3778,1702,62229,0,58,797,811,712,688,472,127,17,3680,0,88,617,754,769,828,649,177,18,3902,0,721,3567,3271,2626,2529,2166,823,158,15860,25,442,2174,2446,2720,2809,2271,855,211,13949,277,1337,4022,3574,3417,3247,1696,430,88,18090
206,484,2106,4488,2970,2194,1387,575,266,140,14611,51,166,485,339,306,299,251,128,59,2082,1121,2401,5173,3119,2450,2310,2122,2038,1346,22086,1833,15849,56896,32478,20565,14564,6859,3824,1945,154808,6,1016,13392,7682,4483,3054,1456,280,79,31449,20,284,3850,3048,2464,2074,865,167,29,12800,71,11189,34734,16021,8828,5563,2945,1001,346,80698,256,2556,6742,4481,3755,2904,1703,727,286,23399,350,1801,3927,2231,1929,1203,524,223,117,12306,111,253,357,276,235,166,109,22,11,1535,61,275,689,644,719,535,366,160,81,3527,518,2323,4974,3146,2881,1908,1007,404,206,17370,105,243,574,305,260,253,246,111,64,2159,1511,3358,8104,4148,3121,2772,2233,1701,1181,28126,2485,20973,72374,38840,25787,18524,10460,4383,2185,196007,0,1299,19021,11780,6241,4210,2387,686,110,45737,12,338,3864,3325,2992,2392,1515,409,47,14882,22,10611,37275,19101,11418,6968,4266,1608,409,91683,162,2419,6577,4848,4296,3438,2308,999,319,25373,299,1663,4040,2407,2163,1695,789,295,129,13492
207,343,941,1451,1895,2234,1564,908,534,240,10108,21,86,167,240,374,355,297,238,120,1897,763,742,1107,1091,1313,1345,1689,1996,1854,11910,1244,6791,18121,19674,18225,13031,7612,4955,3009,92660,0,361,4374,3902,2986,1788,893,254,74,14629,5,102,1016,1470,1858,1500,714,229,64,6959,10,3855,10610,9548,8140,5249,2935,1321,533,42211,90,1076,2164,2500,3457,2779,2044,1134,525,15766,205,727,1129,1060,1520,1144,732,330,149,6997,78,95,99,129,198,190,118,48,24,976,36,98,206,307,587,554,503,277,199,2769,321,917,1428,1497,2315,1889,1355,656,374,10748,17,66,206,226,275,256,263,198,112,1621,588,647,1357,1120,1307,1315,1669,1679,1452,11136,1034,7039,21159,20269,20336,14768,9869,5470,3129,103069,0,438,5799,5802,4041,2452,1347,490,129,20497,4,104,983,1471,1929,1746,1145,420,98,7898,7,3981,10529,10546,9685,6447,4031,1976,663,47874,71,912,1990,2464,3420,3258,2547,1453,592,16718,160,704,1130,1001,1468,1448,782,433,174,7299
208,362,1174,2218,2829,2864,1981,974,573,304,13278,13,82,216,338,409,407,304,247,140,2167,843,667,1361,1639,1777,1808,1974,2596,2255,14919,1300,6107,20341,24044,19405,13597,7267,5180,3322,100567,0,308,4165,3984,2833,1640,755,182,53,13931,11,104,1178,1817,2007,1540,664,182,51,7554,13,3434,10836,11226,8600,5335,2631,1095,443,43615,90,926,2983,3868,4385,3282,2167,1046,423,19168,223,824,1890,1829,2392,1640,875,377,214,10270,94,123,149,241,270,203,144,52,17,1290,42,111,287,489,765,677,574,270,211,3423,361,1059,2326,2559,3429,2527,1603,697,436,14986,25,78,217,237,309,259,303,190,127,1743,599,691,1651,1569,1739,1752,1870,1883,1735,13493,1096,6595,23357,25252,23298,16339,9982,5282,3274,114478,0,263,5015,5814,4136,2287,1306,385,94,19297,4,113,1187,1818,2367,1907,1210,357,71,9040,3,3359,11675,12343,11056,6618,4058,1638,563,51310,78,968,2626,3527,4694,3811,2848,1392,517,20458,218,816,1720,1835,2349,2179,1184,477,223,10999
209,743,2340,4429,4434,3990,2202,688,346,118,19301,23,127,295,400,394,340,177,105,44,1892,1251,1041,1999,2109,2199,2233,2211,2083,1502,16628,2107,8082,24038,21812,16452,11031,5194,3232,1871,93823,5,311,4058,3234,1669,1052,421,86,16,10857,3,166,1541,1841,1549,1129,419,85,13,6737,18,3127,11767,9692,5591,3584,1651,482,143,36055,139,1682,5189,5264,4265,2836,1374,498,151,21396,451,1935,4388,3760,3721,2310,882,275,102,17825,145,249,433,471,423,317,147,31,12,2215,75,244,617,785,916,754,445,151,60,4052,670,2428,5439,5012,5058,3382,1476,458,176,24099,12,92,296,298,264,266,226,109,45,1616,1084,1102,2640,2206,2322,2269,2296,1849,1262,17025,1922,8906,30929,27547,20718,14521,7870,3562,1812,117788,0,399,5757,5782,2730,1469,771,228,30,17168,4,175,1851,2402,2100,1435,792,200,29,8996,19,3356,13575,12950,7749,4318,2670,813,203,45650,76,1482,4975,5912,5321,3694,2119,704,223,24517,401,1767,4545,4391,4174,3277,1333,370,121,20385
210,556,1759,3400,3315,2800,1492,497,237,62,14116,22,85,209,271,266,211,150,77,24,1310,1162,836,1613,1755,1786,1750,1775,1704,879,13265,1796,5245,14900,13658,10333,6515,3496,2372,1042,59354,0,167,2132,1613,770,419,141,20,6,5282,11,122,925,954,767,512,189,50,7,3537,18,1901,7198,5771,3128,1852,756,225,74,20930,115,1206,3689,3713,3041,1751,822,320,81,14739,335,1371,3350,2797,2712,1599,575,201,61,13011,74,216,375,357,358,241,84,19,3,1735,54,198,508,610,675,472,296,113,45,2962,459,1790,4238,3768,3748,2305,953,336,110,17704,4,69,232,196,162,168,134,52,40,1060,907,821,1999,1765,1817,1733,1814,1465,863,13187,1518,6078,20424,17779,13439,8746,4814,2467,1175,76442,0,262,3754,3490,1342,692,308,59,4,9907,7,184,1385,1491,1178,687,364,103,14,5406,8,2457,9948,8505,4670,2531,1315,403,91,29930,66,1184,4268,4607,3762,2476,1252,443,87,18150,270,1332,3871,3540,3232,2390,971,251,90,15942
211,983,2773,5151,5344,5432,3615,1375,582,175,25422,19,109,256,423,538,537,396,204,85,2569,1179,678,1213,1698,1995,2327,2502,2521,1960,16070,2309,7783,21976,23611,20257,15274,7905,4515,2541,106172,0,176,2940,2824,1664,1066,454,86,25,9222,6,148,1322,1795,1535,1289,602,149,30,6872,14,2585,9978,9824,6405,4455,2320,820,217,36617,141,1714,4628,5134,5393,4253,2494,879,295,24938,523,2062,4427,4110,4764,3276,1437,419,169,21174,161,251,368,471,450,380,238,56,18,2388,72,221,505,725,1051,993,744,319,142,4776,752,2536,5293,5298,6262,4648,2416,792,327,28339,11,62,180,238,292,347,383,191,75,1785,850,696,1680,1738,2029,2247,2465,2258,1702,15671,1785,7920,26016,26856,23575,18303,11138,5179,2668,123437,0,206,4141,4935,2705,1503,793,209,32,14527,9,191,1444,2145,2021,1527,1058,312,42,8748,8,2742,10836,12053,8580,5267,3478,1345,312,44635,74,1433,4264,5250,5987,4940,3218,1402,410,26969,449,1837,4209,4242,4858,4137,2035,640,189,22599
212,1207,3538,7170,7004,5867,3389,1330,579,174,30253,50,199,505,587,623,582,426,220,88,3276,2056,1560,2978,3169,3358,3303,3302,3106,1898,24738,3515,11945,33913,29343,22406,14850,8346,5140,2454,131918,0,358,5894,4347,2026,1059,411,133,27,14251,22,239,1528,1608,1426,975,439,118,16,6371,28,4903,15596,12181,7096,4415,2045,831,193,47294,277,2781,8079,7616,6317,4036,2067,858,253,32271,725,3069,7157,6191,5754,3392,1419,462,156,28322,206,410,704,737,715,494,235,44,22,3561,120,384,897,1220,1316,1070,705,300,107,6117,1049,3858,8756,8146,7781,4952,2364,809,285,37994,45,182,516,478,438,419,338,187,69,2661,1665,1783,3693,3190,3321,3286,3336,2842,2025,25149,3074,14093,44063,37572,28402,19141,10997,5777,2876,165994,0,589,8894,8399,3371,1688,727,247,51,23971,8,340,2179,2474,1938,1266,719,274,36,9245,18,5601,19589,17336,10097,5680,3393,1274,379,63365,126,2640,8461,9391,7768,5333,3030,1264,411,38433,722,2859,7829,7295,6617,4765,2263,644,215,33210
213,1068,3361,7885,6683,4890,2528,660,271,80,27412,33,183,550,492,467,383,178,100,25,2408,2211,1924,4059,3864,3534,3398,2616,2318,1208,25133,3473,11022,37929,29655,18713,11329,4881,3146,1439,121577,6,354,6235,4504,1777,901,278,47,6,14107,13,205,1934,2077,1412,837,223,52,9,6767,40,4031,17930,13723,6283,3390,1352,335,94,47173,219,2434,8174,7478,5396,3035,1176,319,98,28329,769,2867,7247,6320,5068,2926,958,236,110,26504,186,388,705,711,625,434,162,27,0,3247,84,384,1050,1328,1214,895,442,115,42,5551,1043,3647,9001,8362,6899,4254,1567,378,156,35302,28,109,559,440,349,323,203,66,40,2124,1643,1888,4720,3990,3493,3268,2995,2020,1243,25252,2982,12664,48555,40567,25604,16021,7796,3216,1656,159050,0,568,9706,9680,3215,1470,602,126,11,25381,20,338,2613,3172,2207,1210,543,119,19,10231,18,4807,22330,20664,9751,4591,2434,599,125,65324,96,2270,8445,9528,6995,4260,1941,596,142,34271,557,2644,7756,7718,6250,4160,1647,377,111,31229
214,586,1724,3464,3553,3247,2210,1030,385,146,16347,12,69,161,259,285,329,257,155,56,1587,858,560,878,1367,1552,1728,2082,2180,1461,12677,1532,3824,10399,12239,10686,8848,5961,3696,1897,59092,0,54,635,820,660,545,308,77,10,3115,6,75,559,780,753,677,407,89,12,3350,5,809,3586,4041,2918,2249,1629,632,158,16026,80,932,2671,3012,3048,2503,1632,686,213,14784,309,1351,3195,3007,3152,2197,1083,311,110,14719,103,186,295,329,329,274,186,44,13,1757,40,192,341,483,622,563,486,181,95,3004,457,1728,3832,3817,4102,3034,1754,539,215,19488,11,26,91,126,157,195,257,148,60,1069,654,598,1210,1350,1597,1805,2286,2014,1237,12753,1220,4219,12578,13952,13235,11006,8275,4186,1912,70588,0,63,1137,1312,1122,827,558,155,25,5206,3,95,662,1041,1000,886,679,216,22,4609,3,939,4603,4988,4118,2902,2359,1019,254,21182,48,709,2701,3362,3626,3016,2280,1060,298,17101,279,1017,3115,3261,3448,2992,1547,534,123,16317
215,297,966,1798,1863,1762,1170,359,114,32,8367,7,25,71,103,131,146,107,77,33,694,552,256,498,661,822,956,1064,1183,722,6712,883,1846,4758,5241,5081,4218,2415,1731,897,27072,0,43,193,221,138,112,54,14,3,773,0,29,229,263,316,271,108,19,7,1245,0,399,1641,1402,1051,994,504,207,67,6258,17,278,890,1036,1196,1155,688,252,86,5600,168,751,1581,1413,1506,1124,454,115,44,7158,100,143,221,193,199,158,82,4,8,1096,34,84,186,236,255,268,141,35,19,1259,293,984,1990,1845,1954,1546,677,152,71,9512,8,22,45,47,61,62,68,34,20,356,579,379,777,754,1012,1295,1419,1198,806,8225,901,2134,5756,5568,5740,5433,3515,1870,1050,31969,0,40,436,311,242,167,81,25,6,1303,0,41,324,329,355,329,202,61,4,1645,0,365,2007,1673,1269,1007,748,277,81,7429,8,275,1058,1116,1256,1307,906,372,103,6405,133,747,1942,1702,1698,1555,795,188,41,8800
216,262,805,1549,1534,1470,934,291,117,38,6994,11,27,52,73,130,115,105,61,22,588,460,232,457,565,678,759,916,987,604,5655,758,1616,4282,4429,4253,3343,1968,1414,732,22791,0,33,217,196,161,122,58,13,5,800,0,23,247,281,284,249,90,23,3,1195,0,335,1418,1259,878,771,404,158,35,5249,26,264,913,967,1101,925,523,208,72,4998,169,670,1382,1318,1280,972,379,107,26,6304,48,104,157,138,169,133,65,14,9,847,34,72,141,171,237,178,138,40,28,1045,256,848,1685,1626,1691,1279,583,169,61,8201,3,13,63,50,40,38,68,47,20,345,469,292,662,674,846,1047,1206,989,591,6785,757,1804,5216,5065,5000,4427,2933,1600,781,27569,0,46,442,312,233,173,94,26,3,1332,0,29,301,348,352,278,170,37,9,1531,0,343,1814,1544,1146,846,643,234,52,6621,10,295,1011,1113,1193,1127,754,309,77,5894,127,705,1564,1496,1483,1354,671,155,23,7579
217,286,815,1583,1549,1481,882,299,98,35,7025,5,34,66,101,164,141,116,64,19,705,350,150,308,479,637,767,829,955,571,5042,662,1481,4146,4581,4619,3808,2078,1450,708,23522,0,23,176,205,191,195,94,14,4,902,0,25,209,276,293,273,128,21,8,1227,0,290,1358,1419,1106,1007,590,197,66,6038,17,250,766,879,1093,1063,636,254,93,5051,144,624,1331,1265,1381,1007,384,95,44,6270,61,118,176,153,149,133,56,7,0,861,29,70,152,184,220,223,136,37,17,1075,232,811,1658,1604,1754,1362,579,148,55,8203,4,19,24,27,39,61,62,31,17,285,448,266,469,559,794,1022,1081,942,573,6153,707,1679,4659,4974,5273,4975,3175,1608,813,27858,0,21,363,386,316,282,216,28,9,1622,0,41,257,352,352,345,251,57,11,1666,0,300,1650,1655,1390,1119,943,325,70,7449,7,189,860,984,1142,1237,929,381,93,5817,149,659,1535,1510,1499,1447,634,152,34,7612
297,0,0,0,0,0,0,0,0,0,0,0,0,0,0,0,0,0,0,0,0,0,0,0,0,0,0,0,0,0,0,0,0,0,0,0,0,0,0,0,0,0,0,0,0,0,0,0,0,0,0,0,0,0,0,0,0,0,0,0,0,0,0,0,0,0,0,0,0,0,0,0,0,0,0,0,0,0,0,0,0,0,0,0,0,0,0,0,0,0,0,0,0,0,0,0,0,0,0,0,0,0,0,0,0,0,0,0,0,0,0,0,0,0,0,0,0,0,0,0,0,0,0,0,0,0,0,0,0,0,0,0,0,0,0,0,0,0,0,0,0,0,0,0,0,0,0,0,0,0,0,0,0,0,0,0,0,0,0,0,0,0,0,0,0,0,0,0,0,0,0,0,0,0,0,0,0,0,0,0,0,0,0,0,0,0,0,0,0,0,0,0,0,0,0,0,0,0,0,0,0
299,19,63,99,66,65,48,10,0,0,362,0,0,13,4,5,10,5,0,0,35,68,95,142,104,90,51,27,14,7,599,98,274,683,359,241,186,56,23,11,1937,0,7,53,32,3,3,8,0,0,105,0,0,28,8,13,9,3,0,0,59,0,88,203,66,36,36,21,3,0,453,3,37,57,39,36,28,16,0,0,216,3,47,72,45,38,30,8,0,0,241,4,7,11,6,4,6,0,0,0,34,0,4,19,11,4,11,0,0,0,56,10,60,101,63,49,39,11,3,0,329,0,3,5,4,0,7,3,0,0,19,41,99,200,148,91,86,45,13,17,743,57,294,641,355,226,210,95,21,17,1922,0,4,45,46,21,11,0,0,0,129,0,3,15,18,13,15,7,0,0,69,0,22,167,75,53,36,11,4,0,365,4,19,54,32,28,46,19,5,0,208,11,27,100,72,50,50,24,5,0,336
301,663,1333,2569,2614,2564,1572,536,206,69,12128,17,42,122,203,239,227,173,100,29,1143,563,271,614,814,934,980,956,1005,627,6760,1355,2994,8300,9990,8804,5956,2954,1819,874,43050,0,29,492,849,757,451,224,38,6,2829,4,50,352,521,556,443,186,57,14,2173,3,875,3133,3692,2651,1753,967,299,92,13463,134,653,1906,2480,2530,1761,896,357,103,10834,548,1070,2302,2331,2398,1735,692,155,66,11304,162,173,205,215,213,193,113,25,10,1310,65,112,267,409,500,542,319,110,67,2395,779,1353,2782,2956,3114,2465,1126,293,149,15013,6,27,65,77,152,170,167,61,34,752,359,281,678,758,875,973,1106,1017,827,6867,1286,3269,9399,11330,10628,8010,4667,2135,1213,51933,0,32,689,1254,1078,738,366,100,15,4280,8,68,518,716,773,604,370,84,18,3156,11,1026,3637,4538,3548,2240,1500,497,120,17111,189,581,1886,2738,2980,2367,1379,565,163,12854,663,1056,2394,2722,2815,2394,1237,323,53,13663
302,527,1235,2308,2019,1723,1121,358,177,53,9524,12,42,133,149,207,160,120,75,46,945,408,393,759,807,819,736,892,1207,1028,7054,1030,3520,10831,9833,7193,4760,2568,2019,1323,43092,0,55,1353,1282,743,472,207,46,14,4175,3,71,600,710,560,402,166,43,17,2571,17,1354,5608,4761,2816,1671,787,327,108,17448,111,704,2116,2088,1898,1319,696,347,123,9398,423,1133,2175,1748,1596,1160,429,120,50,8844,95,165,214,177,159,128,62,10,9,1021,34,120,268,309,369,316,191,82,39,1730,559,1417,2658,2237,2131,1604,685,215,94,11593,11,36,99,101,117,119,95,72,36,684,311,466,984,818,806,756,831,966,1052,6981,1007,4098,13401,11988,9075,6352,3465,2026,1441,52853,0,66,1617,2159,1214,649,383,97,18,6205,0,67,861,923,807,516,333,102,26,3643,0,1657,6477,6130,3839,2124,1195,540,191,22153,143,668,2189,2265,2317,1679,954,468,169,10851,481,1123,2359,2071,1966,1531,737,169,62,10494
303,696,1617,3128,2644,2386,1558,495,230,101,12851,30,122,200,257,282,251,152,114,46,1449,794,839,1538,1336,1317,1191,1120,1332,1000,10466,1728,7376,21021,16907,12378,8061,3638,2375,1340,74821,0,265,4328,3087,1767,989,369,64,22,10891,8,127,1144,1184,1021,688,296,84,13,4566,22,3731,11559,8280,4976,3070,1335,465,164,33603,233,1350,3066,2991,2869,1905,1029,426,146,14017,589,1357,2471,2056,2003,1378,573,167,67,10660,193,248,259,233,227,172,83,23,15,1451,74,172,344,458,540,473,315,110,58,2545,851,1780,3073,2744,2772,2024,966,307,138,14653,25,93,270,201,198,217,148,74,50,1263,543,912,1886,1338,1310,1142,1092,1089,947,10256,1684,8252,25322,19831,14924,10033,5234,2504,1479,89262,0,296,4749,5286,2620,1445,624,180,17,15222,8,145,1417,1600,1366,886,526,149,27,6120,12,3835,12757,11013,6757,3785,2115,747,207,41227,279,1247,3037,3390,3197,2480,1523,627,177,15948,644,1574,2703,2425,2350,1744,818,252,79,12589
304,355,785,1186,1191,1188,859,321,130,62,6074,17,47,78,114,201,162,121,77,24,848,390,370,470,500,538,547,530,689,835,4869,867,3748,9094,9938,8560,6135,3055,1658,1127,44179,0,90,1562,1935,1484,1040,506,123,41,6783,0,63,534,814,779,586,328,88,16,3205,7,1994,4492,5051,3640,2371,1405,508,179,19645,128,593,1045,1470,1735,1309,850,352,111,7596,415,650,954,938,1053,667,313,81,45,5124,142,124,82,78,87,94,70,17,3,693,37,60,106,188,276,281,221,90,51,1303,593,828,1146,1206,1413,1043,604,184,102,7121,20,48,51,74,125,96,85,72,32,607,273,447,577,520,577,474,598,592,711,4756,1021,4060,9405,11066,9759,6928,4370,1925,1178,49717,0,119,1689,2958,2213,1319,789,278,46,9418,6,53,618,936,994,695,473,158,30,3968,10,1743,4546,5723,4775,2701,1866,840,222,22417,169,491,956,1456,1760,1435,1085,571,158,8083,442,667,973,999,1122,898,459,126,37,5730
305,457,1389,2237,1408,1192,812,276,115,53,7931,12,68,187,165,159,163,93,65,17,936,465,950,1861,1092,945,896,633,648,581,8078,1038,7063,21078,14023,9867,6433,2658,1411,842,64403,0,207,3511,2855,2064,1253,458,86,11,10444,6,154,1259,1163,1103,708,279,69,13,4749,18,3995,11911,7087,4635,2667,1283,337,110,32048,178,1103,2454,1949,1838,1280,730,285,89,9910,369,1176,1984,1080,986,720,275,71,40,6696,83,211,196,95,104,97,39,15,4,841,38,124,278,292,250,295,170,54,31,1537,490,1512,2448,1464,1342,1109,487,140,82,9076,26,84,189,127,124,115,85,61,23,840,536,1170,2650,1511,1247,1115,801,542,586,10159,1249,8216,24435,16160,12357,8254,4126,1521,908,77224,0,354,4783,4428,3024,1829,885,213,21,15539,3,178,1659,1456,1416,1010,566,139,29,6458,14,5091,14455,8827,6514,3628,1995,728,161,41422,291,1406,2859,2206,2357,1822,1021,455,126,12543,481,1512,2335,1450,1269,1050,466,125,42,8741
306,773,1462,3126,2990,2485,1442,462,121,36,12897,28,54,154,248,301,282,169,85,24,1353,884,703,1415,1549,1565,1424,1145,904,528,10121,1758,3194,9514,10452,9096,6225,3001,1443,688,45370,4,29,465,647,622,429,167,33,10,2403,3,40,350,457,517,400,148,35,4,1959,3,726,3397,3170,2437,1780,866,281,69,12731,72,378,1707,2290,2322,1773,882,283,81,9793,452,1243,2636,2636,2420,1677,616,122,32,11819,195,205,344,304,253,185,96,15,3,1601,47,137,328,466,493,430,245,75,20,2243,694,1581,3308,3405,3166,2283,957,210,57,15664,16,29,98,114,137,128,134,61,24,743,901,789,1828,1839,1931,1969,1616,1021,502,12403,1696,3579,11150,11928,11135,8765,4763,1928,742,55695,0,37,736,940,838,640,350,85,11,3637,0,45,514,576,695,525,317,60,9,2750,8,685,3873,3758,3130,2139,1376,468,84,15523,50,340,1716,2357,2614,2296,1302,519,93,11294,485,1301,3021,3059,3044,2452,1061,244,46,14711
307,398,815,1463,1458,1288,839,252,43,19,6580,6,22,59,69,114,115,91,40,14,542,442,198,518,650,678,673,715,657,366,4906,869,1461,4063,4261,3838,3056,1722,972,471,20712,0,14,142,157,123,90,48,12,4,588,0,24,119,133,169,160,58,20,0,688,3,288,1375,1255,886,724,441,151,35,5166,36,165,671,852,1009,844,497,158,52,4277,298,682,1400,1193,1193,912,303,61,8,6051,121,143,217,160,125,92,42,12,0,914,38,72,164,244,255,195,126,44,16,1151,453,895,1777,1598,1573,1202,474,115,28,8117,5,7,27,30,40,47,41,22,9,234,517,287,648,761,876,968,995,770,452,6282,1017,1684,4769,4796,4673,4036,2562,1256,577,25360,0,10,169,197,206,180,77,30,0,879,0,26,152,181,205,193,119,42,4,920,0,395,1408,1392,1105,826,606,217,50,6002,22,152,606,865,1035,984,607,239,50,4569,323,739,1749,1532,1528,1328,603,116,17,7933
308,746,1561,2967,2419,2036,1089,311,68,25,11231,22,37,118,144,162,142,96,47,10,786,743,503,1040,1138,1317,1085,1084,1038,614,8562,1540,3039,8218,7711,6847,4310,2278,1374,711,36029,0,17,334,392,294,208,57,16,4,1319,4,50,317,341,366,250,75,23,5,1435,6,652,2824,2531,1708,1175,523,185,43,9655,32,309,1329,1439,1510,1138,456,183,41,6437,487,1329,3065,2306,2065,1299,396,72,25,11045,243,298,414,252,219,157,66,7,0,1652,59,119,272,327,328,288,139,52,12,1602,783,1745,3756,2890,2607,1741,601,126,37,14295,12,24,69,66,81,82,56,25,10,420,808,627,1285,1305,1480,1317,1127,907,595,9445,1640,3426,9909,8967,8056,5909,2897,1470,734,43004,0,28,423,535,451,298,144,21,6,1906,3,56,369,399,458,364,152,41,3,1846,0,735,2821,2917,2147,1417,774,309,67,11175,26,276,1285,1625,1668,1480,741,273,63,7439,473,1385,3434,3204,2633,2117,753,146,28,14167
309,1699,3394,6789,6605,5852,3912,1514,545,150,30454,67,159,440,489,698,719,468,250,92,3382,1611,1652,2892,2954,3066,3185,3225,2995,2042,23615,3677,9626,24737,24049,20213,14948,8338,4857,2557,113006,0,192,2200,2155,1521,1098,483,86,30,7771,6,153,946,1103,982,854,385,85,18,4548,49,3018,9782,8757,5693,3914,2197,747,192,34354,536,2115,5863,6494,6202,4449,2468,829,241,29186,1497,2887,6026,5877,5660,3847,1878,472,180,28330,405,388,519,572,483,466,246,60,12,3150,205,356,833,1211,1271,1197,951,367,112,6506,2103,3634,7379,7661,7414,5508,3077,904,310,37983,28,104,260,334,382,449,461,241,95,2352,1522,1769,3694,3290,3553,3557,3517,2787,2183,25877,4243,10985,30126,29787,25751,19837,12588,5691,3065,142067,0,208,3591,3720,2534,1655,929,231,28,12894,7,217,1491,1710,1623,1127,770,205,23,7178,37,3753,12988,11929,8445,5260,3394,1260,252,47319,887,2540,6471,7309,7756,5851,3555,1347,319,36034,1750,3266,6822,6843,6998,5533,2950,883,194,35235
310,981,2107,4229,3613,2987,1668,438,131,48,16207,24,80,175,210,242,233,141,52,22,1175,967,683,1380,1526,1385,1236,1282,1056,636,10150,2096,4437,12250,11026,8743,5737,2930,1585,793,49609,0,46,876,930,605,361,152,27,0,3001,6,63,457,535,498,330,149,45,4,2095,10,1107,4577,3726,2218,1432,776,246,77,14161,191,1025,2884,2851,2555,1722,789,288,74,12391,809,2073,4496,3490,3107,1939,662,134,36,16752,343,410,558,371,295,200,89,24,0,2282,106,239,529,593,602,502,236,78,26,2922,1257,2725,5581,4455,4002,2644,983,236,66,21948,26,51,142,133,120,123,111,48,23,772,1034,1047,2156,1793,1846,1644,1547,1152,599,12815,2530,6062,16675,14425,11848,8260,4521,2043,846,67197,0,47,1214,1680,980,587,272,57,10,4846,8,121,801,902,749,481,290,68,11,3434,6,1373,5853,5524,3341,1915,1122,420,103,19652,254,983,3454,3572,3211,2344,1218,429,102,15564,1018,2441,5521,4820,4091,3072,1197,262,41,22466
311,1083,2254,4456,3909,3166,1877,506,170,39,17457,37,80,196,209,291,276,165,65,18,1338,1164,748,1344,1605,1573,1502,1243,968,531,10681,2411,4755,12237,11143,9096,6436,2828,1454,647,51016,0,37,671,672,455,287,118,19,6,2275,4,72,419,465,404,304,129,25,4,1825,11,994,3802,3361,2021,1388,736,208,38,12555,200,1054,2870,2872,2529,1781,854,237,47,12452,928,2038,4437,3746,3205,2093,745,133,39,17364,319,387,482,408,335,244,129,9,6,2300,104,222,537,673,587,535,321,85,32,3099,1349,2647,5453,4819,4124,2874,1197,233,70,22769,25,42,125,133,188,184,155,59,19,921,978,881,1772,1652,1815,1700,1433,954,441,11628,2568,5727,15120,13975,11536,8515,4620,1735,627,64434,0,65,1107,1238,700,416,214,56,16,3809,7,108,711,697,617,369,239,63,11,2818,9,1180,4730,4594,2819,1721,1102,391,73,16617,301,1058,3488,3608,3186,2334,1305,408,90,15778,935,2562,5445,4802,4250,2941,1253,279,70,22540
312,507,1350,2570,2046,1630,831,224,50,21,9237,14,47,105,151,173,124,78,44,13,743,478,452,929,897,995,824,675,625,320,6189,1028,2656,7059,6190,5290,3146,1450,867,391,28082,0,19,224,221,186,147,57,6,3,856,0,36,224,263,220,161,50,18,0,980,9,559,2326,1842,1159,812,306,102,26,7138,37,258,1083,1221,1210,877,361,141,30,5230,302,1024,2425,1911,1700,1027,294,59,24,8764,125,188,315,217,180,118,45,11,0,1207,47,109,263,316,323,207,131,34,5,1439,478,1321,3003,2446,2206,1345,476,102,30,11415,9,18,61,58,72,62,55,25,10,377,577,594,1319,1093,1228,1089,896,650,334,7790,1109,2800,8253,7138,6292,4501,2211,1049,435,33778,0,28,344,371,262,214,106,18,0,1341,3,42,284,311,306,236,120,21,6,1330,0,630,2486,2293,1583,973,520,150,41,8673,21,279,1104,1384,1399,1113,539,190,52,6076,318,1028,2837,2473,2117,1633,571,117,20,11107
313,851,1588,3066,3004,2730,1728,575,213,62,13815,21,57,120,163,201,230,184,92,35,1110,737,467,951,1152,1131,1232,1337,1310,784,9116,1713,2995,7437,8326,7274,5831,3432,2044,991,40055,0,22,244,309,345,297,163,27,7,1411,3,39,228,370,359,307,174,42,4,1524,3,554,1928,2239,1685,1377,945,286,58,9077,134,623,1776,2129,2220,1676,1036,373,104,10074,690,1459,2975,2884,2827,1993,800,187,55,13868,248,256,329,274,236,183,139,18,9,1697,95,162,328,443,455,477,380,121,23,2484,1028,1883,3630,3599,3519,2653,1316,327,90,18045,11,24,97,82,122,120,156,83,18,707,585,496,1032,1138,1247,1438,1678,1452,1172,10245,1775,3641,8932,9867,9497,7862,5461,2595,1461,51088,0,24,320,583,499,444,325,85,6,2290,6,62,420,533,526,407,360,97,8,2417,9,717,2596,2920,2408,1695,1482,613,113,12565,112,619,2178,2538,2767,2330,1603,618,126,12895,767,1727,3742,3705,3577,3099,1535,391,60,18597
314,596,1157,2422,2288,1822,1078,285,81,25,9753,17,39,99,169,171,149,79,42,18,777,403,225,459,608,602,595,498,454,326,4168,1089,2520,7790,8731,6417,3994,1615,788,418,33368,0,20,490,758,584,319,129,10,0,2307,5,51,349,643,486,341,127,26,0,2037,5,752,3343,3841,2277,1216,597,160,38,12226,121,636,2006,2241,2056,1263,677,190,48,9232,502,1219,2632,2297,1888,1215,429,84,15,10277,145,190,249,206,189,119,61,11,3,1171,52,124,252,392,423,327,217,51,19,1852,692,1534,3130,2888,2503,1659,712,144,35,13304,11,24,72,104,109,112,95,41,13,580,347,326,766,720,715,629,653,465,350,4977,1182,3346,10161,11195,8735,5534,2995,1031,494,44668,0,26,773,1287,905,508,231,47,4,3786,9,93,563,733,737,455,228,62,13,2884,6,1020,3935,4871,3349,1696,903,330,58,16158,123,616,2155,2642,2526,1704,911,308,73,11060,700,1370,2998,2829,2570,1732,732,134,33,13106
315,248,546,1118,894,703,338,79,15,5,3946,11,15,63,47,66,63,36,10,0,312,343,301,651,640,613,453,333,229,65,3625,619,1271,3513,2891,2447,1478,643,299,88,13247,0,11,129,124,106,79,13,0,0,459,0,9,127,135,105,87,18,3,0,486,0,305,1058,655,431,345,137,34,8,2974,13,107,403,443,543,417,116,31,12,2079,160,430,969,745,651,349,99,14,3,3421,83,135,158,124,102,53,32,6,3,697,18,54,98,87,119,83,33,6,5,499,257,620,1232,955,868,485,156,27,9,4615,9,9,25,25,23,24,19,9,3,144,436,395,797,595,692,615,417,196,96,4237,721,1452,3772,2923,2761,2054,877,306,125,14999,0,8,140,187,118,106,29,3,0,586,0,16,140,149,124,113,38,11,0,590,0,294,1143,802,498,409,191,58,10,3401,26,106,397,482,533,518,204,56,9,2316,174,493,1130,903,773,540,177,35,3,4229
316,1019,1866,3602,4083,4057,2810,1153,401,127,19114,28,63,181,293,418,504,377,205,77,2146,833,415,899,1318,1523,1641,1990,1988,1295,11912,1981,3692,10723,14314,13756,10892,6661,3682,1759,67464,0,33,643,955,985,854,464,94,15,4052,3,53,474,741,929,822,447,108,15,3605,8,1070,4274,5342,4356,3187,2102,726,232,21297,192,698,2512,3555,4034,3381,2209,872,238,17696,852,1673,3501,3635,4035,3034,1374,334,126,18563,293,291,329,334,319,343,202,51,17,2181,115,207,416,598,818,844,730,281,81,4080,1261,2167,4246,4562,5176,4224,2300,658,225,24826,19,32,107,144,225,252,314,204,59,1360,750,699,1236,1447,1833,2024,2326,1990,1535,13837,2238,4752,13498,16750,17539,14742,10160,4658,2326,86667,0,55,1256,1766,1602,1360,942,225,23,7228,6,85,630,1109,1237,1105,836,248,37,5300,0,1399,6395,7203,6286,4537,3157,1319,297,30583,165,837,2873,4073,4791,4437,3122,1343,354,21999,1040,2002,4027,4335,4740,4448,2272,638,132,23635
317,627,1193,1836,1597,1470,860,315,92,22,8010,14,36,74,108,106,140,94,68,19,669,444,278,504,516,585,626,720,891,656,5228,1118,2372,5665,5660,5151,3659,2110,1417,786,27935,0,18,401,502,464,337,138,22,6,1885,5,33,214,310,329,299,124,39,9,1364,8,651,2407,2031,1518,1173,649,273,68,8763,65,333,1103,1090,1266,1002,603,250,59,5771,482,1083,1857,1463,1442,997,330,73,23,7750,168,189,198,137,142,103,56,11,0,1011,60,120,175,216,249,245,162,48,29,1296,713,1392,2235,1814,1830,1342,544,135,52,10060,9,29,65,51,67,55,61,46,17,394,469,366,682,649,737,802,915,874,740,6246,1272,2821,7106,6447,6198,5010,3031,1637,956,34479,0,35,629,702,604,462,237,71,7,2746,6,62,372,405,413,358,249,78,16,1957,5,779,2907,2660,1936,1335,956,437,102,11126,73,398,1205,1246,1398,1234,864,382,99,6895,542,1151,2317,1923,1763,1450,654,154,32,9988
318,734,1687,3158,2533,2209,1224,296,86,26,11950,19,59,145,153,185,153,122,57,12,913,743,626,1132,1207,1198,1013,983,894,571,8363,1573,3777,9682,9002,7542,4722,2346,1329,675,40652,0,32,519,609,538,396,135,32,5,2263,0,76,415,437,410,278,100,25,9,1753,9,1052,3744,3023,2122,1460,679,224,49,12351,86,522,1608,1763,1739,1271,596,235,60,7886,528,1454,3015,2447,2174,1449,457,92,29,11648,217,307,314,222,204,150,61,12,3,1492,57,123,290,312,362,297,161,62,16,1679,808,1886,3618,2988,2740,1888,672,163,50,14820,14,37,72,78,89,99,84,33,8,516,715,766,1295,1198,1345,1238,1201,889,449,9086,1630,4365,11266,10107,8979,6636,3474,1589,622,48672,0,38,752,848,720,513,248,75,10,3204,5,99,529,640,515,393,225,43,10,2458,0,1072,3884,3380,2640,1745,988,403,66,14178,55,429,1586,1810,1986,1563,865,324,78,8694,493,1465,3029,2989,2602,2135,854,170,33,13772
319,997,1686,3363,3596,3603,2436,901,215,51,16850,25,51,125,167,317,374,272,143,37,1521,781,412,815,1163,1439,1777,2287,1984,1135,11786,1843,2904,7553,9351,9686,8157,5214,2860,1327,48907,0,23,195,346,329,285,159,43,5,1385,0,37,214,352,470,429,199,54,6,1770,0,499,2150,2401,2069,1931,1143,400,94,10688,58,362,1302,1825,2357,2257,1367,464,111,10097,535,1356,2913,3120,3196,2764,1174,233,49,15340,309,362,454,355,344,331,162,44,8,2362,68,137,328,481,560,640,470,140,33,2858,905,1857,3695,3956,4104,3733,1803,418,89,20562,18,23,80,58,116,166,220,93,34,813,824,597,1196,1380,1831,2386,2772,2143,1074,14201,1807,3403,8826,10329,11269,11189,7665,3611,1404,59507,0,25,355,453,511,443,332,95,8,2216,6,46,319,466,534,536,398,96,9,2409,0,575,2519,2921,2661,2323,1822,598,143,13556,39,332,1388,1896,2569,3012,2057,765,142,12198,608,1637,3611,3843,4147,4193,2151,500,78,20766
397,3,7,6,3,5,0,0,0,0,28,0,0,0,0,0,0,0,0,0,4,3,0,3,0,6,5,11,6,3,39,4,7,9,13,24,14,12,11,4,93,0,0,0,0,0,0,0,0,0,0,0,0,0,0,0,0,0,0,0,0,0,0,0,0,0,0,0,0,0,4,0,0,0,0,3,4,0,0,0,6,0,3,3,3,0,0,0,0,0,12,0,0,0,0,0,0,0,0,0,4,0,0,0,0,0,0,0,0,0,0,0,3,3,3,3,4,0,0,0,10,0,0,0,0,0,0,0,0,0,0,0,0,0,0,0,0,9,4,4,15,0,3,7,3,3,11,5,3,4,39,0,0,0,0,0,0,0,0,0,0,0,0,0,0,0,0,0,0,0,0,0,0,0,0,0,0,0,0,0,0,0,0,0,0,0,0,0,0,0,5,0,0,0,0,0,0,0,0,0,0
399,39,87,104,81,108,140,38,4,0,599,0,5,15,10,17,19,8,0,0,77,58,76,119,105,95,153,77,29,6,719,95,313,614,379,406,545,202,42,14,2617,0,5,48,18,23,19,6,0,0,126,0,4,7,7,12,26,9,0,0,69,0,127,280,84,57,81,57,10,0,700,11,51,78,51,64,132,58,7,0,454,25,36,92,71,97,122,63,4,0,508,6,4,8,9,5,21,13,0,0,66,3,9,25,11,15,31,14,3,0,110,33,48,128,91,122,173,86,8,0,685,5,4,10,0,7,8,7,3,0,58,40,124,227,136,150,218,144,46,11,1097,84,371,782,390,437,657,377,79,14,3185,0,3,67,51,29,27,17,0,0,197,0,0,23,15,19,24,14,0,0,101,0,64,334,124,99,119,71,11,0,831,5,23,92,89,101,152,96,13,3,577,17,74,145,129,127,193,76,8,0,778
401,416,1197,2290,2439,2406,1668,685,371,170,11640,32,74,151,231,278,255,193,127,59,1398,583,609,898,958,1126,1183,1288,1557,1436,9638,1089,5148,14082,14403,13487,10901,5553,3295,2160,70122,0,157,2489,2405,1814,1413,766,188,33,9265,3,74,673,946,1069,1105,612,151,32,4671,17,2396,7473,6660,4960,3964,2384,846,338,29031,51,559,1598,2122,2842,2643,1816,733,358,12720,336,915,1797,1699,2050,1384,732,226,109,9246,118,178,237,227,211,176,110,45,7,1304,61,100,228,411,509,551,422,176,108,2575,517,1194,2258,2335,2771,2109,1259,446,230,13126,26,62,119,150,199,182,203,139,82,1160,552,633,1054,910,1096,1234,1344,1147,978,8951,1171,5082,15672,15525,14751,12651,8378,3641,2053,78932,0,196,3689,3763,2515,1846,1256,400,53,13715,0,78,799,1207,1278,1204,1040,297,55,5962,5,2806,8540,7943,6294,4326,3333,1463,417,35122,38,531,1534,2133,2733,2771,2357,1132,383,13603,564,1072,1981,1969,2114,1934,1060,372,131,11192
402,1003,3204,6351,5207,4265,2405,865,346,103,23750,32,113,272,302,347,263,162,117,38,1642,1246,891,1566,1751,1862,1976,2050,2112,1242,14684,2347,6465,17584,14819,12266,8538,4513,3066,1481,71083,0,87,1791,1275,610,334,153,27,7,4285,0,87,587,713,568,434,218,50,8,2662,12,1699,6853,4950,2687,1936,1004,355,96,19586,63,863,3289,3460,3368,2595,1195,378,117,15339,757,2634,6015,4466,4189,2721,1023,305,97,22197,273,569,949,669,522,346,139,33,8,3503,99,230,639,765,829,655,433,165,62,3864,1119,3429,7595,5901,5544,3720,1598,504,163,29569,25,83,233,205,215,240,227,106,34,1368,925,824,1968,1668,1800,1801,1996,1878,1093,13956,2145,7070,22314,18170,14788,11064,6394,3296,1516,86761,0,169,2878,2492,1014,512,255,73,22,7411,0,121,866,1067,759,585,360,96,13,3866,13,2204,7917,6753,3773,2297,1460,566,141,25119,35,627,3233,3841,3699,3099,1859,624,132,17145,804,2647,6766,5821,4933,3803,1664,453,116,26997
403,732,2323,4712,4079,3804,2679,985,448,160,19928,26,88,200,290,369,291,225,153,79,1723,815,573,1015,1173,1393,1604,1744,2124,1683,12120,1614,5391,15598,15279,14282,11355,5740,3798,2299,75345,4,89,1545,1621,1168,935,478,99,20,5950,0,67,659,974,908,931,480,96,15,4133,5,1822,6782,6202,4233,3468,1950,687,261,25412,44,635,2451,3133,3592,3166,1853,669,264,15812,525,1807,3926,3440,3389,2491,1214,341,149,17279,218,337,548,477,384,328,163,33,10,2504,78,165,422,697,713,712,596,229,127,3747,830,2312,4895,4616,4491,3530,1968,603,281,23524,15,52,158,161,217,210,248,151,94,1302,627,593,1246,1209,1366,1571,1881,1678,1435,11614,1516,5563,17735,17907,15981,13812,8862,3983,2371,87737,0,108,2306,2681,1709,1297,838,224,32,9186,4,73,885,1215,1160,1072,803,260,29,5493,4,2095,7767,7582,5511,3805,2845,1115,316,31046,30,480,2184,3220,3687,3584,2656,1011,301,17145,680,1851,4191,4163,3920,3372,1862,534,166,20743
404,405,1276,2668,2324,2006,1204,526,262,83,10750,7,66,163,165,166,152,117,68,23,921,560,421,884,915,1078,1136,1187,1557,1282,9025,1013,3574,11133,9255,7663,5460,2855,2311,1523,44792,0,73,1554,1120,643,428,175,39,11,4040,0,63,514,563,477,452,158,32,9,2264,7,1409,5435,3804,2341,1686,781,264,109,15837,34,487,1793,1808,1990,1664,782,251,107,8926,289,1011,2303,1843,1915,1337,509,207,91,9512,99,200,301,220,206,160,74,20,15,1302,40,110,274,396,442,383,224,103,45,2018,426,1326,2882,2454,2563,1882,811,331,152,12826,9,35,139,118,124,115,129,75,36,783,405,455,981,853,1001,1044,1100,1103,963,7893,886,3839,13299,10725,9139,7272,3930,2096,1383,52568,0,136,2495,1942,952,643,342,88,18,6619,5,59,660,769,633,539,357,81,11,3114,5,1863,6816,5079,3064,2102,1328,414,133,20798,20,458,1785,1965,2179,2008,1213,385,143,10156,383,1130,2517,2271,2183,1887,851,295,106,11635
405,240,602,1352,1422,1379,911,313,109,19,6340,8,14,36,84,113,86,71,41,16,470,263,122,221,337,473,585,684,738,406,3824,521,1029,3058,3510,3757,3091,1774,1085,504,18332,0,8,98,134,105,106,50,10,0,514,0,10,104,139,161,213,82,23,3,740,0,263,999,976,711,796,410,155,42,4363,8,109,504,674,976,1012,556,150,53,4052,149,495,1220,1172,1221,959,404,78,28,5723,53,116,199,201,166,103,70,18,9,938,24,59,122,218,250,235,135,35,12,1093,228,670,1543,1584,1636,1298,605,133,56,7748,5,6,22,37,42,54,66,32,13,277,343,183,339,412,585,809,894,688,439,4687,588,1254,3606,3961,4218,4280,2666,1194,606,22376,0,11,173,183,175,154,97,25,6,824,0,12,122,203,195,235,169,42,3,983,0,327,1093,1191,915,795,684,219,52,5279,3,98,470,724,935,1158,788,313,65,4563,182,510,1346,1409,1471,1405,723,152,43,7248
406,135,549,1253,1075,901,484,137,45,19,4589,3,12,43,80,62,43,34,22,8,315,284,201,423,444,497,522,518,504,227,3626,434,1092,3091,2948,2644,1907,1017,666,280,14088,0,5,122,85,68,64,28,4,0,383,0,16,90,91,116,110,65,8,5,495,5,200,987,723,493,410,201,61,13,3083,9,89,386,494,612,532,251,56,22,2455,84,367,990,825,779,560,179,49,17,3849,39,92,200,152,83,69,35,10,4,678,14,49,101,161,134,126,54,27,9,670,137,502,1293,1136,991,756,271,81,26,5189,0,9,28,30,36,23,32,19,7,193,308,265,548,469,613,644,556,449,287,4149,465,1095,3449,3030,2922,2538,1405,683,361,15949,0,16,206,149,94,86,35,17,3,605,0,12,111,113,120,128,92,23,0,600,0,205,1029,830,588,427,272,102,21,3479,0,59,382,475,632,618,360,115,31,2669,126,403,1073,964,965,764,343,73,19,4736
407,452,1101,2468,2419,2274,1479,541,170,53,10949,7,27,75,128,178,172,109,78,31,807,524,228,490,732,833,1034,1240,1296,725,7100,1000,1847,5367,5982,5933,5279,3201,1975,946,31530,0,16,204,206,189,191,129,21,3,965,0,23,140,197,276,333,170,34,6,1181,3,321,1537,1566,1144,1166,860,289,78,6968,30,236,842,1116,1487,1592,1066,319,96,6779,358,959,2031,1884,2100,1565,726,181,59,9865,130,236,371,330,265,231,117,21,8,1707,54,116,249,374,396,375,300,103,30,1996,541,1304,2650,2590,2759,2174,1142,301,100,13565,6,13,59,55,61,98,97,59,37,492,540,304,656,749,1074,1205,1505,1214,878,8128,1111,2230,6084,6480,6992,6760,4972,2254,1201,38075,0,28,328,318,266,276,254,64,5,1542,0,37,221,278,317,366,365,74,10,1670,4,385,1821,1895,1519,1337,1222,529,120,8840,10,150,863,1100,1497,1809,1542,564,107,7638,403,981,2486,2372,2388,2333,1189,295,70,12507
497,0,0,0,0,0,0,0,0,0,0,0,0,0,0,0,0,0,0,0,0,0,0,0,0,0,0,0,0,0,0,0,0,0,0,0,0,0,0,0,0,0,0,0,0,0,0,0,0,0,0,0,0,0,0,0,0,0,0,0,0,0,0,0,0,0,0,0,0,0,0,0,0,0,0,0,0,0,0,0,0,0,0,0,0,0,0,0,0,0,0,0,0,0,0,0,0,0,0,0,0,0,0,0,0,0,0,0,0,0,0,0,0,0,0,0,0,0,0,0,0,0,0,0,0,0,0,0,0,0,0,0,0,0,0,0,0,0,0,0,0,0,0,0,0,0,0,0,0,0,0,0,0,0,0,0,0,0,0,0,0,0,0,0,0,0,0,0,0,0,0,0,0,0,0,0,0,0,0,0,0,0,0,0,0,0,0,0,0,0,0,0,0,0,0,0,0,0,0,0,0
499,8,24,40,25,34,16,3,0,0,157,0,3,4,4,0,4,0,0,0,15,12,17,33,26,43,29,27,39,38,250,22,67,176,104,110,80,43,39,38,674,0,0,15,5,0,4,0,0,0,25,0,0,6,6,0,0,0,0,0,13,0,12,46,22,15,10,8,0,4,117,0,4,16,13,25,16,4,0,0,82,7,5,20,12,22,21,9,0,0,103,5,3,0,0,3,0,0,0,0,15,0,0,3,0,9,10,0,0,0,25,13,9,28,13,32,32,12,0,0,137,0,0,4,0,3,5,0,0,0,12,12,16,46,38,53,29,15,6,0,219,29,47,155,98,124,95,46,10,3,602,0,0,25,7,11,0,0,0,0,44,0,0,4,6,5,7,4,0,0,22,0,12,51,25,12,15,7,4,0,125,0,4,18,16,21,27,20,0,0,96,12,19,44,32,21,24,11,0,0,166
501,656,1173,2324,2374,2082,1307,528,412,211,11073,17,49,140,205,323,336,225,116,32,1441,355,229,540,678,690,643,588,517,243,4483,1084,1994,5692,6841,6101,4569,2418,1405,569,30672,0,12,212,294,249,193,107,21,4,1089,0,28,241,363,347,290,119,31,0,1425,4,294,1880,2360,1653,1311,715,302,61,8591,47,242,1083,1328,1484,1470,818,284,87,6848,349,955,2188,2133,1958,1296,520,114,50,9563,247,233,324,280,235,175,88,16,9,1601,38,120,238,374,454,440,270,77,21,2031,628,1305,2755,2785,2649,1916,876,207,77,13197,6,14,77,72,76,109,104,69,14,542,586,347,855,955,1099,1314,1290,1040,594,8077,1271,2243,7099,8164,7557,6605,4033,1956,840,39762,0,22,292,464,355,296,217,56,0,1708,3,24,268,453,489,427,271,74,14,2011,0,304,2036,2806,2294,1646,1158,463,112,10825,36,187,1039,1495,1582,1692,1237,458,136,7868,578,1118,2536,2702,2461,1949,939,222,37,12543
502,268,609,1041,1044,1044,697,371,118,25,5221,14,34,63,114,155,188,197,95,34,899,270,158,306,392,392,490,600,717,333,3667,594,1122,2504,2963,2846,2310,1756,1182,437,15719,0,8,131,133,122,65,44,12,0,517,0,13,103,169,143,129,64,21,0,647,0,213,852,914,690,539,347,175,45,3779,53,205,574,714,865,741,499,218,46,3913,194,585,1168,1048,992,773,368,119,26,5278,97,95,147,111,112,84,53,17,7,734,23,66,144,223,214,253,205,79,22,1229,311,747,1464,1392,1316,1108,627,217,56,7241,4,12,26,45,64,61,83,58,13,362,246,180,399,442,531,669,827,740,385,4412,616,1377,3556,3798,3733,3307,2495,1441,550,20868,0,11,127,193,181,146,79,25,5,763,5,18,125,180,224,195,133,34,8,924,0,226,950,1110,965,688,562,243,51,4797,23,184,641,847,928,992,738,286,82,4712,279,635,1452,1390,1346,1161,608,210,39,7116
503,157,625,953,750,779,572,273,182,68,4364,11,60,195,202,242,269,265,145,102,1500,317,580,1342,733,699,717,565,688,727,6371,545,3829,11693,9070,8138,6047,3162,1984,1210,45689,3,125,1957,1919,1486,934,474,141,30,7064,0,64,693,729,782,630,276,73,30,3274,13,2189,6968,4636,3720,2569,1417,642,223,22371,55,433,1298,1078,1374,1276,871,455,201,7029,107,442,872,519,536,400,222,99,55,3241,68,79,76,73,66,64,63,22,16,526,11,56,146,210,244,243,222,88,55,1270,186,571,1092,803,853,707,503,206,121,5040,18,38,129,91,91,112,119,60,50,705,344,666,1796,949,852,857,825,786,673,7752,615,4077,13925,10193,9156,7082,4500,2364,1329,53245,0,202,2878,2681,1996,1303,796,230,62,10143,0,73,771,794,938,750,522,172,40,4076,4,2192,6963,5553,4461,3066,2074,957,356,25629,50,521,1201,1162,1292,1473,1086,633,261,7677,274,546,901,673,621,530,303,120,66,4034
504,568,1526,2850,2658,2282,1410,472,168,50,11974,36,75,248,341,424,431,298,142,48,2042,709,502,1028,1163,1124,1077,1008,887,561,8050,1424,3679,10209,10140,8289,5867,3020,1585,741,44951,0,49,1076,945,579,382,150,33,7,3208,4,47,507,624,549,395,133,38,0,2303,12,1189,5025,3977,2490,1589,831,257,57,15431,107,655,2275,2383,2154,1618,834,303,76,10412,353,1320,3043,2382,2132,1410,522,140,43,11351,214,226,355,280,250,171,88,31,4,1620,39,134,385,538,584,500,314,117,30,2647,608,1680,3783,3201,2975,2076,926,284,81,15622,13,43,187,150,162,176,129,64,25,952,559,662,1542,1397,1364,1249,1261,1051,804,9886,1302,4334,14397,12677,10270,7489,4260,2031,1057,57815,0,88,1414,1645,917,574,291,68,16,5007,0,70,713,839,717,499,266,84,16,3202,8,1221,5654,5136,3343,1991,1270,459,108,19186,53,667,2371,2648,2427,2014,1201,458,116,11950,535,1566,3782,3118,2706,2006,916,242,62,14941
505,1207,3099,5773,5610,4899,3024,1251,649,328,25845,55,233,540,776,926,913,698,373,129,4637,1244,1039,2153,2062,1940,1871,1776,1875,1162,15121,2726,8758,24782,24158,19440,12998,6538,3951,1900,105252,0,155,2454,2361,1467,831,330,74,14,7682,5,149,1373,1592,1360,932,316,81,16,5830,16,3333,12559,10412,6710,3924,2048,735,163,39904,246,1377,4969,5475,5315,3796,1986,750,206,24110,781,2426,5580,4583,4418,2627,1111,373,137,22037,393,351,614,590,510,380,198,75,24,3126,94,295,811,1200,1333,1120,772,292,116,6034,1274,3075,7004,6369,6260,4130,2083,733,276,31201,35,106,389,340,369,386,333,180,63,2204,1027,1102,2851,2468,2445,2376,2335,2122,1585,18307,2598,9292,31596,29013,23925,16366,9438,4663,2328,129233,0,224,3236,3865,2315,1293,596,168,24,11718,7,157,1671,2147,1812,1308,680,175,33,7989,11,3224,13084,13204,8830,5118,3174,1179,288,48114,125,1407,4861,5710,5917,4873,2947,1124,344,27310,1121,2754,6171,5647,5225,3920,1894,556,150,27450
506,1271,3043,5284,4600,3974,2833,1190,534,162,22889,65,231,483,589,754,823,630,327,128,4034,1183,1200,2169,1966,1853,1878,1638,1880,1410,15176,2750,9176,23313,18868,15641,11467,6002,3684,1980,92888,0,164,3351,2636,1415,814,323,72,11,8791,0,162,1114,1124,972,762,273,73,15,4493,21,3117,12235,8552,5011,3132,1661,665,135,34528,229,1421,4376,4092,3870,3138,1628,633,193,19581,741,2449,5102,3936,3384,2403,1023,266,108,19418,394,419,588,481,426,335,193,46,17,2904,97,247,672,934,987,865,588,251,92,4727,1235,3118,6369,5351,4798,3603,1796,568,214,27045,18,130,364,300,286,291,293,167,60,1902,992,1318,3038,2351,2187,2326,2241,2106,1700,18256,2499,9423,30845,24411,18534,14066,8212,4277,2333,114594,5,238,4172,4520,2205,1169,592,154,18,13057,5,172,1347,1591,1221,961,524,159,22,6009,12,3137,12404,11917,6834,4107,2546,971,240,42178,134,1462,4224,4880,4276,3661,2289,961,256,22144,1108,3013,5983,5288,4315,3165,1646,446,104,25067
507,964,2454,4369,4226,3492,1998,774,373,116,18770,50,154,381,537,724,643,497,296,123,3410,1044,712,1335,1682,1485,1477,1477,1770,1077,12057,2238,6318,16749,17307,14510,9711,5051,3320,1548,76756,0,83,1679,1861,1333,856,366,75,17,6275,10,130,1006,1173,1104,779,279,83,22,4566,16,2251,8434,7366,4950,3202,1577,599,185,28590,162,1036,3188,3687,3679,2780,1452,596,203,16778,656,2195,4612,3627,3404,2016,798,271,105,17679,332,402,566,446,362,310,147,43,20,2630,100,222,586,816,908,760,532,217,89,4229,1093,2814,5764,4891,4678,3080,1480,531,214,24539,12,69,211,237,308,293,237,114,65,1547,896,1001,2335,1975,2058,1992,1891,1923,1468,15538,2188,7385,22624,21180,18107,12981,7278,3920,2160,97823,0,116,2260,2977,1990,1276,679,162,27,9490,3,119,1201,1581,1407,1085,601,151,33,6178,5,2359,9172,9567,6621,4098,2573,964,240,35601,118,979,3239,4153,4194,3494,2179,879,280,19530,991,2453,5561,4838,4261,3158,1387,380,107,23129
509,397,712,1572,1553,1400,1038,390,107,43,7216,17,32,74,140,214,303,219,94,41,1127,319,168,406,573,616,696,638,623,298,4329,753,1290,4015,4765,4641,4039,2203,1131,477,23317,0,4,119,173,178,170,81,13,5,734,0,11,169,226,238,266,97,22,3,1034,0,235,1293,1396,1136,936,590,227,56,5876,32,157,657,830,1131,1167,712,279,70,5047,183,556,1350,1192,1266,1033,399,88,26,6104,162,139,235,194,156,147,80,24,7,1128,35,72,153,268,294,325,200,51,20,1422,380,767,1728,1652,1722,1502,680,167,56,8654,8,23,52,45,68,84,83,59,16,438,401,281,677,772,1045,1234,1243,862,458,6969,826,1486,4701,5092,5504,5372,3484,1634,658,28751,0,19,193,244,220,239,149,37,6,1100,0,22,183,246,280,276,211,47,5,1271,0,265,1329,1603,1372,1176,791,343,85,6967,18,138,623,857,1089,1316,959,402,88,5494,259,566,1436,1438,1421,1293,690,159,39,7302
510,188,650,1426,955,622,287,45,3,0,4176,7,42,89,107,129,82,22,4,0,483,451,528,1280,1123,854,480,171,65,14,4961,664,1675,5318,4100,2840,1465,347,97,20,16523,0,9,231,187,111,87,24,5,0,651,3,25,197,202,118,94,17,0,0,646,4,245,1584,1141,583,352,100,17,4,4034,12,130,800,694,559,347,92,11,0,2640,85,410,1240,849,550,286,48,4,0,3478,78,133,251,157,91,50,4,0,0,771,8,43,173,170,144,87,22,3,0,664,174,592,1663,1183,782,427,77,13,3,4907,0,6,52,37,30,25,4,0,0,165,426,476,1412,1025,1000,641,259,91,36,5360,612,1479,5941,4467,3184,1973,572,130,41,18408,0,15,318,313,163,102,37,9,0,959,0,16,237,244,160,106,34,5,0,796,0,266,1670,1286,728,415,129,31,0,4520,9,106,680,732,558,417,128,22,0,2647,100,367,1209,1078,694,374,92,10,0,3922
511,339,791,1560,1382,1148,650,208,70,10,6159,17,46,98,162,181,177,110,52,15,855,493,397,794,859,811,655,549,423,190,5169,878,1773,4700,4645,3845,2544,1324,664,241,20611,0,3,190,170,115,84,29,0,0,589,0,25,179,216,180,134,52,4,0,794,3,259,1374,1202,850,546,265,87,18,4600,19,186,695,830,792,694,311,114,20,3667,182,529,1344,1073,1076,617,222,61,8,5114,142,169,231,173,142,103,52,14,0,1031,31,84,176,251,210,221,99,46,10,1122,355,777,1748,1496,1432,943,375,123,20,7262,0,12,36,52,45,49,47,20,5,268,487,404,1052,950,1008,966,763,493,210,6325,864,1670,5269,4904,4421,3416,1839,848,276,23514,0,25,257,283,180,119,59,8,0,929,0,21,209,233,212,175,94,27,8,970,0,318,1454,1330,1036,643,337,151,25,5294,20,161,659,776,835,750,436,149,35,3827,204,592,1443,1330,1227,898,371,98,15,6176
597,0,0,0,3,0,0,0,0,0,10,0,0,0,0,0,0,0,0,0,0,0,0,0,0,0,0,0,0,0,6,0,0,12,0,4,0,0,0,0,27,0,0,0,0,0,0,0,0,0,0,0,0,0,0,0,0,0,0,0,0,0,0,0,0,0,0,0,0,0,3,0,0,0,0,0,0,0,0,0,0,0,0,0,0,0,0,0,0,0,3,0,0,0,0,0,0,0,0,0,0,0,0,0,0,0,0,0,0,0,0,0,3,0,0,0,0,0,0,0,3,0,0,0,0,0,0,0,0,0,0,0,0,3,0,6,0,0,0,0,4,0,3,5,0,3,0,0,0,0,19,0,0,0,0,0,0,0,0,0,0,0,0,0,0,0,0,0,0,0,0,0,0,4,0,0,0,0,0,0,9,0,0,4,0,4,0,0,0,0,7,0,4,3,0,0,0,0,0,0,3
599,13,49,101,47,71,67,21,0,0,358,0,8,18,6,9,23,5,5,0,80,23,35,94,96,66,72,24,15,4,430,37,165,488,294,251,309,99,17,5,1661,0,4,22,4,9,4,4,0,0,54,0,0,7,5,8,11,4,0,0,33,0,36,133,48,32,24,21,0,0,304,0,11,44,14,20,47,22,0,0,161,4,26,53,30,33,56,17,0,0,221,3,3,6,8,4,5,4,0,0,39,0,8,18,9,5,19,12,0,0,65,5,38,77,39,47,78,35,5,0,319,0,0,3,0,3,3,4,3,0,20,20,61,157,102,105,84,57,16,3,612,25,153,441,223,217,264,141,23,6,1492,0,0,42,18,8,10,7,0,0,90,0,0,7,12,9,11,10,0,0,49,0,40,140,80,27,36,13,0,0,340,0,8,48,44,27,45,16,5,0,190,3,25,65,69,48,47,22,0,0,286
601,491,1584,2856,2379,2313,1388,533,259,100,11893,23,57,115,157,193,234,143,99,37,1052,609,440,756,837,1052,1274,1319,1356,785,8423,1148,3452,9030,9072,8932,7105,3810,2479,1201,46235,0,79,1213,1124,913,717,373,85,18,4525,3,56,527,607,675,581,293,60,18,2828,5,972,3527,3348,2556,2395,1306,473,175,14764,26,298,1151,1535,1792,1602,1080,521,183,8192,219,1149,2567,2028,1939,1441,492,178,71,10091,142,291,405,274,235,185,107,23,15,1678,44,125,282,374,411,490,301,147,88,2269,407,1563,3252,2676,2588,2122,897,355,175,14032,13,24,77,78,113,135,183,121,38,781,564,448,928,910,1069,1293,1391,1189,702,8493,1015,3447,10669,10279,9704,8853,5530,2804,1321,53612,0,140,3996,2266,1386,1001,665,172,27,9669,0,61,726,892,755,736,557,145,24,3892,4,1335,5571,4294,3211,2585,1997,770,213,19986,24,305,1432,1618,1967,1813,1460,653,237,9511,181,1241,2926,2614,2262,1899,880,240,70,12319
602,320,962,1882,1785,1643,1128,354,141,57,8266,9,29,86,104,136,147,92,53,23,686,409,189,385,509,627,806,968,944,480,5321,755,1716,4715,5187,5171,4395,2537,1529,660,26658,0,14,258,322,312,301,184,22,3,1430,0,16,163,225,239,258,122,35,7,1070,0,402,1603,1612,1416,1283,716,238,85,7352,12,157,594,846,1072,1078,738,341,80,4928,181,706,1460,1370,1348,1024,452,98,29,6665,99,207,293,221,204,149,76,18,4,1277,44,111,207,254,324,355,225,101,32,1652,323,1020,1958,1841,1877,1533,751,215,73,9596,3,21,37,51,46,66,85,48,24,392,465,350,643,648,829,975,1202,893,483,6485,803,1989,5256,5551,5795,5494,3804,1789,751,31244,0,24,876,568,450,415,300,91,0,2724,0,28,234,303,306,301,241,83,19,1513,0,440,2232,2025,1695,1486,1140,411,90,9525,13,146,682,934,1190,1230,938,463,117,5712,136,846,1931,1797,1749,1451,715,162,33,8822
603,51,180,482,456,436,318,118,14,11,2063,7,9,16,19,35,51,24,10,3,174,81,36,95,140,180,285,252,159,70,1305,138,280,954,1297,1391,1399,769,269,101,6594,0,3,45,65,108,113,69,9,3,412,0,4,23,53,70,78,63,12,0,298,0,44,264,343,357,397,256,56,11,1726,5,23,138,200,325,352,254,83,9,1400,34,118,344,379,338,313,116,27,5,1675,23,53,70,54,58,37,18,5,0,315,12,18,46,76,82,99,73,15,0,419,67,188,452,507,479,448,215,49,13,2412,0,0,12,10,16,25,29,15,5,110,126,68,126,200,244,349,392,224,91,1820,191,335,1063,1384,1599,1761,1270,442,131,8177,0,5,125,169,127,180,118,22,0,753,0,0,45,68,96,125,96,16,0,452,0,51,388,512,413,518,376,113,16,2394,0,27,152,244,320,494,336,116,21,1714,31,173,518,499,474,436,186,37,11,2354
604,345,890,1580,1524,1499,875,252,94,29,7085,10,16,59,77,94,125,85,43,8,522,319,148,292,465,568,623,845,821,418,4500,683,1338,3358,3727,3953,3120,1894,1208,537,19830,0,17,107,129,151,140,64,10,9,612,4,13,95,116,179,174,79,21,0,677,0,183,891,856,748,803,470,144,37,4127,10,118,484,721,902,802,542,234,66,3876,142,669,1381,1191,1208,886,295,63,19,5863,116,205,248,169,166,114,59,16,7,1101,34,71,160,202,286,267,144,60,18,1245,292,946,1794,1559,1670,1274,498,136,44,8209,0,12,43,26,53,58,54,53,14,317,329,181,393,426,657,833,985,813,391,5011,639,1471,3809,3826,4353,4082,2685,1413,564,22827,0,4,410,224,204,226,115,31,5,1228,0,19,152,162,200,210,133,42,9,928,0,256,1153,1218,942,885,711,259,47,5480,3,103,522,686,968,962,714,334,98,4389,116,680,1832,1588,1505,1395,601,121,34,7876
697,0,0,4,0,0,0,0,0,0,7,0,0,0,0,0,0,0,0,0,0,0,0,0,0,0,0,0,0,0,0,0,4,5,5,0,0,0,0,0,15,0,0,0,0,0,0,0,0,0,0,0,0,0,0,0,0,0,0,0,0,0,0,0,0,0,0,0,0,0,8,0,0,0,0,0,0,0,0,0,0,0,0,3,0,0,0,0,0,0,4,0,0,0,0,0,0,0,0,0,0,0,0,0,0,0,0,0,0,0,0,0,0,3,0,0,0,0,0,0,4,0,0,0,0,0,0,0,0,0,0,0,0,0,0,0,0,0,0,0,0,0,6,3,0,0,0,0,0,0,12,0,0,0,0,0,0,0,0,0,0,0,0,0,0,0,0,0,0,0,0,0,0,0,0,0,0,0,0,0,0,0,0,0,0,0,0,0,0,0,0,0,0,0,0,0,0,0,0,0,0
699,6,6,11,7,5,9,0,0,0,47,0,0,0,0,0,0,0,0,0,4,9,7,13,8,4,13,15,4,0,58,10,22,56,33,33,48,21,3,0,222,0,0,6,3,5,0,0,0,0,18,0,0,0,3,0,0,0,0,0,10,0,3,13,10,4,9,5,0,0,42,0,0,8,9,7,5,6,0,0,37,0,0,7,5,0,5,0,0,0,29,0,0,4,0,0,0,0,0,0,6,0,0,0,0,3,4,0,0,0,10,4,7,15,4,5,10,0,0,0,41,0,0,0,0,0,0,0,0,0,5,4,8,11,5,16,10,9,0,0,62,8,16,51,37,39,41,21,3,0,208,0,0,6,5,6,4,0,0,0,19,0,0,6,0,0,7,0,0,0,10,0,0,21,15,14,6,0,0,0,61,0,0,3,5,6,10,6,4,0,28,0,7,16,19,13,11,3,0,0,69
701,301,907,1910,1494,1149,554,145,39,10,6513,9,46,86,101,113,85,47,18,3,504,566,499,1224,1209,1054,788,417,229,83,6067,907,2186,7254,6381,5137,3170,1136,392,119,26682,4,33,718,687,493,364,129,24,0,2453,0,33,441,457,348,279,79,16,0,1649,0,532,3341,2340,1396,911,390,93,23,9022,16,277,1190,1194,1106,747,284,83,12,4902,193,744,1895,1392,1063,572,168,32,8,6070,112,136,220,134,116,81,28,0,0,827,21,88,223,229,247,170,89,24,3,1094,327,966,2339,1756,1428,823,281,58,14,7996,0,30,84,72,56,43,32,15,7,348,488,588,1638,1189,1061,922,542,241,97,6771,832,2456,9753,7694,5892,4086,1741,532,153,33141,0,47,1544,1155,699,480,217,51,3,4197,0,50,506,593,476,330,159,30,0,2150,0,648,3830,2903,1697,1065,605,179,28,10956,15,222,1155,1285,1187,877,427,146,15,5332,235,630,1823,1637,1231,843,272,55,11,6746
702,162,445,1042,903,687,375,80,18,0,3708,3,19,53,66,82,64,20,5,0,318,564,483,930,895,675,464,278,128,56,4473,743,1267,3854,3493,2930,1893,576,188,69,15016,0,5,260,238,202,189,48,7,0,953,0,8,178,182,193,136,35,3,0,730,0,161,1137,833,623,500,152,37,11,3460,4,71,421,424,516,381,112,37,3,1965,87,271,704,529,541,356,94,18,4,2605,63,109,207,140,133,69,19,0,3,745,20,42,152,141,124,94,38,4,3,615,170,423,1063,811,801,525,152,24,8,3972,4,15,30,29,37,25,10,7,0,163,729,717,1549,1168,1114,789,387,132,51,6634,907,1399,4627,3687,3486,2535,902,258,73,17872,0,13,476,391,235,213,78,18,0,1423,0,13,193,228,187,156,64,15,0,850,3,195,1469,911,673,515,222,48,9,4037,7,71,424,406,472,411,175,45,10,2029,107,311,797,674,585,396,156,22,4,3060
797,0,0,0,0,0,0,0,0,0,7,0,0,0,0,0,0,0,0,0,0,0,0,0,0,0,0,0,0,0,0,0,0,4,0,0,0,4,0,0,10,0,0,0,0,0,0,0,0,0,0,0,0,0,0,0,0,0,0,0,0,0,0,0,0,0,0,0,0,0,5,0,0,0,0,0,0,0,0,0,0,0,0,0,0,0,0,0,0,0,0,0,0,0,0,0,0,0,0,0,0,0,0,0,0,0,0,0,0,0,0,0,0,0,0,0,0,0,0,0,0,0,0,0,0,0,0,0,0,0,0,0,0,4,0,0,0,0,0,0,5,0,0,6,0,0,0,0,3,0,11,0,0,0,0,0,0,0,0,0,0,0,0,0,0,0,0,0,0,0,0,0,0,0,0,0,0,0,0,0,0,0,0,0,0,0,0,0,0,0,0,0,3,0,0,0,0,0,0,0,6
799,3,16,27,15,15,24,12,0,0,105,0,3,4,0,0,8,0,0,0,12,4,6,16,16,30,37,17,0,0,124,6,53,130,62,74,104,47,0,0,477,0,0,13,6,0,3,4,0,0,29,0,0,7,0,4,7,0,0,0,23,0,15,40,28,14,16,8,0,0,119,0,7,4,14,14,11,12,0,0,72,3,7,14,11,12,16,3,0,0,69,0,0,0,5,0,4,0,0,0,14,0,3,11,4,5,6,0,0,0,30,5,12,24,19,19,30,6,0,0,117,0,0,4,0,4,4,0,0,0,12,3,37,96,70,85,45,29,3,0,373,10,73,195,141,137,122,63,9,0,744,0,0,19,4,12,9,3,0,0,50,0,0,9,10,5,4,3,0,0,34,0,7,76,36,12,20,5,0,0,166,0,0,16,17,23,16,11,0,0,85,0,12,20,7,19,24,12,0,0,92
801,575,1935,3458,3246,2763,1913,790,342,138,15151,25,103,288,347,541,625,466,294,140,2818,896,909,1367,1122,1036,1018,965,1046,822,9190,1581,7479,23218,20039,17218,12690,6095,2998,1500,92815,0,258,4631,4647,3190,2022,984,248,47,16019,4,159,1813,1900,1750,1456,852,175,22,8126,17,3559,12048,9031,6135,4560,2650,1022,280,39301,81,943,3224,3488,3380,2626,1729,754,232,16456,361,1590,3180,2685,2258,1531,618,200,82,12509,196,262,334,312,259,220,141,52,22,1805,52,171,292,509,732,793,694,275,115,3639,616,2030,3803,3507,3247,2545,1451,530,220,17955,29,45,186,180,208,228,260,114,58,1304,698,971,2092,1612,1488,1539,1397,1207,1059,12066,1445,7953,27799,24367,19403,14983,9320,4048,1926,111240,0,322,7756,7465,4645,2857,1587,562,96,25288,4,226,2093,2492,2145,1620,1260,434,62,10337,4,4347,14315,11628,7722,5313,3798,1749,446,49327,76,1122,3341,3967,3810,3142,2212,1088,363,19121,409,1641,3440,3008,2646,1995,990,349,118,14593
897,0,0,0,0,0,0,0,0,0,0,0,0,0,0,0,0,0,0,0,0,0,0,0,0,0,0,0,0,0,0,0,0,0,0,0,0,0,0,0,0,0,0,0,0,0,0,0,0,0,0,0,0,0,0,0,0,0,0,0,0,0,0,0,0,0,0,0,0,0,0,0,0,0,0,0,0,0,0,0,0,0,0,0,0,0,0,0,0,0,0,0,0,0,0,0,0,0,0,0,0,0,0,0,0,0,0,0,0,0,0,0,0,0,0,0,0,0,0,0,0,0,0,0,0,0,0,0,0,0,0,0,0,0,0,0,0,0,0,0,0,0,0,0,0,0,0,0,0,0,0,0,0,0,0,0,0,0,0,0,0,0,0,0,0,0,0,0,0,0,0,0,0,0,0,0,0,0,0,0,0,0,0,0,0,0,0,0,0,0,0,0,0,0,0,0,0,0,0,0,0
899,0,6,8,8,9,7,0,0,0,36,0,0,0,0,0,3,0,0,0,3,4,9,0,5,5,0,0,0,0,18,4,25,56,38,34,20,4,0,0,180,0,0,3,3,3,5,0,0,0,19,0,0,0,3,0,0,0,0,0,8,0,7,19,6,7,5,3,0,0,54,0,0,5,0,3,9,3,0,0,17,0,4,4,3,4,0,0,0,0,17,5,0,0,0,0,0,0,0,0,3,0,0,0,0,0,0,0,0,0,0,0,6,6,3,4,0,0,0,0,24,0,0,0,0,0,0,0,0,0,0,6,9,4,7,0,5,0,0,0,31,12,26,33,28,18,25,5,0,0,148,0,0,8,6,11,7,0,0,0,21,0,0,0,0,0,4,0,0,0,7,0,3,15,11,6,9,0,0,0,50,0,4,8,0,4,3,0,0,0,22,3,6,3,6,0,3,0,0,0,18
901,7,15,30,25,29,8,0,0,0,118,0,0,6,3,3,0,0,0,0,11,7,9,20,23,25,20,7,6,0,112,14,33,92,111,92,49,6,7,0,410,0,0,7,16,12,8,4,0,0,38,0,3,8,7,11,4,4,0,0,34,0,4,43,53,21,41,14,3,7,183,0,0,32,44,35,32,14,8,0,168,8,10,33,34,43,15,6,0,0,148,3,7,7,5,6,5,0,0,0,27,0,3,9,10,9,18,12,0,0,58,11,24,45,47,58,38,16,3,0,239,0,0,0,0,8,4,0,0,0,11,29,5,30,36,63,59,37,26,8,285,37,38,166,207,191,175,92,41,11,966,0,0,11,22,16,13,7,0,0,71,0,0,5,11,13,21,3,0,0,52,0,10,49,57,44,26,30,8,0,214,0,3,28,36,24,40,22,14,3,180,0,23,33,36,38,34,14,5,0,184
997,0,0,0,0,0,0,0,0,0,0,0,0,0,0,0,0,0,0,0,0,0,0,0,0,0,0,0,0,0,0,0,0,0,0,0,0,0,0,0,0,0,0,0,0,0,0,0,0,0,0,0,0,0,0,0,0,0,0,0,0,0,0,0,0,0,0,0,0,0,0,0,0,0,0,0,0,0,0,0,0,0,0,0,0,0,0,0,0,0,0,0,0,0,0,0,0,0,0,0,0,0,0,0,0,0,0,0,0,0,0,0,0,0,0,0,0,0,0,0,0,0,0,0,0,0,0,0,0,0,0,0,0,0,0,0,0,0,0,0,0,0,0,0,0,0,0,0,0,0,0,0,0,0,0,0,0,0,0,0,0,0,0,0,0,0,0,0,0,0,0,0,0,0,0,0,0,0,0,0,0,0,0,0,0,0,0,0,0,0,0,0,0,0,0,0,0,0,0,0,0
999,0,0,0,0,0,0,0,0,0,4,0,0,0,0,0,0,0,0,0,0,0,0,0,0,0,0,0,0,0,0,0,0,6,0,3,0,0,0,0,13,0,0,0,0,0,0,0,0,0,0,0,0,0,0,0,0,0,0,0,0,0,0,0,0,0,0,0,0,0,11,0,0,0,0,0,0,0,0,0,3,0,0,0,0,0,0,0,0,0,0,0,0,0,0,0,0,0,0,0,0,0,0,0,0,0,0,0,0,0,0,0,0,0,0,0,0,0,0,0,0,0,0,0,0,0,0,0,0,0,0,0,0,0,0,0,0,0,0,0,0,0,8,0,4,3,0,3,0,0,21,0,0,0,0,0,0,0,0,0,0,0,0,0,0,0,0,0,0,0,0,0,0,0,0,0,0,0,0,0,0,0,0,0,0,0,0,0,0,0,0,0,0,0,0,0,0,0,0,0,0
