SA4_CODE_2021,C11_M_NatPhy_sci_15_19,C11_M_NatPhy_sci_20_24,C11_M_NatPhy_sci_25_34,C11_M_NatPhy_sci_35_44,C11_M_NatPhy_sci_45_54,C11_M_NatPhy_sci_55_64,C11_M_NatPhy_sci_65_74,C11_M_NatPhy_sci_75_84,C11_M_NatPhy_sci_85over,C11_M_NatPhy_sci_Tot,C11_M_InfTec_15_19,C11_M_InfTec_20_24,C11_M_InfTec_25_34,C11_M_InfTec_35_44,C11_M_InfTec_45_54,C11_M_InfTec_55_64,C11_M_InfTec_65_74,C11_M_InfTec_75_84,C11_M_InfTec_85over,C11_M_InfTec_Tot,C11_M_EngRT_15_19,C11_M_EngRT_20_24,C11_M_EngRT_25_34,C11_M_EngRT_35_44,C11_M_EngRT_45_54,C11_M_EngRT_55_64,C11_M_EngRT_65_74,C11_M_EngRT_75_84,C11_M_EngRT_85over,C11_M_EngRT_Tot,C11_M_ArchBuild_15_19,C11_M_ArchBuild_20_24,C11_M_ArchBuild_25_34,C11_M_ArchBuild_35_44,C11_M_ArchBuild_45_54,C11_M_ArchBuild_55_64,C11_M_ArchBuild_65_74,C11_M_ArchBuild_75_84,C11_M_ArchBuild_85over,C11_M_ArchBuild_Tot,C11_M_AgEnv_RS_15_19,C11_M_AgEnv_RS_20_24,C11_M_AgEnv_RS_25_34,C11_M_AgEnv_RS_35_44,C11_M_AgEnv_RS_45_54,C11_M_AgEnv_RS_55_64,C11_M_AgEnv_RS_65_74,C11_M_AgEnv_RS_75_84,C11_M_AgEnv_RS_85over,C11_M_AgEnv_RS_Tot,C11_M_Health_15_19,C11_M_Health_20_24,C11_M_Health_25_34,C11_M_Health_35_44,C11_M_Health_45_54,C11_M_Health_55_64,C11_M_Health_65_74,C11_M_Health_75_84,C11_M_Health_85over,C11_M_Health_Tot,C11_M_Educ_15_19,C11_M_Educ_20_24,C11_M_Educ_25_34,C11_M_Educ_35_44,C11_M_Educ_45_54,C11_M_Educ_55_64,C11_M_Educ_65_74,C11_M_Educ_75_84,C11_M_Educ_85over,C11_M_Educ_Tot,C11_M_MngtCom_15_19,C11_M_MngtCom_20_24,C11_M_MngtCom_25_34,C11_M_MngtCom_35_44,C11_M_MngtCom_45_54,C11_M_MngtCom_55_64,C11_M_MngtCom_65_74,C11_M_MngtCom_75_84,C11_M_MngtCom_85over,C11_M_MngtCom_Tot,C11_M_Soc_cult_15_19,C11_M_Soc_cult_20_24,C11_M_Soc_cult_25_34,C11_M_Soc_cult_35_44,C11_M_Soc_cult_45_54,C11_M_Soc_cult_55_64,C11_M_Soc_cult_65_74,C11_M_Soc_cult_75_84,C11_M_Soc_cult_85over,C11_M_Soc_cult_Tot,C11_M_Creative_art_15_19,C11_M_Creative_art_20_24,C11_M_Creative_art_25_34,C11_M_Creative_art_35_44,C11_M_Creative_art_45_54,C11_M_Creative_art_55_64,C11_M_Creative_art_65_74,C11_M_Creative_art_75_84,C11_M_Creative_art_85over,C11_M_Creative_art_Tot,C11_M_FoodHos_PS_15_19,C11_M_FoodHos_PS_20_24,C11_M_FoodHos_PS_25_34,C11_M_FoodHos_PS_35_44,C11_M_FoodHos_PS_45_54,C11_M_FoodHos_PS_55_64,C11_M_FoodHos_PS_65_74,C11_M_FoodHos_PS_75_84,C11_M_FoodHos_PS_85over,C11_M_FoodHos_PS_Tot,C11_M_MixFld_pr_15_19,C11_M_MixFld_pr_20_24,C11_M_MixFld_pr_25_34,C11_M_MixFld_pr_35_44,C11_M_MixFld_pr_45_54,C11_M_MixFld_pr_55_64,C11_M_MixFld_pr_65_74,C11_M_MixFld_pr_75_84,C11_M_MixFld_pr_85over,C11_M_MixFld_pr_Tot,C11_M_FldStu_ID_15_19,C11_M_FldStu_ID_20_24,C11_M_FldStu_ID_25_34,C11_M_FldStu_ID_35_44,C11_M_FldStu_ID_45_54,C11_M_FldStu_ID_55_64,C11_M_FldStu_ID_65_74,C11_M_FldStu_ID_75_84,C11_M_FldStu_ID_85over,C11_M_FldStu_ID_Tot,C11_M_FldStu_NS_15_19,C11_M_FldStu_NS_20_24,C11_M_FldStu_NS_25_34,C11_M_FldStu_NS_35_44,C11_M_FldStu_NS_45_54,C11_M_FldStu_NS_55_64,C11_M_FldStu_NS_65_74,C11_M_FldStu_NS_75_84,C11_M_FldStu_NS_85over,C11_M_FldStu_NS_Tot,C11_M_Tot_15_19,C11_M_Tot_20_24,C11_M_Tot_25_34,C11_M_Tot_35_44,C11_M_Tot_45_54,C11_M_Tot_55_64,C11_M_Tot_65_74,C11_M_Tot_75_84,C11_M_Tot_85over,C11_M_Tot_Tot,C16_M_NatPhy_sci_15_19,C16_M_NatPhy_sci_20_24,C16_M_NatPhy_sci_25_34,C16_M_NatPhy_sci_35_44,C16_M_NatPhy_sci_45_54,C16_M_NatPhy_sci_55_64,C16_M_NatPhy_sci_65_74,C16_M_NatPhy_sci_75_84,C16_M_NatPhy_sci_85over,C16_M_NatPhy_sci_Tot,C16_M_InfTec_15_19,C16_M_InfTec_20_24,C16_M_InfTec_25_34,C16_M_InfTec_35_44,C16_M_InfTec_45_54,C16_M_InfTec_55_64,C16_M_InfTec_65_74,C16_M_InfTec_75_84,C16_M_InfTec_85over,C16_M_InfTec_Tot,C16_M_EngRT_15_19,C16_M_EngRT_20_24,C16_M_EngRT_25_34,C16_M_EngRT_35_44,C16_M_EngRT_45_54,C16_M_EngRT_55_64,C16_M_EngRT_65_74,C16_M_EngRT_75_84,C16_M_EngRT_85over,C16_M_EngRT_Tot,C16_M_ArchBuild_15_19,C16_M_ArchBuild_20_24,C16_M_ArchBuild_25_34,C16_M_ArchBuild_35_44,C16_M_ArchBuild_45_54,C16_M_ArchBuild_55_64,C16_M_ArchBuild_65_74,C16_M_ArchBuild_75_84,C16_M_ArchBuild_85over,C16_M_ArchBuild_Tot,C16_M_AgEnv_RS_15_19,C16_M_AgEnv_RS_20_24,C16_M_AgEnv_RS_25_34,C16_M_AgEnv_RS_35_44,C16_M_AgEnv_RS_45_54,C16_M_AgEnv_RS_55_64,C16_M_AgEnv_RS_65_74,C16_M_AgEnv_RS_75_84,C16_M_AgEnv_RS_85over,C16_M_AgEnv_RS_Tot
101,0,24,123,261,255,315,221,78,17,1286,45,110,363,331,294,175,45,8,0,1363,103,619,1548,2384,2879,2712,1887,814,218,13166,61,363,863,1155,1412,1190,720,339,76,6177,38,117,365,628,671,548,308,148,27,2854,9,39,162,260,372,365,183,102,27,1517,3,21,162,279,420,629,297,88,17,1910,38,184,613,1010,1010,962,521,185,55,4576,27,114,470,798,749,772,420,134,44,3531,10,50,160,160,172,184,101,31,5,879,36,159,407,480,383,256,150,68,18,1950,9,0,7,6,6,10,3,9,0,40,4,17,94,138,138,140,80,40,10,660,759,529,1055,1308,1397,1311,1161,904,338,8762,1125,2358,6388,9190,10148,9567,6100,2944,847,48672,0,34,131,208,296,310,330,90,39,1434,36,102,376,389,336,253,95,11,5,1602,63,590,1967,2168,2817,2878,2404,1170,283,14333,70,458,1113,1112,1333,1417,921,435,107,6965,24,142,398,601,690,655,481,183,48,3215
102,0,71,144,226,206,207,148,79,23,1104,50,213,555,500,353,152,25,6,3,1855,107,871,2419,3587,4518,3986,3050,1729,520,20792,88,587,1709,2056,1992,1552,1034,592,166,9776,39,154,401,479,388,221,145,69,22,1920,21,119,429,560,692,484,234,145,35,2720,8,52,345,431,565,834,381,192,52,2843,101,392,1297,1660,1672,1486,944,412,130,8092,47,272,655,812,749,684,403,183,54,3861,43,170,296,308,225,218,133,54,19,1463,63,220,600,654,492,392,266,122,30,2838,3,4,5,7,16,11,4,9,0,67,10,31,100,139,148,122,76,46,31,704,1158,657,1151,1541,1721,1567,1683,1737,854,12067,1750,3815,10104,12962,13724,11922,8521,5368,1933,70101,3,73,207,243,243,243,215,109,37,1364,45,159,575,650,467,222,88,16,4,2226,103,734,2720,3184,4226,4369,3811,2109,762,22018,107,625,1997,2159,2153,1757,1295,726,223,11033,30,167,483,504,446,350,194,104,32,2309
103,4,27,92,142,148,144,78,27,4,661,26,105,216,140,106,63,29,0,0,685,133,925,2191,2627,2797,2296,1371,620,134,13083,60,380,812,791,857,728,411,214,46,4307,37,153,467,618,751,614,426,149,32,3240,22,64,208,291,322,292,145,69,17,1432,8,42,196,289,329,463,208,71,11,1616,36,192,575,722,732,683,332,107,37,3427,20,80,277,410,385,358,187,86,16,1820,12,70,93,96,87,106,67,14,5,550,40,169,341,351,273,176,139,57,10,1542,7,4,4,4,10,5,0,3,0,35,8,18,45,93,110,71,43,30,7,435,854,730,1203,1291,1231,1215,1125,884,279,8804,1266,2959,6722,7869,8132,7211,4561,2339,597,41649,0,24,101,136,146,145,128,35,11,729,24,68,214,179,127,102,46,7,0,760,121,888,2606,2483,2756,2528,1903,813,220,14313,73,352,917,879,841,830,566,270,59,4782,40,148,423,568,665,668,523,260,55,3357
104,0,10,43,78,93,140,92,28,5,491,27,82,124,104,84,56,22,7,0,513,89,292,765,1225,1710,1908,1341,685,161,8175,50,163,465,691,991,868,490,238,66,4020,17,89,224,299,318,233,102,56,16,1348,7,28,157,268,285,238,113,65,13,1176,0,18,101,176,306,527,286,95,15,1532,35,112,360,471,569,597,307,124,37,2617,7,58,212,330,345,416,169,79,20,1624,18,39,99,99,107,116,54,18,4,553,23,113,302,275,249,202,119,29,11,1324,8,8,4,0,0,9,0,0,5,30,7,13,28,65,73,81,35,22,5,320,451,284,499,633,727,728,656,680,299,4954,730,1314,3374,4714,5859,6115,3785,2132,650,28674,0,22,49,90,107,148,131,41,15,614,17,76,148,123,84,96,45,0,4,594,58,388,1029,1104,1598,1892,1734,795,253,8852,35,182,530,638,789,989,671,328,80,4237,12,78,243,301,325,276,157,76,20,1486
105,0,6,36,63,59,64,21,7,0,261,7,39,86,53,44,16,5,0,0,254,86,417,1001,1156,1341,1123,653,287,68,6131,40,190,368,355,451,398,242,89,15,2152,39,138,339,435,438,282,172,79,16,1933,9,29,126,149,165,128,50,30,7,683,0,27,160,168,169,186,60,21,8,797,21,92,310,380,380,302,130,37,7,1651,6,59,207,271,208,182,64,23,3,1033,10,16,35,28,39,41,14,7,0,197,12,70,163,170,125,107,74,35,3,767,3,3,3,0,8,4,0,0,0,25,5,14,25,40,39,45,23,12,0,201,512,408,746,775,854,782,734,606,185,5602,751,1505,3611,4047,4316,3657,2248,1242,315,21684,0,4,47,57,67,51,29,11,0,269,3,39,123,67,53,42,10,0,0,331,66,471,1240,1116,1210,1220,827,352,110,6617,32,167,449,386,398,453,292,146,33,2353,34,99,300,345,427,351,243,111,26,1933
106,0,42,121,166,180,191,104,38,4,846,26,114,261,142,126,80,31,4,0,784,182,1653,4092,4670,4888,3933,2337,923,225,22910,50,349,886,1052,1099,935,659,251,55,5334,16,127,408,429,376,282,148,54,15,1853,3,45,194,302,398,321,174,71,21,1533,4,37,142,261,325,532,243,100,15,1656,58,226,723,956,974,798,500,182,36,4452,20,96,327,424,345,380,215,85,16,1912,14,71,114,110,96,86,62,24,4,580,34,188,603,492,322,241,192,67,8,2156,7,6,6,4,4,9,0,8,0,40,14,21,105,154,117,85,55,24,7,583,902,665,1266,1442,1488,1315,1191,982,342,9588,1328,3636,9244,10622,10737,9200,5915,2805,743,54233,0,38,152,167,172,205,168,59,14,968,14,88,275,225,128,107,54,9,0,912,122,1460,4484,4608,5038,4352,3166,1361,326,24909,71,354,1087,1095,1152,1076,865,393,108,6199,26,127,366,470,387,328,189,93,21,2022
107,5,126,338,305,311,335,191,70,12,1690,49,295,772,406,281,122,27,7,0,1960,118,1221,3412,4474,5356,4392,2645,1357,394,23381,98,604,1525,1678,1431,986,705,409,102,7538,19,106,352,343,276,145,85,24,13,1372,16,125,483,534,509,396,199,88,29,2379,0,79,377,455,631,804,320,138,19,2824,68,557,1382,1561,1393,1106,485,185,62,6803,40,342,793,875,688,585,271,114,21,3720,42,197,359,260,209,125,56,25,9,1285,54,193,527,443,327,230,173,72,15,2042,14,39,12,3,6,14,10,5,3,106,9,43,112,144,146,109,50,31,18,654,888,712,1156,1195,1387,1258,1200,1254,412,9473,1425,4635,11599,12694,12958,10611,6407,3779,1098,65216,3,183,432,366,305,347,293,106,14,2048,24,255,807,633,354,181,73,5,3,2340,103,1322,3895,4118,4911,4843,3477,1775,532,24984,139,720,1709,1742,1658,1216,828,501,147,8663,16,124,329,370,288,233,108,46,16,1527
108,0,0,34,92,92,169,142,58,19,597,24,101,163,125,119,114,27,8,0,684,97,464,1134,1827,2624,2913,2672,1420,385,13529,61,255,681,1034,1382,1332,947,469,102,6263,31,96,253,430,404,345,182,95,23,1851,8,53,198,383,470,403,202,108,30,1851,9,26,146,294,445,775,393,178,39,2304,42,144,452,658,725,798,651,282,91,3842,15,72,235,432,458,471,268,135,20,2110,6,28,84,109,123,150,72,38,7,613,43,165,364,399,352,306,220,79,21,1957,10,4,4,3,9,8,8,6,0,52,6,7,50,66,79,104,79,41,19,448,686,458,745,901,1165,1257,1336,1362,569,8485,1038,1868,4535,6755,8438,9150,7192,4284,1331,44592,0,17,46,78,100,160,201,66,23,700,36,73,165,164,152,135,101,16,0,843,78,516,1314,1727,2421,3146,3340,1764,549,14845,68,255,791,966,1304,1498,1162,631,148,6819,19,100,302,382,434,421,283,110,27,2077
109,0,14,48,56,60,70,33,12,5,296,10,61,116,89,49,39,13,7,0,383,74,441,1035,1153,1439,1266,834,363,90,6697,47,257,430,456,541,427,287,165,30,2641,33,116,371,445,456,343,175,64,7,2013,3,31,154,156,185,153,81,24,11,791,0,21,108,153,200,229,132,44,4,891,26,136,444,516,489,435,205,83,15,2345,16,67,160,237,152,182,74,24,17,918,5,27,68,45,44,44,17,6,0,259,20,73,212,208,156,113,75,41,9,902,0,3,4,0,4,0,0,0,0,14,0,4,41,44,46,46,30,14,10,235,455,257,430,529,623,689,689,630,248,4549,698,1503,3608,4089,4424,4048,2639,1477,436,22930,0,13,58,82,59,80,48,17,0,361,3,43,117,117,66,49,21,5,0,418,69,446,1228,1134,1306,1412,1092,468,125,7275,41,255,593,472,476,562,367,212,60,3034,19,104,367,409,449,413,275,112,38,2179
110,0,25,86,129,142,182,111,32,17,738,20,69,159,105,89,55,9,4,0,516,108,652,1541,1667,2012,1770,1111,426,100,9383,63,292,594,626,785,670,408,191,34,3660,39,178,575,704,642,583,350,140,37,3250,8,30,152,227,298,232,118,54,20,1142,0,44,206,248,301,423,196,57,18,1502,42,202,538,657,633,560,318,91,19,3066,22,104,325,457,380,446,185,68,18,2005,22,47,94,94,98,90,38,22,6,508,36,130,283,278,238,177,112,36,6,1303,8,4,8,5,8,4,4,0,0,43,7,20,52,87,105,60,50,12,15,401,719,488,858,978,1060,1038,1025,804,278,7243,1102,2282,5461,6273,6792,6293,4039,1950,562,34749,0,32,128,145,143,183,145,57,15,853,19,62,169,132,85,51,23,5,4,551,114,713,1858,1675,1868,1949,1382,601,140,10299,58,278,702,636,707,726,528,254,51,3949,47,177,567,681,717,562,486,222,33,3491
111,0,119,361,349,329,357,233,86,26,1862,66,260,787,485,292,143,30,0,0,2070,149,1643,4659,5284,6123,5545,3609,1920,571,29500,98,705,1769,1842,1817,1451,1000,572,174,9423,14,86,389,422,318,211,124,53,8,1630,11,178,779,964,840,713,312,178,52,4030,6,84,459,616,784,1003,528,260,46,3783,71,554,1816,1943,1830,1446,774,278,64,8782,45,284,860,1011,885,821,418,201,52,4583,38,231,519,276,229,159,82,23,3,1564,55,286,657,565,395,302,212,98,20,2586,4,24,7,9,7,6,0,9,3,71,9,51,113,149,173,134,72,38,18,750,1003,808,1392,1541,1758,1528,1475,1509,698,11705,1574,5308,14581,15453,15771,13830,8878,5215,1732,82342,5,159,465,401,341,379,325,136,37,2243,25,267,706,615,386,228,88,7,3,2322,115,1425,5119,4936,5857,5701,4581,2265,773,30787,109,672,2140,1927,1951,1678,1199,661,212,10538,21,129,386,492,395,265,177,66,19,1951
112,3,23,100,207,215,282,133,63,19,1053,35,115,194,214,175,141,29,5,0,912,75,487,1353,1910,2834,2771,1958,1060,344,12780,64,361,950,1418,1643,1403,766,416,103,7127,34,126,430,554,524,405,173,80,24,2345,6,56,284,579,652,539,230,108,36,2486,0,50,225,423,605,927,430,186,40,2883,49,213,718,889,972,983,514,261,75,4670,38,112,360,601,673,775,335,129,18,3032,30,110,281,338,323,305,110,44,12,1554,48,182,551,547,500,337,200,87,23,2472,3,7,8,6,10,9,5,8,3,56,5,16,58,86,137,120,53,42,26,554,736,490,805,1036,1311,1224,1109,1180,536,8422,1128,2361,6320,8804,10578,10205,6041,3663,1258,50346,0,27,126,191,243,267,239,82,30,1202,23,78,191,247,213,185,72,14,0,1026,71,511,1614,1923,2510,2988,2636,1335,441,14023,46,283,1129,1379,1517,1579,1108,532,155,7723,30,135,431,542,561,522,297,110,34,2645
113,4,27,106,122,104,95,45,19,6,527,23,51,181,95,71,51,6,0,0,477,133,700,1611,1715,1910,1442,796,300,80,8689,65,343,603,559,714,558,257,154,31,3281,43,139,410,584,566,479,268,107,29,2622,4,65,161,210,206,177,76,39,10,948,0,41,177,257,292,332,113,63,19,1295,39,184,564,615,570,462,192,57,17,2703,6,60,258,361,260,210,111,41,10,1322,11,63,112,67,75,56,26,11,0,418,30,117,263,259,221,132,83,25,8,1134,5,9,6,8,3,6,0,0,0,32,0,20,74,76,89,60,25,16,0,369,587,528,959,988,996,827,768,634,216,6511,942,2352,5480,5906,6090,4878,2775,1478,425,30313,0,28,137,160,99,101,74,23,7,629,26,65,204,140,71,65,15,4,0,592,92,738,1809,1728,1866,1692,1131,467,120,9651,69,377,778,586,592,612,397,184,46,3642,39,150,422,541,587,521,355,155,42,2810
114,0,24,42,82,114,157,136,63,19,637,12,43,106,82,80,62,22,4,3,404,76,432,1104,1576,2236,2108,1914,979,259,10689,41,228,586,774,914,821,616,314,70,4354,22,79,201,285,275,190,133,59,13,1257,6,25,103,251,288,258,175,126,24,1253,0,20,89,196,308,462,251,119,20,1464,21,120,288,502,569,712,578,220,57,3071,13,68,173,323,403,419,317,136,35,1885,4,41,83,124,120,107,92,34,11,619,28,108,232,274,234,195,156,48,13,1278,0,0,3,5,3,3,4,0,0,28,5,17,45,64,100,75,45,26,3,377,502,377,634,742,884,786,884,864,325,6002,734,1585,3693,5282,6518,6344,5318,2996,846,33315,0,18,67,89,106,180,209,74,19,763,13,49,124,107,84,72,51,15,0,516,39,438,1325,1439,1954,2423,2337,1314,368,11642,60,246,745,785,930,931,777,421,93,4988,18,81,234,284,300,245,183,79,18,1430
115,0,86,168,341,446,423,230,70,11,1775,24,235,799,956,714,280,53,5,0,3073,63,569,1620,3219,3964,3152,1817,651,189,15236,55,467,824,1375,1191,806,512,169,36,5439,20,98,264,292,254,173,75,34,10,1233,7,97,269,454,487,388,233,102,29,2065,0,51,207,314,388,502,276,104,37,1879,48,672,1697,2639,2920,2334,949,276,70,11607,38,277,521,706,693,608,279,116,38,3289,28,252,313,224,197,118,61,31,3,1233,24,133,201,290,237,152,96,28,11,1178,3,5,4,6,5,7,3,3,0,38,9,37,72,94,127,107,52,18,12,522,557,329,521,755,823,725,595,413,217,4939,880,3320,7487,11673,12458,9766,5238,2009,668,53502,5,106,223,297,456,449,318,128,30,2010,25,208,813,1620,906,446,134,18,4,4173,54,582,1784,2956,3789,3347,2408,975,299,16185,91,468,1068,1287,1402,900,549,304,67,6144,14,92,193,299,259,212,132,54,17,1283
116,3,90,279,349,359,250,91,19,9,1460,69,395,2056,1437,469,156,21,0,0,4605,97,895,3322,4559,4573,3208,1435,561,96,18747,82,375,1187,1214,881,693,374,167,23,4996,25,77,266,283,235,110,60,8,0,1060,21,180,465,463,387,238,80,19,8,1866,0,57,314,373,371,342,144,54,11,1669,100,837,2960,2753,1971,1235,407,103,17,10377,60,343,863,818,629,422,197,50,12,3402,28,229,448,247,123,121,53,14,7,1269,49,306,657,441,329,201,102,35,6,2123,15,13,16,17,17,9,7,3,5,99,3,60,193,244,212,117,64,20,3,916,1216,946,1879,1813,1632,1332,993,659,191,10656,1769,4800,14914,15013,12191,8427,4027,1711,378,63236,0,131,331,462,408,346,156,46,10,1888,67,491,2121,2746,771,281,65,10,0,6543,99,856,3398,4617,4629,3774,2071,804,173,20429,114,540,1279,1289,1097,742,491,232,64,5856,14,78,231,277,261,206,71,27,9,1190
117,4,298,1091,806,462,337,155,53,3,3215,13,406,3065,1402,480,162,31,3,0,5564,36,678,3254,2292,1864,1332,819,388,84,10755,25,256,1269,1092,761,515,272,129,23,4354,3,47,242,259,164,89,34,11,0,857,7,165,1050,872,555,370,166,69,29,3284,0,60,435,503,515,437,166,61,11,2185,59,1581,7467,4239,2052,1101,416,119,25,17054,20,626,3338,2526,1595,1239,440,144,31,9955,38,735,2897,1633,840,334,104,36,5,6622,25,413,1292,834,467,201,93,27,11,3373,32,46,35,13,14,12,6,5,0,159,3,101,375,313,217,105,56,23,6,1205,810,2262,5199,3028,2201,1711,1271,822,264,17561,1079,7676,31007,19803,12194,7949,4033,1908,490,86145,25,431,1383,805,554,373,215,92,16,3897,30,511,2949,1971,697,253,65,13,0,6485,37,1099,4680,2423,1946,1514,1059,472,133,13363,18,282,1886,1204,924,612,351,174,42,5498,7,48,282,246,181,126,44,32,0,963
118,7,199,706,629,428,336,220,74,34,2634,6,197,1271,838,452,180,30,0,0,2978,31,700,2701,1921,1879,1652,1117,665,271,10945,22,319,1364,1115,833,644,396,176,70,4939,4,46,278,215,160,71,54,32,3,868,8,113,801,813,728,645,440,286,111,3930,4,35,310,281,325,367,167,92,38,1611,42,961,5269,4348,2645,1579,714,287,103,15950,27,429,2168,2175,1575,1313,674,282,83,8718,30,326,1501,995,576,247,111,49,15,3844,14,154,544,492,278,188,102,56,24,1849,20,29,13,3,8,8,10,0,4,104,4,60,225,226,186,88,63,39,23,904,779,1371,3519,2473,1820,1442,1180,834,438,13859,1000,4942,20665,16538,11875,8760,5272,2874,1212,73130,21,267,790,603,477,341,304,119,45,2973,10,225,1017,1067,550,247,70,6,0,3204,29,922,3174,1960,1739,1600,1371,773,311,11877,16,307,1804,1224,993,661,491,238,88,5817,3,43,257,233,192,98,55,40,21,943
119,11,181,601,705,762,423,225,94,27,3025,51,631,4031,2158,954,264,40,4,3,8131,131,1213,4766,6125,6561,4735,3078,1871,632,29123,105,705,2025,2261,1746,1236,858,520,178,9630,10,87,280,263,275,147,73,34,15,1191,32,290,1012,931,831,455,279,148,31,4018,13,132,457,563,735,702,341,152,42,3137,162,2158,7290,4950,3362,2124,869,400,153,21467,64,601,1745,1689,1388,1042,394,170,54,7156,45,372,886,600,433,235,120,52,8,2759,51,601,1579,929,648,383,250,117,33,4593,26,42,26,30,32,41,19,16,5,236,10,85,304,328,295,186,86,62,27,1391,1872,1755,3630,3117,3191,2638,2147,1823,874,21050,2581,8873,28630,24660,21222,14611,8791,5465,2076,116903,13,289,787,720,841,596,340,123,41,3746,64,799,3950,3340,1406,488,114,11,0,10183,111,1454,5505,5528,6187,5450,3666,2082,777,30758,127,817,2403,2487,2088,1373,930,589,189,11007,10,95,282,317,297,223,102,58,17,1392
120,5,144,642,674,552,389,191,63,13,2678,21,304,2434,1380,638,192,26,3,0,5003,28,459,2462,2604,2756,2005,1205,645,195,12378,15,256,973,1212,993,691,431,209,39,4816,0,45,217,190,166,111,35,14,10,787,6,168,832,809,687,537,312,156,47,3552,4,59,324,369,460,551,237,92,30,2132,51,1322,5278,4034,2584,1577,528,167,70,15626,27,377,1664,1876,1367,1186,443,156,35,7128,29,364,1201,876,565,302,84,29,8,3456,21,376,940,502,332,158,100,38,14,2477,4,30,18,7,12,9,3,3,4,99,4,52,202,216,171,123,50,26,9,858,702,990,2297,1704,1515,1107,993,886,408,10605,922,4957,19475,16461,12791,8948,4636,2509,892,71585,4,230,655,595,634,427,282,108,35,2959,20,412,2703,2010,882,346,65,8,3,6454,33,701,3225,2569,2608,2337,1533,762,302,14080,21,276,1129,1211,1187,762,553,308,72,5512,0,44,173,210,197,136,60,21,11,863
121,4,208,781,1009,1047,958,717,276,107,5106,21,267,2716,2422,1398,495,86,14,3,7421,35,508,2805,3661,4041,3254,2520,1401,537,18769,21,266,882,1207,1172,1006,658,340,100,5649,4,83,341,351,296,204,135,83,27,1526,13,159,822,1090,1103,892,682,469,166,5384,5,57,400,447,564,586,367,216,55,2700,46,1431,6281,7303,6404,4400,2351,959,338,29518,40,542,2236,2850,2727,2301,1312,562,187,12757,48,464,1326,862,630,422,192,96,26,4054,23,203,627,516,350,186,93,46,12,2056,14,4,13,17,11,10,9,3,3,85,11,68,223,278,246,179,107,45,38,1190,885,774,1957,1718,1520,1245,966,774,446,10290,1173,5040,21400,23723,21508,16135,10188,5291,2039,106505,5,267,799,1027,1153,912,834,422,142,5564,13,306,2379,3506,1769,824,217,30,9,9057,40,509,3209,3848,3915,3365,2833,1631,653,20004,24,241,1146,1170,1240,1036,703,419,138,6116,6,73,284,373,329,215,171,84,37,1573
122,4,75,278,558,496,389,266,100,37,2201,23,161,815,923,652,229,51,7,0,2863,36,417,1905,2877,3178,2413,1969,1079,354,14236,28,341,1400,1718,1379,991,637,365,115,6986,4,86,359,407,301,122,95,59,18,1454,14,68,387,468,407,333,244,166,63,2155,0,27,312,392,422,506,254,119,30,2061,41,594,2537,3844,3073,2173,1281,511,169,14218,31,292,960,1502,1135,890,495,192,63,5554,26,282,769,629,406,272,137,63,26,2607,21,178,482,459,319,165,134,44,12,1812,4,0,6,11,9,4,3,3,0,46,11,28,105,185,140,131,60,32,20,715,551,461,1103,1111,1088,866,720,643,537,7072,783,3019,11408,15093,13013,9485,6355,3384,1448,63990,0,94,315,546,565,449,370,149,46,2552,25,127,615,1119,764,360,119,16,0,3148,28,422,1839,2553,3139,2628,2171,1303,485,14564,37,383,1530,1755,1674,1089,760,454,143,7818,5,85,301,451,369,210,104,79,25,1618
123,0,74,145,182,214,184,72,23,3,892,47,216,767,469,232,99,11,3,0,1853,129,980,2729,3586,4008,3320,1536,524,123,16933,92,551,1261,1256,954,790,380,140,29,5456,21,114,296,243,223,150,54,21,0,1126,10,94,250,341,287,230,99,38,8,1358,0,49,267,360,380,444,181,59,10,1754,74,437,1402,1518,1342,1006,337,86,20,6218,48,255,713,660,476,364,142,36,12,2707,31,183,269,148,114,103,40,6,0,905,40,162,399,387,288,202,85,31,4,1606,12,6,7,11,14,7,6,0,0,62,15,36,104,154,148,109,41,19,9,632,1013,615,1073,1200,1243,1114,770,534,195,7764,1535,3764,9677,10510,9929,8127,3764,1516,423,49249,0,99,224,220,232,218,117,41,14,1164,46,252,881,904,322,175,45,9,0,2628,106,916,3173,3535,3870,3745,2269,874,186,18688,132,650,1473,1461,1079,889,550,225,53,6516,22,111,328,302,252,191,77,27,6,1315
124,3,78,205,285,316,281,150,46,9,1377,70,264,732,499,284,171,43,6,0,2067,143,1257,3398,4113,4616,3810,1974,720,195,20228,94,653,1561,1538,1294,1025,555,233,75,7022,28,180,403,421,316,218,104,37,14,1715,10,132,361,438,467,403,162,93,23,2092,4,80,351,483,640,831,303,109,14,2817,85,549,1547,1699,1763,1489,603,183,52,7962,64,299,886,870,793,709,326,150,27,4125,31,226,390,349,297,231,76,34,6,1656,66,258,521,419,307,267,130,43,18,2034,12,7,9,10,10,11,7,0,0,61,8,43,147,192,182,162,63,39,10,850,949,946,1397,1473,1548,1408,1041,749,284,9790,1571,4962,11907,12796,12828,11021,5536,2423,735,63791,6,111,257,291,287,340,261,72,21,1628,42,279,793,777,377,218,84,14,3,2599,99,1100,3688,3832,4302,3971,2731,1096,268,21082,146,774,1844,1641,1496,1129,752,323,79,8183,27,148,465,426,372,280,120,56,17,1905
125,9,193,633,653,607,406,220,81,14,2822,47,513,4179,2082,771,226,33,4,0,7866,99,970,4396,4696,4811,3582,2264,1149,321,22285,76,501,1590,1543,1184,848,542,278,83,6642,10,65,256,241,231,119,58,49,3,1036,14,275,1066,787,520,374,217,86,21,3356,7,92,409,436,535,524,273,129,29,2428,97,1787,6524,3899,2464,1705,748,307,59,17584,53,433,1393,1205,1048,769,346,134,40,5412,34,315,680,402,271,173,72,29,3,1992,42,627,1246,598,346,237,130,49,20,3300,19,23,34,22,28,27,20,0,0,178,4,72,286,282,194,143,46,32,6,1065,1486,1917,4190,2887,2485,1811,1378,1205,468,17824,2000,7790,26887,19737,15480,10941,6351,3535,1070,93782,9,219,774,722,648,500,317,116,24,3334,46,653,4479,3980,1137,452,98,8,0,10854,67,1107,5434,5163,4496,3991,2627,1414,471,24771,103,596,1925,1838,1472,946,613,337,102,7932,10,75,244,269,237,183,83,45,24,1161
126,0,104,396,434,512,408,245,111,29,2233,12,156,1466,1042,655,235,37,4,0,3611,25,284,1534,1943,2338,1807,1105,741,244,10023,8,157,433,609,573,415,275,177,62,2710,0,30,118,134,149,96,50,26,11,620,6,90,370,396,418,347,225,137,43,2036,0,41,150,184,295,343,193,113,32,1360,63,1046,2610,2363,1974,1436,578,299,99,10463,19,272,698,823,803,685,334,162,37,3832,18,205,413,294,201,133,55,32,10,1355,16,113,302,236,171,106,54,29,0,1034,13,27,3,4,13,6,6,4,0,75,5,46,93,91,102,75,27,22,12,471,381,456,700,544,588,521,422,431,290,4328,567,3030,9283,9111,8788,6611,3597,2287,874,44149,3,182,482,415,479,449,352,128,58,2544,14,193,1511,1793,866,400,108,12,8,4892,18,340,1896,2029,2142,1978,1375,801,327,10905,7,170,504,609,652,451,304,198,68,2958,3,37,113,118,154,129,61,32,7,646
127,12,144,245,334,298,200,74,19,0,1326,68,499,1654,852,390,113,20,0,0,3602,156,1082,3342,4443,4830,3395,1632,648,117,19635,83,539,1349,1433,1213,813,489,205,42,6171,13,49,161,141,160,122,36,18,4,710,16,215,498,494,337,259,77,43,7,1931,9,78,291,361,392,349,204,55,6,1744,141,979,2663,2094,1548,944,306,96,21,8796,66,404,785,674,560,405,169,53,12,3116,28,225,450,226,157,94,55,9,5,1243,33,252,506,515,375,234,109,28,11,2059,18,18,26,22,30,19,3,3,0,139,16,41,167,215,200,125,54,23,8,853,1627,1159,2220,2259,2477,1931,1507,1031,273,14486,2278,5682,14356,14057,12973,9007,4732,2231,511,65827,6,188,343,324,359,285,158,45,5,1722,55,502,1682,1418,627,212,38,4,0,4550,110,1117,3651,4227,5002,4031,2367,983,229,21723,151,743,1776,1676,1569,1010,671,312,80,7997,8,63,168,185,194,155,73,37,3,886
128,0,94,214,304,295,319,197,78,20,1523,23,164,623,472,323,151,22,3,0,1789,62,894,2395,3513,3971,3323,2235,1195,344,17933,55,550,1389,1545,1282,874,536,317,86,6637,7,64,252,239,216,109,51,27,7,970,6,111,330,380,405,272,167,118,28,1813,0,54,291,341,480,568,253,97,20,2105,57,526,1663,2189,2165,1840,764,320,82,9607,50,318,761,816,634,557,222,112,28,3509,24,219,382,253,151,141,79,24,16,1290,33,156,396,337,263,180,129,49,10,1547,0,6,8,8,3,0,4,0,0,41,8,21,84,119,122,107,34,14,6,521,490,378,843,882,854,794,599,644,328,5822,825,3546,9633,11409,11165,9253,5287,3008,980,55108,0,84,224,302,311,339,253,87,32,1631,12,162,620,689,390,232,66,15,0,2180,45,712,2354,2983,3721,3403,2622,1431,575,17842,65,525,1558,1687,1441,1005,612,368,119,7389,3,77,245,266,217,174,70,35,6,1094
197,0,0,0,0,0,0,0,0,0,5,0,0,0,0,0,0,0,0,0,0,0,0,0,0,3,5,0,0,0,16,0,0,0,0,0,0,0,0,0,6,0,0,0,0,0,0,0,0,0,0,0,0,0,0,0,0,0,0,0,0,0,0,0,0,0,0,0,0,0,0,0,0,4,0,0,0,0,0,0,4,0,0,0,0,0,0,0,0,0,0,0,0,0,0,0,0,0,0,0,0,0,0,0,0,0,0,0,0,0,0,0,0,0,0,0,0,0,0,0,0,0,0,0,0,0,0,0,0,0,0,0,0,0,0,3,0,0,0,0,5,0,0,0,8,9,11,9,6,0,38,0,0,0,0,0,0,0,0,0,5,0,0,0,0,0,0,0,0,0,0,0,0,4,4,7,3,15,3,0,30,0,0,0,0,0,0,0,0,0,4,0,0,0,0,0,0,0,0,0,0
199,0,11,34,11,11,9,8,5,0,85,0,13,58,18,10,10,3,0,0,110,0,56,178,110,135,138,106,13,0,739,5,19,77,71,54,40,44,6,0,312,4,14,19,21,15,10,10,0,0,85,0,9,32,26,16,16,9,0,0,109,0,4,21,8,22,23,14,0,0,102,4,39,103,87,48,38,24,3,0,349,7,23,55,32,27,21,15,0,0,184,0,17,44,24,16,10,10,0,0,115,6,17,42,28,18,10,8,0,0,129,0,0,0,0,0,3,0,0,0,3,0,0,13,15,8,6,7,0,0,49,73,141,392,458,470,303,159,44,26,2063,102,361,1067,917,851,634,396,78,28,4434,0,12,28,8,8,17,3,3,0,78,5,18,43,34,15,8,0,0,0,116,8,54,179,106,119,144,116,16,0,733,6,25,64,61,48,58,47,5,0,317,3,11,26,14,8,15,4,0,0,79
201,0,23,83,129,134,142,66,20,9,612,17,119,353,200,142,80,25,0,0,938,79,486,1217,1664,1804,1670,1105,480,121,8633,102,420,795,677,676,509,354,147,23,3707,14,83,231,331,351,228,128,49,13,1423,7,67,227,296,363,292,118,58,12,1453,3,42,210,259,330,540,306,112,19,1834,29,188,650,781,742,562,233,93,26,3305,27,100,236,346,370,398,180,62,10,1730,15,92,172,184,135,129,81,11,5,835,31,112,287,267,225,173,91,38,3,1229,0,12,4,4,3,0,0,5,0,33,11,24,77,102,88,83,32,15,6,431,546,367,542,674,825,879,814,734,297,5678,891,2138,5084,5917,6197,5695,3537,1817,557,31830,0,39,105,143,138,150,134,34,9,745,22,78,391,294,180,119,46,4,0,1125,72,465,1368,1493,1885,1849,1470,639,181,9417,66,431,1035,766,648,643,448,227,51,4320,15,86,290,315,377,292,197,90,28,1685
202,0,28,80,138,117,150,98,24,8,647,23,104,269,185,124,79,19,0,0,808,71,465,1144,1522,1833,1711,1070,483,129,8437,79,351,704,739,696,552,362,166,27,3681,14,88,275,374,380,244,103,46,11,1534,6,46,215,292,378,276,114,50,10,1385,5,62,210,246,349,526,317,99,24,1838,36,166,539,651,615,579,237,91,22,2938,23,116,206,400,388,413,234,59,22,1862,21,89,175,173,120,157,79,21,5,834,37,132,289,240,245,139,73,31,4,1196,0,4,0,6,0,4,4,0,0,22,8,22,69,97,105,72,45,26,6,445,466,351,620,746,786,762,731,702,343,5512,788,2021,4794,5815,6142,5657,3496,1801,612,31128,0,25,102,153,156,147,143,41,9,773,11,98,308,248,174,102,48,10,0,995,65,468,1434,1417,1775,1845,1455,676,207,9332,53,389,968,726,750,704,466,232,49,4337,10,87,267,393,433,367,179,73,28,1835
203,0,109,268,336,309,307,171,59,14,1576,35,203,512,388,265,132,20,0,0,1550,122,716,2210,3332,3467,3186,2028,1073,309,16445,109,807,1721,1607,1316,966,605,338,78,7546,8,118,344,441,383,276,200,101,21,1890,10,108,449,555,604,453,170,99,34,2480,5,59,341,443,592,810,542,200,41,3041,72,353,1311,1456,1382,1159,517,213,68,6545,75,223,519,663,613,545,321,122,48,3123,33,162,384,281,170,177,66,28,16,1311,75,216,564,502,365,221,139,66,12,2152,8,7,7,5,11,9,10,6,4,65,10,43,130,164,178,149,84,30,20,804,804,625,1132,1331,1322,1190,1129,1124,464,9115,1365,3749,9906,11506,10960,9571,5998,3463,1131,57645,5,161,285,375,325,363,278,102,26,1919,30,183,585,527,331,203,73,4,3,1950,89,858,2726,2994,3501,3476,2843,1314,443,18252,116,809,2354,1843,1485,1252,804,426,136,9225,17,93,364,489,437,336,262,141,32,2183
204,0,16,72,106,137,166,82,24,13,618,36,63,167,122,106,72,22,0,0,593,105,586,1495,1973,2346,2158,1330,584,142,10720,70,353,646,831,884,737,432,204,54,4205,30,105,358,502,499,409,204,92,31,2229,3,43,159,237,326,294,134,59,16,1268,0,18,187,259,323,581,332,96,15,1821,49,161,498,712,657,637,290,119,26,3141,40,118,229,296,319,387,190,51,19,1643,24,67,125,103,92,96,45,20,3,581,47,137,369,327,312,217,116,50,8,1584,4,9,0,4,4,9,0,0,3,32,12,28,67,116,102,91,59,22,16,524,519,335,592,694,898,928,829,745,275,5826,939,2046,4973,6281,7002,6760,4079,2072,620,34778,0,28,81,126,132,185,147,35,11,749,18,50,152,164,124,109,58,3,0,670,100,591,1749,1857,2381,2384,1950,747,245,12013,70,398,874,811,823,923,632,294,75,4900,31,117,378,521,557,463,305,138,30,2543
205,0,48,124,117,166,233,145,48,12,897,28,115,283,167,139,80,23,3,0,832,138,1013,2591,3388,4125,3917,2681,1167,270,19286,98,673,1367,1417,1541,1261,885,389,100,7732,35,172,690,710,602,394,198,102,15,2911,17,68,265,307,468,391,200,68,20,1796,3,42,284,316,465,792,506,151,23,2584,34,219,709,772,816,892,475,167,33,4106,33,119,345,406,467,534,266,104,14,2291,22,102,201,140,135,158,82,27,8,879,42,197,489,497,403,298,192,88,7,2210,3,7,6,7,9,3,10,5,0,42,4,42,90,166,182,181,99,37,15,817,908,687,1299,1412,1421,1574,1514,1300,476,10591,1370,3492,8738,9819,10944,10713,7267,3651,986,56978,3,69,136,148,142,200,243,60,18,1029,29,92,306,251,151,134,77,15,5,1053,137,982,2931,2964,4197,4246,3687,1596,438,21183,99,624,1718,1382,1444,1609,1063,565,157,8655,44,171,637,714,731,522,335,137,49,3323
206,16,528,2119,1563,1097,828,413,113,44,6717,19,668,5100,2327,972,362,44,5,0,9509,67,1348,6657,4392,3322,2609,1507,794,302,20998,57,887,3056,2101,1346,917,507,244,69,9176,11,133,700,445,336,199,74,29,9,1927,8,408,2439,1749,1200,942,488,234,67,7527,12,119,1087,920,995,1054,448,168,29,4823,113,2722,11728,7034,3931,2469,1081,327,94,29498,67,1049,5296,3803,2676,2326,1018,322,85,16643,75,1378,4806,2374,1131,580,203,49,19,10620,79,855,2247,984,592,241,114,48,14,5161,34,57,30,27,14,9,4,7,4,194,10,198,796,561,363,248,101,56,21,2361,1275,2927,6659,4052,2938,2416,1820,1476,645,24208,1852,13277,52721,32325,20906,15192,7827,3880,1391,149370,49,1112,2526,1584,1208,929,662,189,74,8328,40,836,5493,3403,1395,636,140,10,5,11968,73,2182,8740,4643,3627,2830,2010,977,413,25501,47,838,4319,2238,1656,1068,647,315,111,11237,14,199,766,461,384,245,131,54,12,2270
207,6,254,614,721,996,847,545,223,106,4311,42,464,2337,1635,1120,441,77,7,4,6137,44,756,2648,2997,3754,3146,2492,1463,512,17802,60,443,876,1180,1107,758,698,363,112,5600,12,77,230,234,229,170,85,66,22,1114,11,234,966,1171,1235,920,562,378,120,5596,0,68,359,438,708,717,517,231,59,3089,93,1762,4678,4793,4579,3097,1574,738,281,21600,52,508,1378,1624,1741,1589,864,386,100,8251,51,473,971,596,439,296,133,55,22,3046,45,321,684,430,378,206,145,69,17,2286,18,33,16,9,8,12,3,4,5,111,8,107,246,240,264,179,95,63,26,1221,842,936,1454,1128,1256,1014,1028,1149,638,9437,1276,6435,17446,17199,17812,13389,8815,5210,2014,89602,8,437,681,683,923,934,696,308,111,4784,54,547,2182,2170,1461,727,215,24,6,7379,52,839,3039,2718,3640,3157,2679,1705,730,18557,41,425,1218,997,1224,850,645,509,152,6070,10,79,262,187,233,172,120,71,31,1159
208,7,179,575,852,931,728,375,180,68,3898,26,357,2255,1814,1124,450,58,11,0,6091,73,769,2952,4116,4539,3733,2498,1550,607,20842,81,652,1436,1728,1571,1091,646,386,136,7720,7,95,306,372,278,148,84,64,12,1359,14,161,796,1029,1095,810,415,277,92,4687,3,65,450,618,859,786,418,208,59,3475,91,1330,4776,5848,4521,2945,1320,655,271,21738,64,455,1434,1956,1697,1536,722,272,85,8228,54,451,1015,819,605,414,167,66,40,3634,53,344,873,628,437,256,147,65,23,2843,10,18,10,6,6,9,8,11,5,89,10,81,262,320,276,231,103,50,31,1371,969,916,1704,1694,1654,1417,1229,1255,806,11648,1457,5871,18855,21805,19595,14553,8181,5058,2239,97620,0,287,649,806,956,837,569,209,90,4408,23,415,2085,2361,1486,718,194,32,5,7308,49,751,3259,3620,4533,3859,2913,1676,788,21453,69,571,1922,1716,1696,1310,775,442,184,8684,4,105,316,371,349,216,111,69,28,1574
209,7,190,661,836,698,650,296,78,23,3442,36,384,2393,1501,717,290,50,0,0,5375,157,1476,4809,5971,5949,4577,2626,1159,334,27056,197,1064,2352,2378,1760,1226,748,327,80,10129,29,138,451,435,323,195,88,19,5,1687,10,233,885,866,807,596,220,124,28,3775,6,99,572,665,812,888,436,158,29,3666,96,1393,4017,3618,2762,1976,712,215,72,14872,92,493,1514,1532,1216,947,382,145,28,6348,89,476,1016,762,409,248,117,36,12,3164,57,459,1182,786,512,278,176,84,22,3553,11,34,37,20,17,14,3,3,0,134,19,105,362,385,257,185,88,55,13,1469,1384,1376,2400,2255,2174,1895,1552,1442,629,15098,2183,7926,22665,22006,18404,13963,7486,3858,1287,99769,10,357,883,956,824,700,468,146,41,4369,50,468,2658,2488,1017,482,135,11,0,7312,193,1355,5832,5993,6051,5171,3553,1555,498,30199,201,1077,3411,2605,2301,1527,910,499,142,12670,14,141,502,535,399,269,140,44,10,2055
210,3,93,292,374,341,255,110,30,0,1499,49,227,1364,864,389,139,24,4,0,3067,158,1040,3383,4397,4628,3254,2025,980,253,20116,160,805,1620,1464,1054,727,438,240,52,6557,7,80,271,273,217,140,69,25,0,1091,8,114,425,426,438,279,112,44,12,1870,0,52,333,421,522,502,265,94,27,2221,97,766,2544,2209,1731,1015,366,132,40,8904,75,357,789,799,636,435,166,67,11,3328,41,305,494,320,153,103,58,21,6,1492,45,336,813,579,392,209,152,69,12,2615,6,14,29,18,14,6,9,7,0,103,13,63,210,230,220,135,69,23,10,972,1304,1044,1780,1784,1740,1411,1321,1228,409,12013,1975,5308,14350,14141,12459,8625,5183,2964,837,65846,8,200,413,440,386,338,164,46,16,2015,21,350,1670,1558,575,231,62,8,4,4486,148,1142,4210,4369,4709,3864,2567,1288,422,22718,161,888,2516,1700,1480,865,529,315,86,8537,13,79,290,311,275,196,91,44,4,1306
211,0,161,470,720,757,645,362,130,31,3273,64,404,2023,1688,996,484,89,6,4,5750,184,1549,5097,7016,7995,6599,4177,1881,451,34941,255,1378,2989,3151,2781,1942,1226,571,115,14413,31,256,760,735,583,282,143,64,14,2868,15,207,673,747,753,538,278,131,41,3381,3,111,556,738,879,1156,742,269,54,4511,105,1072,3364,3863,3601,2847,1354,450,143,16794,96,548,1281,1332,1247,1225,571,195,56,6560,65,486,956,645,480,364,195,64,29,3284,85,395,886,876,675,397,253,106,14,3693,5,20,15,10,6,9,3,4,4,80,8,89,276,360,311,276,105,65,24,1514,1311,893,1463,1918,1974,1749,1553,1454,727,13034,2235,7568,20794,23791,23041,18528,11034,5388,1715,114098,8,238,547,741,801,702,547,211,49,3838,50,393,2025,2506,1337,673,220,31,3,7242,161,1316,5312,6208,7632,6665,4941,2493,708,35444,201,1357,3766,2949,3088,2289,1402,823,193,16080,35,248,720,815,646,434,204,96,32,3235
212,7,304,763,906,941,687,390,157,28,4184,79,772,4147,2656,1237,459,81,9,0,9442,290,2469,8180,9772,9744,7146,4356,2086,489,44521,297,1318,2812,2728,2168,1714,1112,549,104,12801,35,222,667,620,428,301,164,62,7,2491,26,343,1001,968,838,542,259,128,35,4135,9,109,630,712,817,892,558,245,57,4030,228,2404,6288,5030,3682,2514,1229,501,136,22016,130,710,1819,1684,1408,1020,490,213,49,7510,86,541,1151,617,414,254,142,65,14,3280,125,948,1899,1176,886,469,269,100,22,5894,33,53,43,30,44,19,18,15,0,260,16,150,454,478,421,302,139,81,30,2072,2292,2174,3724,3308,3272,2762,2444,2116,804,22888,3644,12505,33572,30681,26291,19084,11655,6330,1769,145532,18,517,1037,1033,1005,777,518,207,77,5191,102,944,4288,4451,1742,729,220,29,3,12505,333,2566,9199,9778,10417,8280,5454,2787,776,49591,324,1706,4126,3072,2705,1991,1316,780,198,16202,31,182,738,699,556,344,218,87,20,2875
213,9,232,796,905,607,369,158,43,7,3128,72,643,4574,2459,884,277,37,5,0,8951,227,2098,7544,8985,8344,6101,2735,1159,310,37503,250,1232,3050,2443,1630,1194,643,276,81,10794,13,137,503,456,318,193,76,32,9,1729,13,249,1007,1009,706,421,165,68,21,3660,12,107,678,692,818,750,360,97,18,3536,201,1811,6863,5350,3071,1638,456,124,36,19552,119,676,2045,1861,1229,779,300,76,15,7091,56,545,1346,909,430,201,61,27,8,3590,110,892,2157,1218,666,386,177,63,18,5696,16,21,40,23,33,25,17,4,5,180,19,124,616,527,380,258,115,43,7,2084,2417,2656,5479,4558,3870,3254,2324,1590,625,26768,3535,11429,36703,31392,22988,15837,7623,3602,1160,134263,10,386,989,1119,759,563,306,70,19,4227,68,833,4921,4967,1387,528,90,13,4,12826,281,2218,8923,9416,8928,7337,4228,1556,439,43327,293,1457,4067,3167,2252,1484,851,425,108,14110,13,99,562,529,433,251,128,38,5,2066
214,5,41,125,219,249,242,205,85,37,1204,31,166,502,488,283,152,47,5,0,1680,130,787,2456,3450,3884,3320,2582,1384,408,18407,143,805,1759,1950,1634,1224,840,486,104,8950,27,158,443,483,393,173,100,37,15,1822,8,98,354,459,477,389,243,155,48,2246,6,32,282,412,523,708,475,189,44,2687,69,349,1116,1461,1409,1337,892,378,112,7130,58,197,501,611,570,590,402,169,39,3139,24,166,348,334,228,194,111,55,14,1478,57,239,537,627,471,285,185,69,21,2498,9,7,7,4,6,4,9,5,0,47,5,41,108,171,179,144,93,55,27,830,982,582,1058,1392,1542,1303,1417,1328,637,10243,1561,3664,9610,12082,11855,10064,7598,4411,1512,62357,0,72,167,217,253,276,282,129,46,1443,30,150,418,628,401,234,109,22,0,1986,140,747,2613,3238,3953,3773,3168,1815,572,20022,122,837,2459,2024,1905,1576,1066,629,168,10790,30,170,474,530,461,258,124,52,30,2127
215,0,12,59,88,78,93,32,9,0,373,16,68,120,71,41,39,11,0,0,353,102,552,1170,1318,1549,1348,817,336,83,7273,58,298,466,504,630,486,277,133,32,2878,52,203,626,701,740,425,180,75,25,3039,5,34,137,199,246,201,81,43,11,962,0,33,177,210,313,357,194,67,8,1358,28,126,405,524,467,380,145,40,18,2124,19,68,198,256,215,204,81,35,5,1086,4,44,88,63,46,48,31,9,0,332,39,115,243,285,219,186,104,35,4,1229,0,3,9,5,4,3,0,6,0,22,10,9,52,71,63,63,34,20,3,326,548,358,670,858,969,948,911,856,332,6449,879,1929,4418,5153,5583,4777,2891,1655,525,27810,0,3,87,71,89,93,58,13,4,415,11,40,131,80,35,47,19,5,0,375,84,557,1407,1189,1464,1524,1173,465,118,7977,37,257,654,451,560,622,397,181,49,3204,43,208,585,743,787,613,318,111,38,3442
216,0,5,51,71,59,77,22,18,4,310,13,30,99,50,35,16,3,0,0,249,71,456,1157,1506,1517,1222,813,365,77,7190,61,273,432,535,531,407,266,152,36,2695,21,109,356,438,445,258,121,61,8,1828,3,29,155,211,182,130,67,31,6,817,3,33,122,153,216,320,168,66,12,1085,23,115,358,419,425,324,140,53,14,1886,19,69,139,177,160,184,73,31,3,858,5,22,64,38,33,30,29,6,4,228,45,113,240,243,174,152,88,30,5,1098,0,0,6,3,0,0,3,6,3,26,0,11,60,66,65,44,29,10,3,289,501,303,573,719,809,696,812,690,293,5402,777,1591,3817,4620,4656,3865,2657,1502,475,23963,0,20,57,88,77,70,54,20,5,384,8,37,126,97,33,32,0,0,0,342,73,476,1284,1374,1568,1466,1049,517,149,7958,53,279,594,466,573,526,366,191,48,3101,20,112,403,434,515,373,181,79,28,2134
217,0,18,56,94,68,106,50,16,3,402,10,30,81,64,40,39,10,0,0,269,96,462,1066,1332,1467,1127,629,301,79,6564,78,363,647,551,630,434,248,130,38,3116,55,156,452,606,566,386,180,53,17,2485,4,24,122,181,259,223,79,37,14,952,3,30,128,164,259,365,175,58,5,1193,21,108,361,483,392,360,136,46,12,1926,16,55,119,191,211,243,109,36,8,986,8,39,85,65,58,66,20,7,0,355,36,104,250,256,200,144,57,27,7,1086,4,0,0,7,6,0,3,3,0,18,0,14,47,76,80,77,38,6,0,341,477,231,442,504,666,665,642,629,242,4504,820,1644,3867,4564,4900,4232,2383,1367,427,24198,0,27,62,93,81,102,76,25,8,476,6,26,87,75,60,47,20,0,0,327,77,434,1089,1197,1431,1292,918,400,130,6970,54,306,749,559,546,566,357,163,50,3342,57,173,430,610,612,487,284,93,26,2781
297,0,0,0,0,0,0,0,0,0,0,0,0,0,0,0,0,0,0,0,0,0,0,4,3,0,3,0,0,0,14,0,0,0,0,0,0,0,0,0,3,0,0,0,0,0,0,0,0,0,0,0,0,0,0,0,0,0,0,0,0,0,0,0,0,0,0,0,0,0,0,0,0,0,0,0,0,0,0,0,0,0,0,0,0,0,0,0,0,0,0,0,0,0,0,0,0,0,0,0,0,0,0,0,0,0,0,0,0,0,0,0,0,0,0,0,0,0,0,0,0,0,0,0,0,0,0,0,0,0,0,0,0,0,0,0,0,0,0,0,5,0,0,7,3,6,5,3,0,0,26,0,0,0,0,0,0,0,0,0,0,0,0,0,0,0,0,0,0,0,0,0,0,0,0,5,3,0,0,0,11,0,0,0,0,0,0,0,0,0,3,0,0,0,0,0,0,0,0,0,0
299,0,10,28,13,7,3,4,0,0,65,0,9,40,16,11,3,0,0,0,79,7,34,123,108,72,55,40,9,6,452,0,27,47,54,32,20,19,5,0,203,0,3,18,15,5,7,4,0,0,61,0,3,18,18,9,10,4,0,0,58,0,0,18,13,10,9,0,0,0,51,3,41,80,43,23,24,9,7,0,236,4,16,57,28,22,9,3,0,0,133,0,15,44,13,9,5,0,3,0,92,0,9,25,19,14,4,6,0,0,74,0,0,0,0,0,0,3,0,0,7,0,5,5,5,4,3,4,0,0,27,66,130,280,302,202,83,58,24,9,1157,88,305,781,641,431,249,145,51,12,2696,0,0,23,7,9,0,8,0,0,59,0,4,27,16,3,3,5,0,0,63,5,24,112,56,57,49,39,12,0,342,4,15,61,36,26,24,8,5,0,174,0,3,15,12,13,6,0,0,0,53
301,4,57,134,256,246,217,92,34,5,1047,80,125,440,537,319,126,19,3,0,1643,139,742,2373,3312,3956,3153,1859,898,225,16651,93,487,1195,1269,1252,1140,627,281,73,6423,24,64,209,279,240,147,91,34,11,1100,14,50,219,369,389,280,144,69,22,1567,5,27,185,298,341,386,257,68,26,1608,88,334,1020,1607,1515,1042,391,157,63,6209,56,200,462,565,438,434,222,85,36,2501,64,143,257,212,155,125,51,21,4,1034,59,130,370,422,290,207,129,40,10,1666,4,3,12,5,8,6,0,3,8,53,3,20,87,136,119,105,58,13,5,550,637,381,704,979,957,874,737,640,284,6192,1277,2774,7669,10239,10242,8247,4677,2337,776,48249,3,46,139,226,266,217,192,55,17,1162,55,149,394,626,432,209,63,11,0,1944,153,740,2531,3179,3788,3564,2594,1158,333,18042,87,429,1495,1415,1338,1181,843,427,105,7325,16,62,174,257,255,200,113,53,7,1133
302,5,74,303,285,212,186,69,47,6,1193,59,195,901,635,339,138,21,0,3,2299,68,639,2323,2636,2549,2031,1235,769,224,12475,64,396,1040,969,873,683,444,250,64,4791,16,44,192,240,168,103,56,22,0,844,9,106,525,551,365,249,135,88,16,2044,7,27,284,370,316,372,216,86,18,1700,81,441,1774,1881,1359,981,424,198,61,7199,69,245,747,714,558,417,183,83,18,3043,53,170,431,261,154,109,46,24,0,1246,37,239,504,399,259,149,101,44,5,1734,9,10,18,5,11,5,5,0,4,65,8,24,155,165,122,72,42,19,12,618,472,525,1049,943,836,711,588,700,405,6240,959,3141,10254,10051,8124,6207,3571,2329,845,45488,6,65,354,362,268,216,133,61,11,1470,68,272,923,918,480,222,61,8,0,2950,95,682,2788,2724,2664,2190,1466,920,281,13806,62,342,1337,1042,923,758,512,300,122,5394,14,73,182,223,208,122,71,32,14,937
303,9,284,770,661,487,389,175,59,6,2844,126,441,2068,1334,647,214,28,4,0,4870,113,1186,4041,3984,4023,3099,1796,930,270,19444,79,584,1546,1436,1208,937,615,287,79,6774,13,78,327,295,237,171,93,31,13,1248,6,250,1165,1047,820,473,246,132,31,4177,10,74,487,564,602,573,347,143,30,2837,143,1516,4179,3279,2429,1699,668,240,76,14226,89,509,1513,1429,1056,791,338,124,21,5870,54,434,862,530,299,186,69,45,8,2495,46,482,985,565,306,206,101,33,17,2745,25,49,24,17,11,13,14,11,0,167,15,70,234,226,146,136,61,36,15,927,850,1190,2086,1537,1381,1121,848,799,402,10217,1582,7151,20275,16915,13664,10007,5401,2868,976,78834,17,353,932,758,608,451,308,95,20,3544,83,557,2024,1910,912,339,81,6,0,5909,150,1222,4611,4053,3870,3256,2114,1162,362,20802,78,466,1769,1446,1257,1029,612,391,127,7180,16,66,273,319,257,193,115,44,18,1308
304,17,298,584,585,580,474,295,122,22,2972,100,218,806,744,438,184,38,3,0,2531,50,682,1778,2218,2411,1962,1150,572,148,10973,45,309,628,704,669,563,332,171,38,3452,14,35,182,229,185,130,109,32,11,921,13,146,431,573,572,440,263,151,42,2628,3,37,252,330,340,389,237,74,23,1687,64,557,1558,2010,1833,1353,632,225,60,8295,58,386,849,903,770,774,420,161,30,4339,64,248,438,314,181,119,64,21,8,1451,33,144,291,215,148,91,50,14,9,994,13,19,7,3,3,0,0,0,0,54,9,60,103,145,112,88,48,29,14,606,407,474,635,534,534,468,331,343,264,3984,871,3619,8534,9506,8780,7038,3957,1916,670,44889,20,315,558,584,602,484,404,156,57,3175,39,232,637,921,634,279,77,10,0,2832,68,674,1996,2159,2367,1940,1476,684,224,11599,35,229,740,728,655,561,403,213,60,3628,11,51,169,233,193,134,124,71,11,1002
305,7,327,923,595,443,320,146,47,10,2811,74,345,1756,949,422,176,25,0,0,3748,48,916,3618,2662,2320,1727,871,406,122,12693,23,434,1463,1077,926,652,359,151,50,5145,3,71,308,228,197,132,48,22,9,1023,15,232,1257,1091,808,540,296,124,37,4395,0,71,421,384,438,402,203,55,12,1990,88,1159,4175,3335,2260,1429,514,146,46,13155,55,560,2087,1652,1206,962,397,133,23,7069,78,545,1346,647,321,193,67,22,4,3213,32,394,826,445,242,124,48,27,9,2142,5,33,22,14,9,6,0,9,3,97,8,51,216,186,122,96,40,31,4,756,573,1270,2738,1572,1194,938,573,450,210,9524,1006,6410,21157,14836,10907,7690,3595,1617,535,67753,12,337,967,645,513,392,226,66,17,3179,49,409,1713,1294,655,250,72,8,0,4457,48,961,4183,2680,2298,1807,1077,479,157,13694,32,414,1761,1077,964,691,405,194,58,5602,10,74,270,243,229,167,82,33,8,1119
306,6,32,180,258,236,216,117,34,8,1073,38,89,245,206,117,70,17,3,0,795,157,855,2466,3269,3647,2992,1768,647,134,15927,84,432,988,1361,1451,1171,665,237,46,6443,34,105,357,434,374,239,137,43,4,1734,9,62,328,448,497,304,163,58,16,1884,8,43,240,349,408,488,219,56,8,1812,65,201,784,972,913,715,342,91,19,4098,53,135,478,608,512,406,200,47,18,2451,21,57,166,181,139,123,65,18,9,781,69,258,699,714,494,286,131,47,7,2702,8,4,15,7,6,9,10,7,0,53,8,31,90,143,126,96,51,13,5,566,1017,738,1633,1800,1826,1583,1075,726,283,10672,1572,3048,8674,10745,10749,8687,4952,2024,551,51007,0,47,186,270,255,231,175,56,11,1242,32,105,267,225,167,106,43,12,0,957,171,870,2760,3062,3609,3519,2469,992,209,17659,55,322,1177,1258,1352,1448,843,383,71,6898,22,108,362,456,440,347,192,85,17,2025
307,0,7,39,61,42,64,32,8,0,257,13,33,57,31,33,32,16,0,0,214,127,576,1325,1392,1431,1179,694,268,51,7052,34,194,391,440,451,416,255,109,26,2303,63,124,470,571,462,277,117,52,13,2162,0,22,76,138,145,129,64,29,6,607,0,26,133,119,150,194,110,22,3,758,41,98,286,398,337,269,128,37,7,1603,11,44,107,156,131,142,91,26,5,715,10,10,35,30,27,40,26,9,6,186,38,105,195,203,147,133,58,16,5,902,3,0,0,4,4,5,0,0,4,24,6,15,44,64,61,50,22,12,4,274,528,317,611,792,793,760,707,504,188,5210,884,1577,3775,4404,4216,3691,2313,1099,311,22275,0,15,36,57,45,50,43,22,0,279,8,24,71,53,47,32,13,0,0,254,104,644,1668,1558,1522,1372,933,390,73,8264,44,186,519,446,418,496,344,157,19,2625,76,124,406,528,559,365,193,83,25,2359
308,0,38,107,141,132,129,63,8,0,618,38,83,260,160,103,54,15,0,0,718,226,1489,4038,4110,4021,2916,1357,546,96,18794,78,470,972,1066,1087,907,431,196,24,5219,59,96,339,386,279,177,75,30,7,1443,6,63,288,330,301,258,105,30,3,1390,0,48,250,256,300,278,134,42,3,1320,51,143,580,762,730,509,134,51,10,2968,25,100,257,305,253,230,104,30,0,1310,3,35,115,80,65,72,28,3,4,406,69,147,424,390,266,191,87,25,12,1615,12,5,5,5,6,4,8,4,0,46,7,33,90,137,144,84,33,14,0,537,1011,905,1735,1771,1847,1376,1070,812,276,10811,1589,3655,9452,9899,9532,7190,3643,1802,432,47195,0,20,115,170,125,131,84,22,3,668,32,72,213,202,110,79,17,8,0,737,226,1451,4527,4219,4277,3413,1801,768,163,20853,58,348,1108,1060,1029,1086,588,223,50,5550,31,98,334,384,388,260,115,46,10,1664
309,11,206,358,366,369,360,202,75,31,1979,144,341,1148,875,482,221,50,8,0,3258,251,1503,4764,5774,6383,5638,3963,1835,528,30641,195,1147,3301,3902,3582,2777,1722,717,161,17503,59,205,613,730,522,337,194,69,29,2747,27,320,1111,1213,1087,754,387,212,55,5160,4,94,630,722,737,850,468,166,52,3721,234,1083,3508,3556,2755,2415,1368,528,149,15599,212,603,1500,1545,1255,1066,571,207,45,7005,122,444,867,640,400,307,180,81,21,3064,150,561,1549,1584,1048,670,398,121,31,6108,29,39,30,13,22,22,21,6,9,176,12,74,217,281,268,222,142,78,26,1329,1695,1846,3541,3290,3032,2772,2354,1978,951,21462,3143,8449,23133,24490,21951,18395,12003,6097,2095,119755,48,244,431,435,436,384,359,147,36,2526,147,372,1111,1177,680,396,147,26,0,4050,317,1598,5529,6059,6753,6013,5318,2626,725,34936,201,1021,4020,4176,3912,3201,2276,1103,286,20199,25,189,564,804,680,436,301,122,29,3142
310,3,78,266,265,231,178,69,19,6,1107,126,200,743,526,267,97,16,0,0,1975,197,1178,3569,3937,3930,3026,1776,692,141,18452,100,509,1131,1134,1010,901,583,219,45,5635,47,99,288,353,245,172,82,29,5,1316,9,94,327,431,361,248,137,64,14,1692,5,47,278,351,356,361,224,56,8,1677,118,441,1455,1443,1174,756,271,111,31,5793,65,291,714,706,644,433,200,65,18,3143,50,140,250,183,135,90,50,18,3,914,94,232,533,487,308,238,105,49,4,2037,13,10,12,20,13,4,5,3,5,86,16,38,129,191,185,129,76,20,11,784,1263,1228,2263,2252,1921,1401,1053,779,289,12452,2091,4570,11960,12277,10775,8038,4656,2128,579,57067,6,67,260,304,301,200,135,42,10,1318,76,266,774,776,366,161,47,8,0,2483,226,1220,4245,4144,4208,3555,2344,1074,269,21294,102,496,1501,1245,1097,1011,756,321,71,6606,35,125,345,360,347,241,127,46,12,1639
311,6,54,156,193,157,162,75,12,4,824,124,196,730,511,264,108,30,5,0,1976,223,1206,3390,3861,4075,3606,1901,642,123,19025,157,648,1597,1627,1478,1231,677,211,41,7674,36,93,286,290,251,144,77,27,3,1200,10,75,289,329,319,238,109,44,11,1422,4,36,247,277,317,351,198,42,7,1490,154,412,1407,1372,1131,784,359,78,29,5733,108,292,675,641,498,394,166,49,13,2835,68,156,289,185,132,120,49,14,5,1027,82,235,524,515,351,289,148,38,6,2192,13,16,11,11,8,8,8,3,0,76,22,42,139,170,150,104,62,29,10,718,1354,984,1681,1784,1627,1432,1066,669,271,10875,2375,4445,11435,11770,10747,8974,4916,1870,519,57056,3,58,195,204,190,159,115,33,3,969,109,260,746,737,367,167,52,3,0,2440,284,1137,3681,3911,4048,3738,2756,983,227,20775,163,600,1988,1771,1583,1386,898,345,72,8819,43,94,266,343,280,219,130,45,5,1419
312,4,42,85,103,83,63,41,17,0,433,44,58,132,78,56,31,4,0,0,402,198,1422,4059,4058,3769,2416,1036,381,68,17411,66,404,962,939,914,759,391,106,21,4563,14,67,242,241,212,103,48,13,5,949,4,43,165,196,234,161,63,23,5,885,3,22,151,200,191,189,85,20,3,859,32,127,515,583,573,367,109,39,6,2343,19,73,191,195,170,115,55,14,0,830,4,35,75,60,54,60,13,5,0,306,45,141,390,356,260,162,67,27,3,1448,3,7,10,0,11,6,0,0,0,40,12,24,77,101,110,61,31,16,5,427,646,865,1884,1816,1814,1290,723,474,183,9699,1105,3334,8937,8922,8443,5773,2662,1136,301,40608,0,17,98,93,89,84,41,14,7,452,12,68,117,110,51,37,19,0,0,418,173,1215,4132,3945,3688,2926,1533,534,124,18264,42,259,935,834,761,871,518,179,26,4428,18,56,220,192,219,157,64,23,0,969
313,9,33,91,135,128,122,83,26,10,644,106,122,339,283,185,104,25,4,0,1168,153,706,1930,2837,2912,2876,2065,889,220,14592,106,480,1046,1234,1151,1028,730,335,90,6201,40,76,264,273,257,146,103,38,7,1207,9,49,197,305,280,249,128,69,12,1298,6,23,144,198,248,347,234,100,29,1330,108,235,699,834,888,731,403,125,27,4038,83,191,414,461,382,374,210,68,19,2196,32,82,139,114,105,75,70,27,6,659,69,151,400,375,279,206,152,34,6,1675,14,11,3,7,4,6,13,3,3,60,9,15,79,116,140,116,55,27,3,560,866,729,1276,1393,1259,1170,1094,935,365,9086,1615,2899,7009,8563,8225,7562,5362,2686,802,44722,13,47,104,140,148,140,132,59,12,804,81,143,312,344,242,147,66,9,3,1344,169,651,2225,2722,3216,3165,2755,1344,298,16555,92,459,1398,1337,1324,1155,1003,453,120,7324,23,87,222,329,299,205,136,69,15,1393
314,7,48,124,231,194,141,68,13,0,820,69,119,492,549,302,91,23,0,0,1637,119,612,2100,2955,2870,2140,1136,324,96,12358,62,414,993,1136,873,660,390,123,29,4675,20,42,208,260,169,107,51,14,3,873,6,56,248,374,348,204,77,34,8,1351,6,29,192,283,296,288,166,36,6,1299,79,255,974,1568,1254,882,299,75,15,5402,71,181,501,594,409,323,130,43,5,2256,61,121,208,193,140,85,33,9,0,837,51,113,345,368,207,150,63,19,0,1315,4,6,9,6,0,10,0,3,0,24,4,23,91,144,102,72,35,8,4,474,440,321,574,698,666,516,383,286,120,4006,987,2325,7047,9365,7830,5656,2849,993,289,37333,10,49,157,238,248,174,116,23,7,1024,61,175,536,729,417,179,47,5,0,2142,151,670,2446,2978,3037,2463,1718,579,119,14165,60,404,1280,1269,1024,736,503,209,43,5526,19,49,178,306,210,138,80,20,5,1002
315,0,17,60,45,35,23,15,3,0,198,7,22,42,20,13,16,0,0,0,130,78,481,1299,1200,1130,775,313,66,14,5347,34,160,385,367,321,279,128,39,4,1711,68,106,216,241,213,118,47,11,3,1021,10,20,104,139,110,88,24,3,0,488,7,26,140,89,93,80,20,9,0,460,14,49,168,212,204,118,41,9,0,828,13,43,162,138,108,87,38,14,0,609,3,16,34,26,21,14,5,0,0,125,22,53,152,150,102,77,23,8,0,591,0,4,8,0,6,4,0,0,0,22,0,16,40,40,45,29,17,0,0,188,480,633,1267,1101,887,691,431,244,66,5793,735,1637,4085,3764,3284,2394,1097,412,90,17503,0,11,55,45,36,28,16,3,0,206,3,11,35,26,14,19,6,0,0,112,62,447,1360,1175,1102,877,448,125,15,5630,44,149,447,407,297,307,168,42,4,1874,44,78,206,186,196,164,50,20,10,961
316,4,53,167,245,255,316,247,95,22,1402,103,142,325,310,254,160,62,10,0,1363,187,782,2321,3524,4418,4076,3240,1618,429,20598,107,675,1865,2491,2464,2023,1161,609,156,11536,44,129,476,598,536,386,278,109,17,2576,16,108,453,842,875,563,334,198,54,3453,8,37,292,552,734,876,555,188,35,3272,151,314,991,1584,1500,1541,1020,432,107,7642,76,192,512,841,734,788,501,165,43,3847,70,169,350,322,251,245,149,54,12,1627,89,265,766,865,607,413,236,88,16,3345,16,10,10,11,3,14,12,10,3,88,14,39,90,177,168,155,126,67,18,855,931,638,1144,1512,1582,1363,1353,1219,634,10386,1820,3554,9749,13880,14377,12928,9278,4865,1555,72002,0,52,193,297,285,348,380,154,41,1754,84,198,390,459,325,242,137,16,4,1843,176,901,2913,3679,4607,4519,4379,2253,639,24066,99,579,2304,2743,2642,2444,1621,845,223,13499,31,142,432,683,632,525,367,184,55,3045
317,0,34,115,130,127,109,62,17,3,600,48,97,252,160,98,47,8,4,0,707,120,658,1720,1661,1776,1307,806,389,89,8530,61,356,609,638,667,541,322,141,32,3366,30,83,240,303,307,205,121,37,5,1332,4,49,269,306,334,254,112,45,19,1388,3,33,181,253,321,337,187,80,12,1413,76,235,692,723,661,510,205,59,20,3176,23,93,300,339,293,263,169,70,13,1566,14,56,126,97,80,51,26,15,6,464,46,150,288,245,171,133,73,25,8,1125,7,11,12,7,9,5,4,4,0,58,4,23,62,84,89,66,36,14,8,379,463,345,668,675,649,591,535,529,255,4715,902,2234,5532,5610,5579,4414,2664,1415,472,28824,3,44,130,137,132,123,73,26,11,683,31,135,283,199,115,59,28,4,0,856,103,773,2159,1804,1824,1604,1086,490,146,9991,64,347,825,640,602,608,410,192,48,3733,34,97,219,320,297,275,154,77,18,1484
318,8,88,295,267,234,196,95,10,6,1191,58,177,316,190,116,63,16,3,0,938,189,1303,3423,3509,3454,2661,1447,545,86,16617,85,461,1063,1079,1142,977,513,212,43,5579,28,91,290,282,253,135,77,29,0,1188,7,108,440,506,410,279,110,54,15,1933,8,39,219,268,296,299,162,50,6,1349,83,237,777,947,908,629,198,67,24,3873,54,222,484,505,404,339,139,30,9,2192,23,73,158,110,110,77,29,8,4,595,57,186,458,467,324,223,112,21,3,1847,13,8,8,6,8,7,9,0,0,47,15,27,115,168,139,77,47,16,7,620,970,934,1647,1629,1615,1215,883,728,250,9872,1587,3953,9697,9929,9406,7179,3838,1787,461,47837,0,87,340,284,241,204,156,41,7,1362,47,175,331,247,149,92,28,3,0,1083,234,1291,3713,3337,3393,3022,1979,824,216,17992,66,371,1195,1075,1057,1103,731,292,65,5948,16,91,236,318,263,212,100,32,10,1278
319,0,18,77,118,130,176,104,40,6,669,73,100,223,151,124,109,30,6,0,814,262,811,1998,2820,3651,4058,3162,1223,260,18244,93,379,869,1200,1463,1556,1171,439,84,7252,58,134,391,551,483,331,203,82,14,2243,11,43,309,417,487,381,220,91,16,1974,7,39,268,432,473,572,369,103,21,2283,133,231,581,730,775,764,452,158,40,3864,39,119,302,425,461,479,265,79,19,2193,19,45,110,100,90,119,72,35,10,592,105,219,480,497,426,389,236,80,24,2448,10,5,11,10,7,11,15,4,3,68,15,24,65,114,129,157,109,47,5,665,929,629,1151,1473,1630,1756,1996,1570,613,11755,1738,2780,6822,9033,10327,10880,8403,3958,1119,55056,7,19,92,97,120,164,172,61,9,730,45,123,235,232,149,137,76,12,0,996,287,896,2352,2889,3422,4347,4297,1956,406,20850,92,288,987,1085,1359,1771,1552,686,121,7942,50,127,353,522,572,493,298,136,26,2581
397,0,0,0,0,0,0,0,0,0,0,0,0,0,0,0,0,0,0,0,0,0,8,12,10,15,5,12,0,0,63,0,5,4,4,8,4,0,4,0,20,0,0,0,0,0,0,0,0,0,3,0,0,0,0,0,0,0,0,0,4,0,0,6,0,0,0,0,0,0,3,0,8,3,0,0,4,0,0,0,18,0,0,5,0,0,0,0,0,0,8,0,0,0,0,0,0,0,0,0,0,0,0,0,0,0,0,0,0,0,0,0,0,0,0,0,0,0,0,0,0,0,0,0,0,0,0,0,0,0,3,0,3,13,9,19,8,5,0,0,61,3,23,38,29,43,24,14,8,0,180,0,0,0,0,0,0,0,0,0,0,0,0,0,0,0,0,0,0,0,0,0,0,0,0,0,0,0,3,0,11,0,0,0,0,3,0,0,0,0,3,0,0,0,0,0,0,0,0,0,0
399,0,7,27,13,4,17,6,4,0,81,4,8,22,8,9,10,4,0,0,58,10,64,175,146,139,300,185,32,0,1049,4,21,89,49,61,113,61,17,0,414,6,13,30,21,21,20,13,5,0,113,0,9,20,20,20,23,13,4,0,103,0,6,10,7,19,29,22,4,0,86,3,24,80,37,41,61,31,9,0,288,0,17,37,25,28,37,19,3,0,163,0,3,44,14,14,15,6,0,0,97,0,15,28,27,21,25,18,4,0,141,0,0,0,0,0,0,0,0,0,0,0,0,12,15,8,16,9,3,0,58,76,129,255,247,233,224,134,45,7,1357,102,321,833,635,609,876,510,126,8,4023,0,4,29,10,6,9,12,0,0,76,3,3,15,11,10,8,4,0,0,61,5,35,163,108,145,207,208,44,0,928,4,18,82,48,52,76,86,15,0,387,3,10,28,19,19,20,19,0,0,112
401,11,187,655,694,708,674,370,131,45,3482,23,207,1018,704,462,252,49,5,0,2713,80,823,2446,3081,3348,2728,1686,955,331,15489,70,386,862,1065,1039,838,582,296,99,5248,18,112,321,412,409,263,144,85,25,1788,19,216,992,1048,1120,984,597,310,110,5390,12,66,331,431,665,1060,513,148,33,3261,66,873,2557,2870,2551,2062,1017,367,136,12492,50,442,1298,1273,1302,1491,741,248,78,6920,40,331,746,548,404,276,127,48,15,2536,53,255,599,496,375,203,110,46,18,2151,15,28,9,4,4,4,5,5,0,74,9,46,195,175,180,139,81,33,25,887,716,834,1348,1176,1269,1035,853,838,498,8568,1165,4806,13371,13986,13842,12004,6891,3511,1417,71007,7,187,695,724,710,735,540,212,77,3876,30,201,929,930,598,322,120,14,5,3150,79,842,2777,2769,3396,2841,2193,1191,465,16551,75,424,1082,974,1120,978,686,398,138,5875,16,125,340,382,412,360,223,98,37,1989
402,10,117,445,428,324,274,143,53,15,1810,66,319,1374,756,408,215,38,4,0,3174,233,1623,4977,5643,5466,4880,3062,1484,346,27713,163,713,1315,1304,1218,1080,863,420,80,7161,45,170,459,375,321,229,89,41,4,1731,16,152,619,622,567,375,138,67,10,2560,7,77,364,407,404,604,330,110,16,2326,116,664,2450,2184,1801,1327,556,184,45,9334,80,487,1158,1015,845,623,267,107,19,4594,44,233,483,281,202,151,78,27,5,1509,92,343,778,666,506,364,179,58,15,3014,12,16,17,19,14,6,8,4,6,103,21,52,240,244,227,164,64,55,15,1088,1400,1183,2138,2103,1984,1590,1493,1452,588,13939,2294,6168,16831,16052,14295,11879,7310,4072,1161,80054,6,132,468,527,384,300,210,74,14,2114,82,334,1408,1142,517,321,101,10,0,3913,236,1683,5623,5394,5650,4893,3913,2054,546,29988,223,794,1861,1293,1297,1215,974,590,167,8410,22,166,505,466,396,297,153,46,13,2051
403,9,185,551,613,552,559,316,102,32,2922,39,223,932,688,491,238,54,0,0,2669,137,1057,3494,4440,4994,4634,2881,1640,507,23794,140,708,1414,1402,1453,1268,794,457,156,7794,20,164,470,479,415,246,108,64,30,1986,16,132,748,833,892,664,318,187,57,3835,7,70,422,509,726,1067,579,179,40,3590,75,595,2202,2498,2435,2058,955,476,165,11453,66,414,1153,1261,1184,1186,571,234,66,6142,28,291,576,427,286,248,128,34,18,2038,60,318,708,629,458,322,200,76,29,2798,10,11,10,9,12,7,4,4,5,74,10,52,166,207,172,184,93,58,22,975,898,676,1247,1206,1496,1304,1069,1235,662,9792,1512,4897,14093,15210,15566,13988,8071,4748,1771,79857,0,184,602,588,575,533,458,182,37,3154,49,211,865,943,580,378,117,12,0,3157,179,1036,3724,4135,4757,4484,3813,1949,701,24779,142,683,1922,1455,1488,1409,1020,570,203,8900,26,150,492,526,495,337,160,77,29,2287
404,0,115,389,361,258,219,101,35,13,1482,27,155,834,467,266,111,19,4,0,1882,82,847,2541,2937,3015,2491,1581,993,357,14838,60,348,767,823,762,544,372,280,80,4034,5,89,215,199,165,98,40,23,10,846,9,130,579,466,355,289,110,64,16,2020,3,44,245,291,395,511,254,71,22,1839,68,548,1887,1596,1255,874,397,209,77,6914,36,262,885,728,648,521,214,89,16,3400,9,201,465,292,196,121,43,21,5,1358,33,285,536,435,311,199,109,46,12,1961,3,12,22,8,9,5,9,7,5,81,11,46,169,173,136,86,31,25,3,677,640,602,1159,1126,1179,994,916,1005,527,8137,983,3687,10692,9910,8954,7064,4183,2868,1139,49472,0,99,405,366,321,249,174,53,16,1680,38,183,797,669,342,175,48,9,0,2261,100,734,2815,2671,3099,2661,1980,1111,450,15617,72,380,1097,755,845,691,439,313,106,4693,20,72,257,206,197,135,79,23,11,1001
405,0,10,69,87,92,115,53,9,0,441,8,22,72,64,34,15,9,0,0,221,55,446,987,1283,1502,1445,1040,455,90,7311,27,138,233,279,396,355,312,111,32,1893,28,111,376,399,328,236,86,36,9,1611,0,13,69,99,168,144,63,30,4,594,0,23,104,116,157,318,140,36,9,895,22,30,228,351,372,357,177,59,20,1615,19,42,111,121,164,203,101,44,5,807,3,12,38,36,38,45,33,12,4,229,19,71,170,178,160,113,69,30,6,825,0,0,7,3,0,0,0,3,0,20,4,9,28,52,39,39,27,19,3,220,311,177,292,407,514,561,511,519,172,3469,498,1112,2789,3480,3971,3947,2618,1364,360,20135,0,15,85,101,90,103,90,19,0,507,12,25,73,62,48,41,18,0,0,285,76,436,1215,1198,1473,1685,1380,579,143,8180,37,135,332,255,370,425,374,176,37,2143,46,128,353,434,352,303,159,51,24,1857
406,0,17,53,35,45,42,10,3,0,203,4,27,53,29,25,14,5,0,0,158,71,523,1297,1457,1539,1154,663,270,54,7036,24,145,261,273,331,333,193,88,17,1671,30,92,225,224,145,102,47,16,0,880,0,12,60,136,102,94,29,12,3,447,0,26,107,108,94,133,48,22,0,546,16,57,209,274,218,219,74,12,3,1087,9,62,152,149,148,114,41,12,0,686,0,14,34,34,40,26,7,3,0,153,10,52,157,143,93,76,50,10,0,579,3,0,5,3,0,0,0,0,0,17,0,10,41,46,51,28,16,8,0,194,366,354,706,779,789,601,500,332,122,4550,535,1391,3361,3677,3610,2938,1693,777,209,18191,0,10,53,40,34,36,26,0,0,202,0,14,54,40,36,16,9,3,0,177,53,436,1310,1278,1446,1309,804,374,96,7119,9,107,317,239,301,318,248,117,27,1687,24,62,209,219,198,105,72,21,6,916
407,0,15,84,96,101,144,90,28,7,562,23,53,122,77,49,59,10,0,0,381,99,598,1547,1970,2200,2161,1614,688,176,11052,67,308,549,555,657,575,396,233,66,3397,60,207,587,721,573,441,208,79,19,2899,5,21,133,192,270,222,117,63,18,1043,4,26,152,179,215,413,242,49,11,1298,62,119,443,587,580,634,364,132,37,2962,22,81,221,253,279,353,212,56,10,1487,6,35,65,55,77,81,62,24,3,413,39,133,350,371,283,203,126,36,7,1556,0,5,0,9,3,5,9,3,0,37,7,22,52,78,74,82,47,28,13,415,565,385,812,986,1018,1039,1014,876,362,7051,958,2008,5125,6133,6395,6403,4499,2307,733,34559,3,15,95,107,114,158,157,45,9,708,28,51,121,110,69,63,36,3,0,487,121,669,1746,1843,2244,2337,2130,1043,273,12410,68,281,663,542,577,692,569,284,80,3751,52,178,566,784,711,525,350,132,55,3358
497,0,0,0,0,0,0,0,0,0,0,0,0,0,0,0,0,0,0,0,0,0,0,0,0,0,0,0,0,0,3,0,0,0,0,0,0,0,0,0,0,0,0,0,0,0,0,0,0,0,0,0,0,0,0,0,0,0,0,0,0,0,0,0,0,0,0,0,0,0,0,0,0,0,0,0,0,0,0,0,0,0,0,0,0,0,0,0,0,0,0,0,0,0,0,0,0,0,0,0,0,0,0,0,0,0,0,0,0,0,0,0,0,0,0,0,0,0,0,0,0,0,0,0,0,0,0,0,0,0,0,0,0,0,0,0,0,0,0,0,0,0,0,0,3,0,0,0,0,0,7,0,0,0,0,0,0,0,0,0,0,0,0,0,0,0,0,0,0,0,0,0,0,0,0,0,0,0,0,0,0,0,0,0,0,0,0,0,0,0,0,0,0,0,0,0,0,0,0,0,0
499,0,0,5,4,0,0,4,0,0,23,0,0,9,5,0,0,0,0,0,16,0,10,48,33,47,46,34,0,0,229,0,5,17,18,8,15,12,0,0,71,0,0,15,0,0,0,0,0,0,19,0,4,4,7,8,5,0,0,0,29,0,0,12,5,6,0,0,0,0,26,0,11,16,22,6,16,4,0,0,83,0,0,6,16,8,12,4,0,3,51,0,0,7,10,7,0,0,0,0,16,0,3,13,4,3,6,0,0,0,35,0,0,0,0,0,0,0,0,0,0,0,0,4,0,0,0,0,0,0,8,13,23,64,63,74,53,33,28,23,374,15,66,226,174,171,160,81,32,29,963,0,0,3,0,3,0,0,0,0,16,0,0,0,4,0,0,0,0,0,4,4,12,52,30,27,41,39,10,5,213,0,0,21,12,17,12,10,4,0,76,0,0,8,5,6,3,9,0,0,33
501,6,22,139,174,159,140,77,21,5,740,45,72,148,98,67,40,13,0,0,480,204,869,2175,2655,2805,2178,1238,455,104,12684,109,443,801,803,961,723,406,176,37,4460,34,101,338,362,372,251,143,55,6,1662,8,22,148,271,299,204,113,45,9,1110,6,15,123,226,331,392,179,53,11,1338,38,111,395,633,565,487,266,73,26,2582,27,55,161,236,225,216,110,61,4,1094,13,35,91,93,87,75,42,12,0,449,34,102,340,415,281,170,81,42,4,1468,4,6,0,13,9,5,0,0,0,36,8,10,48,75,77,61,34,13,9,339,577,439,978,1085,1066,901,647,528,222,6448,1106,2296,5885,7137,7287,5854,3361,1539,423,34891,6,33,158,215,192,180,146,46,10,987,38,76,167,135,89,50,27,8,0,589,198,868,2424,2820,2921,2636,1874,725,160,14624,92,324,981,898,914,873,574,253,53,4962,30,79,302,447,399,344,226,106,19,1963
502,3,15,34,43,50,44,34,15,4,237,26,61,100,58,51,25,8,5,0,332,91,386,922,1234,1369,1252,1068,484,89,6894,66,201,342,405,426,355,400,207,36,2440,8,17,106,103,82,77,75,30,5,506,10,3,62,89,132,111,64,29,5,514,0,8,49,75,128,158,94,57,8,580,25,58,156,233,262,279,249,105,14,1385,9,41,97,98,112,119,77,40,6,608,14,14,31,30,31,33,30,13,3,198,19,50,155,144,152,90,79,24,8,728,0,0,0,0,4,0,3,0,0,20,5,7,26,47,52,34,32,19,8,231,340,236,434,523,512,551,538,505,211,3842,620,1108,2529,3084,3364,3127,2751,1538,403,18522,0,18,51,56,57,63,70,12,13,345,32,74,98,101,62,42,24,5,4,435,96,425,1314,1435,1607,1490,1400,746,184,8695,50,190,501,433,542,400,417,279,67,2876,23,27,89,118,115,81,100,43,13,609
503,3,194,763,568,621,492,261,100,34,3037,13,130,713,378,265,106,29,0,0,1630,47,657,2568,1811,1900,1537,799,376,141,9834,33,304,775,508,518,479,277,130,41,3064,0,49,213,162,127,101,106,50,18,813,4,136,750,778,779,568,392,187,47,3646,0,41,198,206,319,344,192,72,28,1395,32,564,2171,2047,1840,1243,630,234,91,8858,28,307,1048,943,914,830,427,151,52,4696,31,258,582,284,224,161,62,26,3,1635,17,149,376,208,181,112,39,12,7,1112,11,10,7,5,0,5,0,4,3,54,4,34,107,85,91,60,36,18,10,452,445,711,1846,1085,838,829,517,430,240,6940,667,3539,12123,9067,8634,6867,3761,1805,714,47172,0,305,844,587,612,523,372,133,55,3436,7,100,638,524,308,151,45,10,0,1789,36,686,2940,2069,1772,1580,1027,498,171,10780,16,186,896,522,552,469,292,179,61,3179,6,45,189,157,141,105,85,72,15,820
504,4,67,286,369,308,233,103,31,9,1413,60,178,719,468,271,109,18,3,0,1833,210,1175,3126,3744,3799,3041,1621,628,164,17506,94,465,892,879,869,779,491,207,44,4725,17,73,210,242,208,132,71,27,0,980,3,79,330,331,282,227,115,56,9,1442,8,44,224,283,366,329,215,74,23,1563,48,403,1346,1354,1174,769,333,125,33,5581,47,205,588,687,545,469,210,69,18,2848,57,181,406,294,186,167,65,17,14,1381,42,188,501,466,370,249,115,50,3,1978,5,8,3,16,4,9,9,4,0,56,7,29,111,149,150,96,45,25,8,611,844,917,1842,1750,1502,1142,879,640,256,9770,1442,4009,10595,11032,10035,7743,4287,1950,587,51686,5,112,412,378,379,262,155,53,11,1772,69,182,714,666,383,143,43,11,0,2204,201,1333,4353,4053,4104,3437,2230,900,199,20794,96,456,1410,1047,963,812,625,303,56,5772,19,63,229,288,242,173,88,46,9,1163
505,4,214,822,960,843,601,285,92,26,3843,133,396,1644,1307,660,282,56,3,0,4488,353,2247,6613,7785,8050,6272,3329,1476,360,36485,297,1355,2797,2876,2718,1941,1101,542,126,13754,22,148,550,505,391,243,130,57,11,2060,19,274,948,1087,931,582,300,132,37,4321,9,101,524,765,918,886,487,229,54,3972,136,1002,3627,4035,3280,2452,1193,412,138,16275,110,549,1498,1478,1173,932,426,170,35,6369,87,413,854,570,322,267,112,50,15,2680,51,382,1019,1008,794,421,229,80,27,4022,20,22,23,16,13,18,9,7,3,134,14,65,234,250,248,183,100,51,20,1172,1546,1498,3101,2782,2456,1998,1471,1320,597,16768,2814,8667,24254,25441,22805,17081,9214,4625,1456,116354,14,335,894,1028,906,675,456,145,32,4496,89,381,1630,1684,975,422,129,10,0,5327,318,2413,8373,8380,8326,7000,4524,2039,521,41898,225,1242,4361,3300,3120,2185,1394,776,159,16770,18,126,567,542,479,333,176,76,23,2346
506,11,297,875,905,701,539,279,86,28,3724,134,415,1873,1026,525,199,35,0,0,4214,412,2561,7341,7023,7118,5982,3130,1287,308,35160,198,945,1755,1589,1558,1490,925,481,129,9075,40,167,472,470,368,277,171,79,19,2081,16,232,941,773,688,478,238,123,23,3519,12,91,413,499,607,692,404,150,37,2909,154,1423,3917,2935,2362,1914,851,268,77,13908,110,476,1263,1107,951,907,444,142,28,5431,94,368,735,393,234,182,104,36,11,2156,75,505,1161,761,579,394,198,71,13,3755,20,31,19,20,25,20,22,8,3,162,19,75,213,268,223,182,89,49,22,1143,1525,2067,3643,3032,2576,2179,1535,1287,620,18462,2821,9662,24626,20815,18524,15437,8408,4078,1324,105688,10,320,1028,965,843,592,440,127,29,4354,126,455,1875,1675,724,342,95,7,0,5298,346,2872,9469,8620,7746,6311,4270,1839,426,41895,167,933,2609,1743,1589,1505,1113,606,176,10442,26,130,479,452,465,333,233,99,26,2238
507,6,179,568,680,622,562,233,72,17,2938,112,303,1010,675,398,152,40,0,0,2691,352,1932,5599,6426,6448,4787,2560,1305,324,29732,154,681,1527,1577,1595,1147,822,418,91,8022,25,135,422,423,361,253,132,65,16,1831,23,190,742,847,679,467,260,120,40,3365,9,61,367,470,651,658,341,138,32,2725,83,687,2040,2452,2135,1608,699,316,102,10118,92,426,946,1041,911,737,349,145,28,4677,71,243,520,362,277,210,78,22,8,1785,66,237,710,659,520,289,205,67,16,2760,15,17,8,16,24,7,7,6,5,106,12,57,169,222,194,153,77,46,12,935,1131,1117,2285,2252,2039,1602,1235,1130,514,13291,2150,6257,16921,18102,16845,12624,7028,3844,1199,84970,12,245,633,728,752,601,404,116,32,3518,81,331,1009,1068,563,273,78,12,0,3411,315,2014,7020,7181,7137,5609,3582,1671,463,34996,152,717,2154,1852,1775,1355,952,588,161,9702,19,123,444,526,399,323,227,74,23,2161
509,0,15,67,109,91,79,63,20,3,454,24,45,92,58,47,29,14,0,0,307,145,572,1296,1565,1800,1564,946,363,72,8323,69,214,359,404,491,516,349,145,27,2551,66,158,486,543,537,444,228,90,13,2570,3,12,61,123,185,138,90,31,5,663,3,17,95,148,198,278,124,30,9,906,30,68,280,365,392,390,188,59,13,1792,17,45,125,192,205,236,104,33,6,963,9,26,45,55,76,80,38,12,5,341,25,35,174,243,216,125,88,25,4,938,14,6,3,0,4,8,6,3,0,39,5,9,34,49,63,39,39,10,7,261,456,423,737,894,944,822,632,503,192,5605,866,1640,3853,4753,5238,4751,2907,1348,351,25707,0,16,49,98,99,99,109,33,8,512,29,54,89,73,67,43,23,4,0,379,131,592,1545,1552,1776,1918,1429,540,136,9621,60,186,499,421,455,514,393,209,47,2794,73,163,424,548,551,524,336,150,38,2806
510,0,31,141,140,60,32,11,0,0,429,3,19,98,55,33,13,0,0,0,213,84,895,3164,2756,2193,1122,187,36,9,10445,26,264,734,611,476,271,71,15,0,2467,28,76,225,192,133,75,17,0,0,752,0,25,157,236,171,92,18,4,0,709,3,23,135,149,119,120,19,0,0,567,15,67,408,452,347,198,28,0,0,1523,4,75,197,195,177,92,21,3,0,768,3,23,77,65,42,43,3,4,0,264,13,62,271,222,169,55,20,0,0,806,0,7,7,8,5,0,0,0,0,32,7,18,61,97,77,43,9,4,0,324,593,1252,3210,2724,2102,1088,280,84,23,11359,790,2835,8899,7899,6103,3245,686,153,35,30653,0,9,138,145,55,41,10,3,0,400,4,23,78,95,42,9,3,0,0,248,76,617,3707,2982,2320,1233,282,44,8,11272,24,130,757,583,441,309,81,27,0,2349,20,72,196,207,156,95,26,0,0,776
511,3,42,145,153,89,64,20,5,4,516,34,44,111,67,33,17,3,0,0,306,137,956,2329,2390,2152,1534,674,233,40,10447,64,229,490,505,530,437,237,88,13,2606,40,84,258,288,241,182,82,35,5,1221,8,17,114,181,168,109,40,13,0,655,3,18,142,166,168,139,57,17,3,716,11,75,293,387,341,235,101,24,4,1484,25,54,184,189,147,120,44,10,0,780,6,33,64,54,40,45,13,8,0,255,14,70,230,262,195,95,62,18,5,955,4,5,5,5,5,5,4,0,0,34,4,15,46,64,65,42,15,4,6,260,586,659,1417,1306,1313,939,607,375,115,7322,936,2299,5830,6024,5500,3974,1957,840,197,27552,6,39,179,141,95,70,31,8,0,566,17,46,90,72,38,21,4,0,0,287,132,797,2427,2211,2195,1788,944,322,66,10875,51,229,544,407,503,487,287,110,23,2637,35,71,202,242,263,200,136,58,9,1216
597,0,0,5,0,4,0,0,0,0,5,0,0,0,0,0,0,0,0,0,0,0,12,42,33,30,9,0,0,0,122,0,0,10,8,3,3,0,0,0,28,0,0,0,0,0,0,0,0,0,6,0,0,0,0,3,0,0,0,0,9,0,0,0,0,0,0,0,0,0,0,0,0,0,0,0,0,0,0,0,0,0,0,0,0,0,0,0,0,0,3,0,0,0,0,0,0,0,0,0,0,0,0,4,11,8,0,0,0,0,25,0,0,0,0,0,0,0,0,0,0,0,0,4,5,4,0,0,0,0,8,0,3,21,13,9,5,0,0,0,63,0,19,95,73,54,21,4,3,0,276,0,0,3,0,0,0,0,0,0,10,0,0,0,0,0,0,0,0,0,0,0,3,47,52,41,13,0,0,0,156,0,0,15,0,3,0,0,0,0,20,0,0,4,5,0,0,0,0,0,6
599,0,10,23,21,12,7,0,0,0,72,0,9,19,6,0,5,0,0,0,51,5,47,185,142,126,154,95,3,0,753,6,31,61,40,31,48,24,6,0,248,0,3,22,12,14,13,0,0,0,63,0,5,12,8,10,10,5,0,0,55,0,0,5,6,10,15,15,0,0,45,0,20,42,35,17,37,6,0,0,158,0,9,26,16,24,20,3,0,0,96,0,5,21,15,8,4,0,0,0,58,0,4,29,8,17,14,5,0,0,79,0,0,5,0,0,0,0,0,0,5,0,0,6,4,3,4,7,0,0,24,39,76,224,189,191,132,56,27,0,933,48,217,674,514,466,458,224,43,3,2644,0,7,9,12,3,4,0,0,0,38,0,0,14,3,5,11,5,0,0,38,0,35,144,81,109,104,69,7,3,558,5,11,53,42,22,36,15,3,0,185,0,6,14,12,4,15,11,0,0,61
601,0,104,359,477,451,399,189,89,29,2093,49,243,706,406,251,118,21,7,0,1788,91,624,1712,2232,2514,2231,1533,811,234,11974,109,529,931,1066,1234,829,579,296,86,5652,17,93,306,358,342,181,85,63,11,1450,3,68,347,428,471,432,220,117,31,2122,3,33,266,316,436,560,291,124,27,2047,60,401,1217,1202,1214,1052,500,226,61,5918,17,215,705,775,763,783,334,119,33,3737,6,124,291,277,231,217,97,44,10,1293,52,218,575,471,330,229,123,29,14,2036,3,10,8,7,3,8,6,0,0,49,6,32,117,139,104,104,61,33,13,620,656,610,991,970,1041,1028,959,758,348,7365,1071,3292,8535,9107,9372,8151,5001,2699,910,48144,0,114,430,480,475,433,305,104,44,2375,32,234,786,507,310,188,61,7,0,2120,66,559,1843,1965,2332,2395,1856,1008,318,12335,59,454,1314,974,1099,1082,661,371,129,6152,22,76,292,386,359,290,120,57,19,1616
602,0,22,89,133,129,143,86,24,4,624,19,87,255,136,103,49,9,0,0,671,106,512,1215,1557,1941,1700,1096,511,131,8767,60,313,496,634,728,560,359,207,42,3394,31,114,308,360,313,235,121,64,11,1549,5,53,199,225,277,219,111,50,14,1147,0,29,165,190,262,337,170,59,23,1238,30,153,488,589,579,502,233,81,19,2670,10,72,190,259,298,318,156,50,9,1374,13,61,145,115,87,105,49,23,10,596,40,134,254,283,237,177,93,35,10,1264,7,5,0,5,5,0,4,3,3,28,4,10,53,52,79,78,50,19,8,351,452,269,443,557,636,706,668,628,267,4632,781,1820,4300,5094,5689,5136,3204,1750,547,28310,0,23,71,117,129,142,125,47,11,669,10,95,237,171,128,77,31,6,0,748,77,525,1262,1338,1703,1847,1453,670,192,9051,38,299,697,514,659,672,465,252,55,3660,28,92,300,342,356,264,183,88,20,1669
603,0,0,20,40,45,61,36,11,0,218,0,14,35,30,28,19,6,0,0,124,17,87,259,407,491,505,325,119,21,2244,15,52,108,206,208,213,141,40,4,982,14,36,127,138,127,87,53,8,0,592,0,3,6,36,53,57,33,12,4,212,0,0,13,44,49,84,58,17,0,260,0,17,57,93,105,139,70,24,0,511,3,18,33,82,89,124,64,21,0,427,0,3,28,42,40,53,41,8,0,210,4,25,82,95,76,49,25,6,0,372,0,0,0,0,0,0,0,0,0,0,0,3,10,20,21,22,18,7,0,110,99,61,110,176,208,265,231,158,47,1366,157,327,883,1409,1540,1677,1103,442,89,7626,0,0,23,28,62,66,68,22,0,268,6,8,27,39,25,24,10,4,0,148,16,94,278,340,478,607,474,175,44,2506,10,65,146,143,199,240,171,59,7,1032,9,49,124,154,150,116,66,23,6,693
604,0,9,45,57,69,77,60,24,4,343,19,59,127,67,78,40,14,0,0,398,84,475,1180,1514,1653,1333,897,364,96,7598,44,278,352,458,626,550,330,148,36,2820,27,74,236,253,227,136,55,24,6,1036,5,26,109,162,206,151,75,24,15,761,0,7,123,131,196,246,133,44,7,893,20,65,275,353,378,351,145,56,3,1647,13,53,122,165,185,176,89,26,9,839,3,25,41,53,45,49,31,14,0,257,38,87,220,198,178,142,79,26,4,973,6,0,0,0,4,3,7,0,3,22,3,16,33,37,55,57,25,16,3,244,386,212,352,488,586,561,615,515,208,3909,646,1386,3205,3934,4485,3868,2548,1274,398,21735,0,15,52,54,61,71,85,25,12,377,11,59,137,90,78,56,24,8,0,467,80,434,1195,1324,1527,1545,1056,537,134,7829,47,204,500,380,520,645,396,223,41,2959,25,102,238,254,264,169,95,45,6,1202
697,0,0,0,0,0,0,0,0,0,0,0,0,0,0,0,0,0,0,0,5,0,3,5,6,4,6,0,0,0,20,0,0,4,0,0,0,0,0,0,7,0,0,0,0,0,0,0,0,0,3,0,0,0,0,0,0,0,0,0,0,0,0,0,0,0,0,0,0,0,0,0,0,0,0,0,0,0,0,0,0,0,0,0,0,0,0,0,0,0,4,0,0,0,0,0,0,0,0,0,0,0,0,0,3,0,0,0,0,0,13,0,0,0,0,0,0,0,0,0,0,0,0,0,0,0,0,0,0,0,5,0,0,7,5,0,4,3,0,0,13,0,5,13,13,13,9,8,0,0,60,0,0,0,0,0,0,0,0,0,0,0,0,0,0,0,0,0,0,0,0,0,0,3,8,4,4,0,0,0,20,0,0,3,0,0,0,0,0,0,0,0,0,0,0,0,0,0,0,0,0
699,0,0,0,0,0,5,0,0,0,8,0,0,3,0,3,0,0,0,0,5,0,4,25,15,20,4,10,0,0,71,0,3,4,6,4,0,3,0,0,20,0,0,6,0,0,0,0,0,0,6,0,0,0,0,3,6,0,0,0,8,0,0,7,0,0,4,0,0,0,3,0,0,7,3,3,0,0,0,0,19,0,0,5,4,5,8,0,0,0,26,0,0,0,0,0,0,0,0,0,4,0,0,10,4,3,5,0,0,0,16,0,0,0,0,0,0,0,0,0,0,0,0,8,4,5,0,0,0,0,7,3,10,37,26,17,13,10,5,0,115,5,21,96,66,56,47,27,8,0,322,0,0,0,0,0,0,0,0,0,5,0,0,0,0,0,0,0,0,0,0,4,3,16,8,8,10,8,0,0,59,0,0,0,11,3,7,3,0,0,18,0,4,3,0,0,0,0,0,0,12
701,0,29,160,177,162,128,58,13,0,729,26,114,373,211,117,71,9,4,0,928,93,738,1972,2119,1912,1313,572,139,19,8882,40,250,631,556,540,435,188,57,5,2696,13,72,184,226,174,99,46,7,3,821,3,54,317,268,232,183,56,16,8,1127,3,19,125,166,230,250,94,17,0,907,31,214,774,822,631,463,126,25,6,3077,20,140,488,455,385,285,123,35,8,1929,12,50,172,118,88,77,30,7,0,549,32,138,368,299,201,123,36,4,0,1204,4,6,6,5,7,6,0,4,0,33,7,44,140,139,91,72,22,4,0,519,842,953,2027,1670,1385,1012,504,251,50,8697,1126,2814,7738,7236,6146,4507,1853,585,102,32112,0,36,169,196,186,148,73,22,4,830,28,129,382,326,146,78,17,0,0,1110,119,798,3320,2646,2383,1597,764,239,44,11906,34,206,1147,769,612,490,268,100,20,3644,11,41,188,216,189,135,57,12,4,853
702,0,17,66,64,67,50,19,6,0,284,0,22,84,45,36,19,0,0,0,202,46,310,904,976,925,639,204,51,0,4066,25,123,394,328,306,226,93,9,0,1513,22,67,202,201,159,77,27,0,0,761,4,18,155,170,156,93,28,7,0,644,5,22,120,153,181,182,48,5,0,718,8,55,263,318,256,225,33,5,0,1164,14,71,283,283,219,167,48,4,0,1087,11,21,84,66,53,42,16,0,0,293,17,72,179,130,119,53,14,3,0,586,0,3,9,7,6,4,0,0,0,31,3,14,59,73,64,22,13,0,0,250,610,613,1300,1098,833,601,291,94,27,5463,775,1429,4112,3919,3377,2394,840,192,30,17073,0,10,54,54,53,48,25,5,0,255,11,13,74,51,37,33,7,0,0,224,35,267,876,720,797,658,287,70,12,3728,11,73,332,275,246,204,104,32,9,1286,22,71,191,174,184,88,32,11,0,776
797,0,0,0,0,4,0,0,0,0,4,0,0,0,0,0,0,0,0,0,0,0,3,6,9,7,3,0,0,0,29,0,0,0,0,0,0,0,0,0,3,0,0,0,0,0,0,0,0,0,0,0,0,0,0,0,0,0,0,0,0,0,0,0,0,0,0,0,0,0,0,0,0,4,0,0,0,0,0,0,4,0,0,3,0,0,0,0,0,0,3,0,0,0,0,0,0,0,0,0,0,0,0,0,0,0,0,0,0,0,6,0,0,0,0,0,0,0,0,0,0,0,0,0,0,0,0,0,0,0,0,0,3,6,0,0,0,0,0,0,11,0,7,21,8,13,5,0,0,0,58,0,0,0,0,0,0,0,0,0,0,0,0,0,0,0,0,0,0,0,0,0,0,13,6,4,0,0,0,0,27,0,0,0,0,0,0,0,0,0,0,0,0,0,0,0,0,0,0,0,0
799,0,4,0,0,4,0,0,0,0,11,0,0,4,4,0,0,0,0,0,7,3,12,31,20,32,50,23,0,0,179,0,0,17,12,10,15,10,0,0,68,0,0,6,11,5,5,0,0,0,27,0,0,4,0,0,3,0,0,0,16,0,3,0,0,4,13,4,0,0,20,0,0,7,6,3,6,7,0,0,33,0,3,12,9,5,3,6,0,0,37,0,0,4,0,4,4,0,0,0,10,0,4,3,0,0,3,0,0,0,16,0,0,0,0,0,0,0,0,0,0,0,0,6,0,0,0,0,0,0,9,3,13,42,30,24,35,19,0,0,176,8,40,135,98,97,143,73,6,0,609,0,0,0,0,0,0,3,0,0,4,0,0,0,0,0,6,0,0,0,6,0,4,26,18,41,40,37,5,0,174,0,4,10,10,9,10,9,0,0,62,0,0,6,5,0,5,4,0,0,23
801,5,357,1166,1216,1319,1217,644,243,75,6243,121,635,3134,2375,1782,791,154,12,0,9012,65,851,3178,3401,3360,2772,1618,854,217,16321,64,685,1474,1417,1229,1043,686,343,104,7046,13,105,462,496,420,327,179,97,18,2117,7,148,645,688,669,497,221,133,38,3056,10,84,559,602,590,657,404,145,25,3087,68,1075,3613,3464,2952,2093,852,271,124,14513,63,972,3606,3088,2766,2686,1418,517,142,15269,47,447,1091,651,479,315,114,51,17,3203,74,355,779,645,381,202,108,57,9,2608,7,28,14,6,0,13,4,7,0,90,11,91,300,366,340,254,137,89,31,1609,1013,1334,2031,1615,1396,1051,786,640,322,10182,1582,7169,22049,20038,17676,13935,7335,3450,1123,94355,18,451,1336,1179,1280,1196,928,355,126,6866,99,673,3034,3254,2044,1184,355,35,5,10678,52,863,3546,3509,3332,2821,2106,1040,357,17636,75,607,1992,1545,1262,1020,769,441,134,7847,4,111,458,485,444,378,217,119,31,2249
897,0,0,0,0,0,0,0,0,0,0,0,0,0,0,0,0,0,0,0,0,0,0,0,0,0,0,0,0,0,0,0,0,0,0,0,0,0,0,0,0,0,0,0,0,0,0,0,0,0,0,0,0,0,0,0,0,0,0,0,0,0,0,0,0,0,0,0,0,0,0,0,0,0,0,0,0,0,0,0,0,0,0,0,0,0,0,0,0,0,0,0,0,0,0,0,0,0,0,0,0,0,0,0,0,0,0,0,0,0,0,0,0,0,0,0,0,0,0,0,0,0,0,0,0,0,0,0,0,0,0,0,0,0,0,0,0,0,0,0,0,0,0,0,0,0,0,0,0,0,0,0,0,0,0,0,0,0,0,0,0,0,0,0,0,0,0,0,0,0,0,0,0,0,0,0,0,0,0,0,0,0,0,0,0,0,0,0,0,0,0,0,0,0,0,0,0,0,0,0,0
899,0,0,3,3,0,0,3,0,0,10,0,0,3,0,3,0,0,0,0,14,0,4,8,4,3,0,0,0,0,20,0,0,0,0,0,0,0,0,0,8,0,0,0,0,0,3,0,0,0,6,0,0,3,8,0,0,0,0,0,12,0,0,0,4,0,3,0,0,0,10,0,6,11,5,0,5,0,0,0,33,0,0,9,7,0,4,0,0,0,24,0,0,8,0,0,0,0,0,0,4,0,3,6,0,0,0,0,0,0,6,0,0,0,0,0,0,0,0,0,0,0,0,0,0,0,0,0,0,0,7,4,10,10,10,11,9,0,0,0,52,10,21,60,40,30,30,6,0,4,200,0,0,0,0,0,0,0,0,0,3,0,0,0,3,0,0,0,0,0,4,0,3,6,4,4,6,0,0,0,31,0,0,0,0,0,0,0,0,0,6,0,6,0,0,5,0,0,0,0,6
901,0,0,0,6,0,0,0,0,0,12,0,0,8,0,0,0,0,0,0,9,0,7,20,39,49,29,8,0,0,158,0,0,9,10,12,11,6,0,0,44,0,0,7,10,6,3,0,0,0,22,0,0,7,0,0,3,0,0,0,10,0,0,3,10,6,4,0,0,0,27,0,4,11,11,11,5,3,0,0,44,0,0,7,16,7,5,0,0,0,35,0,0,4,0,5,0,0,0,0,3,0,0,5,5,4,0,0,0,0,13,0,0,0,0,0,6,0,0,0,4,0,0,3,0,4,0,0,0,0,5,49,138,445,135,56,33,12,4,4,885,54,166,522,228,157,108,26,3,4,1278,0,0,6,13,6,10,0,4,0,36,0,0,8,3,4,0,0,0,0,11,6,9,44,53,76,73,42,13,3,318,0,5,10,23,29,42,14,10,0,127,0,3,3,12,9,12,0,0,0,41
997,0,0,0,0,0,0,0,0,0,0,0,0,0,0,0,0,0,0,0,0,0,0,0,0,0,0,0,0,0,0,0,0,0,0,0,0,0,0,0,0,0,0,0,0,0,0,0,0,0,0,0,0,0,0,0,0,0,0,0,0,0,0,0,0,0,0,0,0,0,0,0,0,0,0,0,0,0,0,0,0,0,0,0,0,0,0,0,0,0,0,0,0,0,0,0,0,0,0,0,0,0,0,0,0,0,0,0,0,0,0,0,0,0,0,0,0,0,0,0,0,0,0,0,0,0,0,0,0,0,0,0,0,0,0,0,0,0,0,0,0,0,0,0,0,0,0,0,0,0,0,0,0,0,0,0,0,0,0,0,0,0,0,0,0,0,0,0,0,0,0,0,0,0,0,0,0,0,0,0,0,0,0,0,0,0,0,0,0,0,0,0,0,0,0,0,0,0,0,0,0
999,0,0,0,0,0,0,0,0,0,0,0,0,0,0,0,0,0,0,0,0,0,0,0,0,0,0,0,0,0,0,0,0,0,0,0,0,0,0,0,0,0,0,0,0,0,0,0,0,0,0,0,0,0,0,0,0,0,0,0,0,0,0,0,0,0,0,0,0,0,0,0,0,0,0,0,0,0,0,0,0,0,0,0,0,0,0,0,0,0,0,0,0,0,0,0,0,0,0,0,0,0,0,0,0,0,0,0,0,0,0,0,0,0,0,0,0,0,0,0,0,0,0,0,0,0,0,0,0,0,0,0,0,0,0,0,0,0,0,0,0,0,0,0,0,0,0,0,0,0,7,0,0,0,0,0,0,0,0,0,0,0,0,0,0,0,0,0,0,0,0,0,0,0,0,0,0,0,0,0,3,0,0,0,0,0,0,0,0,0,3,0,0,0,0,0,0,0,0,0,0
