SA4_CODE_2021,C16_M_Health_15_19,C16_M_Health_20_24,C16_M_Health_25_34,C16_M_Health_35_44,C16_M_Health_45_54,C16_M_Health_55_64,C16_M_Health_65_74,C16_M_Health_75_84,C16_M_Health_85over,C16_M_Health_Tot,C16_M_Educ_15_19,C16_M_Educ_20_24,C16_M_Educ_25_34,C16_M_Educ_35_44,C16_M_Educ_45_54,C16_M_Educ_55_64,C16_M_Educ_65_74,C16_M_Educ_75_84,C16_M_Educ_85over,C16_M_Educ_Tot,C16_M_MngtCom_15_19,C16_M_MngtCom_20_24,C16_M_MngtCom_25_34,C16_M_MngtCom_35_44,C16_M_MngtCom_45_54,C16_M_MngtCom_55_64,C16_M_MngtCom_65_74,C16_M_MngtCom_75_84,C16_M_MngtCom_85over,C16_M_MngtCom_Tot,C16_M_Soc_cult_15_19,C16_M_Soc_cult_20_24,C16_M_Soc_cult_25_34,C16_M_Soc_cult_35_44,C16_M_Soc_cult_45_54,C16_M_Soc_cult_55_64,C16_M_Soc_cult_65_74,C16_M_Soc_cult_75_84,C16_M_Soc_cult_85over,C16_M_Soc_cult_Tot,C16_M_Creative_art_15_19,C16_M_Creative_art_20_24,C16_M_Creative_art_25_34,C16_M_Creative_art_35_44,C16_M_Creative_art_45_54,C16_M_Creative_art_55_64,C16_M_Creative_art_65_74,C16_M_Creative_art_75_84,C16_M_Creative_art_85over,C16_M_Creative_art_Tot,C16_M_FoodHos_PS_15_19,C16_M_FoodHos_PS_20_24,C16_M_FoodHos_PS_25_34,C16_M_FoodHos_PS_35_44,C16_M_FoodHos_PS_45_54,C16_M_FoodHos_PS_55_64,C16_M_FoodHos_PS_65_74,C16_M_FoodHos_PS_75_84,C16_M_FoodHos_PS_85over,C16_M_Foodhos_PS_Tot,C16_M_MixFld_pr_15_19,C16_M_MixFld_pr_20_24,C16_M_MixFld_pr_25_34,C16_M_MixFld_pr_35_44,C16_M_MixFld_pr_45_54,C16_M_MixFld_pr_55_64,C16_M_MixFld_pr_65_74,C16_M_MixFld_pr_75_84,C16_M_MixFld_pr_85overer,C16_M_MixFld_pr_Tot,C16_M_FldStu_ID_15_19,C16_M_FldStu_ID_20_24,C16_M_FldStu_ID_25_34,C16_M_FldStu_ID_35_44,C16_M_FldStu_ID_45_54,C16_M_FldStu_ID_55_64,C16_M_FldStu_ID_65_74,C16_M_FldStu_ID_75_84,C16_M_FldStu_ID_85over,C16_M_FldStu_ID_Tot,C16_M_FldStu_NS_15_19,C16_M_FldStu_NS_20_24,C16_M_FldStu_NS_25_34,C16_M_FldStu_NS_35_44,C16_M_FldStu_NS_45_54,C16_M_FldStu_NS_55_64,C16_M_FldStu_NS_65_74,C16_M_FldStu_NS_75_84,C16_M_FldStu_NS_85over,C16_M_FldStu_NS_Tot,C16_M_Tot_15_19,C16_M_Tot_20_24,C16_M_Tot_25_34,C16_M_Tot_35_44,C16_M_Tot_45_54,C16_M_Tot_55_64,C16_M_Tot_65_74,C16_M_Tot_75_84,C16_M_Tot_85over,C16_M_Tot_Tot,C21_M_NatPhy_sci_15_19,C21_M_NatPhy_sci_20_24,C21_M_NatPhy_sci_25_34,C21_M_NatPhy_sci_35_44,C21_M_NatPhy_sci_45_54,C21_M_NatPhy_sci_55_64,C21_M_NatPhy_sci_65_74,C21_M_NatPhy_sci_75_84,C21_M_NatPhy_sci_85over,C21_M_NatPhy_sci_Tot,C21_M_InfTec_15_19,C21_M_InfTec_20_24,C21_M_InfTec_25_34,C21_M_InfTec_35_44,C21_M_InfTec_45_54,C21_M_InfTec_55_64,C21_M_InfTec_65_74,C21_M_InfTec_75_84,C21_M_InfTec_85over,C21_M_InfTec_Tot,C21_M_EngRT_15_19,C21_M_EngRT_20_24,C21_M_EngRT_25_34,C21_M_EngRT_35_44,C21_M_EngRT_45_54,C21_M_EngRT_55_64,C21_M_EngRT_65_74,C21_M_EngRT_75_84,C21_M_EngRT_85over,C21_M_EngRT_Tot,C21_M_ArchBuild_15_19,C21_M_ArchBuild_20_24,C21_M_ArchBuild_25_34,C21_M_ArchBuild_35_44,C21_M_ArchBuild_45_54,C21_M_ArchBuild_55_64,C21_M_ArchBuild_65_74,C21_M_ArchBuild_75_84,C21_M_ArchBuild_85over,C21_M_ArchBuild_Tot,C21_M_AgEnv_RS_15_19,C21_M_AgEnv_RS_20_24,C21_M_AgEnv_RS_25_34,C21_M_AgEnv_RS_35_44,C21_M_AgEnv_RS_45_54,C21_M_AgEnv_RS_55_64,C21_M_AgEnv_RS_65_74,C21_M_AgEnv_RS_75_84,C21_M_AgEnv_RS_85over,C21_M_AgEnv_RS_Tot,C21_M_Health_15_19,C21_M_Health_20_24,C21_M_Health_25_34,C21_M_Health_35_44,C21_M_Health_45_54,C21_M_Health_55_64,C21_M_Health_65_74,C21_M_Health_75_84,C21_M_Health_85over,C21_M_Health_Tot,C21_M_Educ_15_19,C21_M_Educ_20_24,C21_M_Educ_25_34,C21_M_Educ_35_44,C21_M_Educ_45_54,C21_M_Educ_55_64,C21_M_Educ_65_74,C21_M_Educ_75_84,C21_M_Educ_85over,C21_M_Educ_Tot,C21_M_MngtCom_15_19,C21_M_MngtCom_20_24,C21_M_MngtCom_25_34,C21_M_MngtCom_35_44,C21_M_MngtCom_45_54,C21_M_MngtCom_55_64,C21_M_MngtCom_65_74,C21_M_MngtCom_75_84,C21_M_MngtCom_85over,C21_M_MngtCom_Tot,C21_M_Soc_cult_15_19,C21_M_Soc_cult_20_24,C21_M_Soc_cult_25_34,C21_M_Soc_cult_35_44,C21_M_Soc_cult_45_54,C21_M_Soc_cult_55_64,C21_M_Soc_cult_65_74,C21_M_Soc_cult_75_84,C21_M_Soc_cult_85over,C21_M_Soc_cult_Tot,C21_M_Creative_art_15_19,C21_M_Creative_art_20_24,C21_M_Creative_art_25_34,C21_M_Creative_art_35_44,C21_M_Creative_art_45_54,C21_M_Creative_art_55_64,C21_M_Creative_art_65_74,C21_M_Creative_art_75_84,C21_M_Creative_art_85over,C21_M_Creative_art_Tot
101,9,40,225,296,350,425,262,123,27,1757,4,25,169,311,325,627,466,144,28,2101,47,220,760,1013,1221,1039,814,238,61,5418,35,139,546,806,900,833,683,211,47,4202,13,68,203,162,196,216,145,57,12,1070,39,152,486,434,393,319,226,71,19,2136,5,4,9,8,11,17,19,10,6,88,9,30,80,151,178,154,116,45,23,787,786,614,1312,1434,1704,1621,1532,1068,433,10501,1139,2614,7776,9080,10748,10758,8495,3861,1139,55604,0,33,188,233,326,336,388,191,24,1715,13,143,569,593,418,315,188,39,5,2283,60,527,2278,2273,2680,3183,2795,1330,323,15438,77,519,1518,1278,1355,1514,1106,474,136,7974,33,112,401,492,637,730,555,243,56,3273,3,81,380,346,422,455,395,145,50,2271,6,40,241,332,400,527,667,261,47,2515,33,225,1041,1262,1405,1377,1048,413,81,6875,16,159,695,952,1105,1025,898,351,61,5261,10,74,267,263,228,237,197,70,20,1359
102,26,114,614,702,641,632,309,178,72,3278,5,86,446,492,507,847,608,258,85,3332,76,419,1391,1969,1963,1737,1403,570,164,9695,49,279,899,965,954,778,616,237,87,4859,59,235,434,405,291,270,154,81,29,1947,48,245,623,649,556,401,339,164,40,3074,15,12,16,13,16,16,26,46,10,165,5,42,112,170,202,171,126,61,31,935,847,664,1294,1409,1629,1585,1582,1386,866,11258,1421,3846,11811,13500,14299,13382,10771,6041,2426,77496,0,75,266,290,338,272,319,167,26,1753,32,183,568,895,619,367,164,32,4,2850,97,659,2675,3045,3713,4542,3932,2474,671,21808,162,784,2197,2324,2209,2001,1461,797,225,12157,19,109,476,506,507,402,233,129,33,2422,25,180,765,826,779,713,516,217,68,4092,0,88,536,592,546,690,902,326,95,3779,76,409,1611,2354,2410,2097,1784,891,185,11816,45,310,1020,1162,1190,976,812,411,67,5997,56,271,597,583,423,279,226,97,28,2556
103,10,92,356,327,330,342,207,79,25,1767,4,39,248,296,321,508,295,105,21,1833,41,229,746,800,858,728,512,176,39,4128,30,125,401,409,487,401,322,97,33,2307,19,62,137,123,117,87,99,24,10,663,36,148,379,360,322,233,173,71,11,1734,13,19,9,6,9,14,15,19,10,101,13,24,69,97,127,97,54,30,10,530,881,955,1632,1497,1681,1563,1554,988,364,11106,1298,3161,8232,8165,8775,8245,6386,2981,873,48117,5,38,147,141,176,163,163,72,17,921,4,76,221,245,166,123,65,19,0,920,117,753,2775,2537,2712,2848,2194,1014,227,15182,81,437,995,943,852,909,624,294,74,5198,33,117,441,496,635,689,555,315,57,3341,15,86,408,400,359,392,294,134,27,2106,0,44,249,336,366,389,465,166,43,2059,25,169,840,987,989,905,690,266,55,4912,10,140,477,519,577,453,410,150,46,2790,0,67,162,150,139,110,104,55,3,790
104,5,39,226,279,303,319,173,72,29,1449,0,22,140,185,230,522,373,155,22,1647,42,130,352,517,600,670,469,183,54,3016,19,68,254,392,398,462,314,96,33,2037,11,36,129,137,94,157,96,35,5,700,26,109,292,253,243,222,170,67,20,1412,3,12,8,4,9,6,8,10,3,71,0,17,33,74,92,92,82,42,19,452,477,347,697,727,840,1017,919,720,333,6076,710,1512,4138,4825,5724,6861,5353,2626,892,32637,3,13,102,99,127,132,192,77,18,762,8,58,180,174,114,114,80,23,3,756,41,298,1065,1092,1339,1869,1924,988,254,8880,39,204,638,691,766,973,837,339,104,4591,17,67,273,324,358,334,236,76,24,1711,11,56,278,340,378,355,252,103,31,1811,0,25,182,253,267,358,576,227,40,1930,38,115,425,595,677,730,687,262,61,3586,9,72,352,446,532,483,458,152,31,2528,8,52,151,175,138,118,131,41,9,823
105,0,39,157,162,152,142,84,29,15,783,4,19,182,161,163,224,118,24,13,906,13,98,452,416,436,342,196,49,16,2026,11,68,290,244,244,194,119,29,8,1200,0,20,42,36,24,51,32,9,3,210,20,85,211,185,136,126,90,28,6,886,5,3,5,0,7,6,17,6,5,63,4,13,37,54,48,56,39,17,6,276,478,532,1143,929,1015,1007,893,560,255,6819,684,1659,4675,4151,4385,4259,2981,1382,484,24667,0,10,63,53,65,63,39,20,3,314,0,30,134,148,57,50,26,0,0,442,72,343,1358,1089,1099,1239,947,416,111,6665,30,169,503,386,355,438,288,142,37,2347,25,88,304,299,356,367,241,132,28,1853,5,51,236,201,147,167,94,45,7,947,0,25,172,153,183,170,169,48,15,926,6,87,603,516,421,422,232,101,16,2403,4,70,322,292,284,205,159,43,10,1395,0,15,78,38,32,27,25,8,5,227
106,20,67,282,335,388,447,236,104,24,1900,4,35,249,284,354,556,426,134,36,2087,47,266,907,1107,1135,1003,774,280,40,5555,41,172,439,491,458,456,318,137,29,2549,25,76,146,119,98,97,102,34,13,713,48,192,545,570,392,279,246,120,20,2403,21,11,16,20,9,23,27,17,6,147,17,39,109,155,164,126,90,57,13,770,825,778,1729,1627,1673,1559,1476,995,423,11081,1277,3697,10793,11275,11551,10621,8150,3787,1074,62216,0,46,160,195,199,207,252,102,21,1179,15,104,382,363,218,169,100,24,0,1377,184,1153,4878,4700,4834,5111,3939,1860,366,27033,85,540,1301,1216,1197,1241,975,507,114,7173,35,134,347,467,463,374,254,126,32,2230,16,94,393,465,442,486,374,154,31,2449,6,43,307,323,395,436,597,208,47,2356,55,274,1166,1416,1385,1286,1047,489,82,7200,33,217,692,657,642,551,506,188,44,3517,35,126,244,205,143,115,111,48,6,1043
107,24,144,672,711,598,528,256,110,49,3088,3,88,505,541,509,898,509,184,59,3290,75,598,1516,1773,1665,1383,856,247,72,8181,55,385,1026,978,827,762,442,152,43,4676,42,267,484,360,242,196,86,33,10,1718,57,250,519,499,395,258,215,100,28,2324,25,23,13,14,16,11,27,31,7,165,15,50,126,160,174,135,81,41,23,805,666,704,1300,1213,1347,1303,1301,1120,540,9483,1245,5117,13330,13479,13292,12288,8550,4454,1533,73294,0,196,483,385,375,349,363,194,23,2375,27,273,825,878,455,296,132,23,3,2917,103,1014,4174,3808,4450,5279,4175,2087,569,25667,161,941,2191,1831,1772,1410,909,554,186,9951,15,127,368,358,373,249,170,69,7,1742,23,190,960,865,705,626,417,171,45,3995,0,94,648,656,593,682,833,267,83,3859,66,558,1900,2148,2013,1712,1265,446,95,10204,55,426,1253,1237,1082,880,651,245,70,5896,44,299,630,513,348,223,136,39,12,2238
108,12,64,292,385,446,540,290,117,56,2207,5,37,210,318,366,733,607,231,64,2576,47,145,480,718,813,966,944,376,121,4609,19,127,325,439,559,616,442,159,33,2715,15,45,104,100,112,170,129,59,22,755,43,152,399,453,351,358,304,114,31,2199,6,10,8,10,11,18,21,30,11,122,10,23,44,80,109,103,132,59,22,580,746,534,985,1000,1383,1586,1783,1402,716,10127,1095,2097,5471,6820,8569,10449,9736,5146,1821,51192,0,17,64,103,123,171,253,132,33,903,24,74,218,227,184,169,167,37,6,1102,87,451,1405,1634,2216,3213,3743,2167,533,15453,64,355,934,1011,1222,1519,1447,682,185,7416,15,84,290,354,506,472,363,162,30,2285,22,89,469,458,519,581,473,191,58,2856,3,28,262,335,439,581,906,350,87,2986,57,159,587,806,1022,1140,1257,614,146,5787,26,129,443,554,668,713,634,253,54,3475,17,58,143,145,139,155,174,67,19,918
109,5,26,170,185,185,186,119,29,14,915,0,24,138,156,187,253,165,73,12,998,15,122,448,551,502,496,337,123,33,2625,25,78,226,252,241,211,138,43,8,1217,9,30,84,61,56,54,36,9,6,340,22,85,238,221,185,131,91,43,21,1038,8,17,13,5,8,6,18,7,3,82,0,15,41,60,65,54,28,22,9,286,446,387,627,628,748,885,873,647,274,5512,661,1632,4341,4316,4524,4786,3611,1813,606,26292,0,15,36,70,79,63,76,36,4,377,10,38,163,140,86,65,36,7,0,545,50,372,1338,1166,1274,1487,1317,606,126,7727,38,249,684,514,490,543,456,197,69,3244,17,90,343,416,464,422,326,145,39,2269,8,54,223,236,212,197,163,64,11,1165,0,32,182,186,202,234,255,103,19,1226,8,110,511,632,627,601,442,173,38,3132,7,68,279,298,317,231,202,64,17,1487,8,38,83,84,53,45,46,22,4,376
110,12,62,269,259,265,294,136,78,14,1391,0,26,205,242,305,418,271,95,31,1591,39,152,633,661,690,618,411,157,29,3393,39,127,403,477,484,440,313,102,16,2402,3,41,97,83,93,84,75,24,9,507,47,114,340,305,207,208,138,56,12,1419,15,15,11,7,12,11,21,21,3,112,5,25,73,73,105,95,66,31,0,480,886,611,1209,1196,1348,1480,1330,916,326,9307,1285,2446,6660,6575,7041,7113,5330,2614,686,39742,4,32,146,149,154,144,174,82,15,889,10,64,186,185,109,83,50,3,0,687,108,572,1945,1747,1691,1970,1625,784,177,10623,68,252,776,646,641,689,564,291,74,3990,45,160,490,636,706,602,472,270,50,3428,11,66,322,296,270,293,240,100,30,1633,3,36,229,250,288,329,405,149,24,1704,27,153,691,751,732,694,499,229,43,3815,14,113,475,473,547,471,395,167,25,2683,7,40,129,98,93,86,93,24,7,575
111,21,179,1104,1050,932,932,448,177,71,4923,6,82,616,664,680,1086,701,307,79,4229,106,594,2099,2291,2105,1803,1220,434,104,10753,74,428,1075,1138,1077,961,623,268,83,5735,52,288,611,395,258,214,129,48,8,2011,60,275,723,633,476,350,255,134,34,2953,12,25,30,11,14,21,23,27,16,176,13,67,153,199,215,176,107,53,21,987,641,661,1432,1314,1612,1540,1562,1282,824,10873,1271,5250,16658,16059,16295,15339,11444,5871,2281,90475,0,139,576,506,437,362,418,205,46,2704,25,247,840,959,533,314,166,41,0,3116,139,1153,5229,5146,5333,5946,5352,2820,850,31972,157,921,2462,2131,1986,1787,1312,726,231,11708,13,118,432,439,486,342,219,102,20,2177,29,269,1398,1272,1121,987,700,277,89,6148,14,113,754,803,779,902,1048,462,124,4995,78,636,2405,2902,2694,2187,1592,722,147,13364,81,407,1493,1370,1351,1067,911,382,107,7166,64,368,768,636,388,282,164,80,22,2757
112,16,61,373,582,670,742,364,142,49,2997,4,36,258,440,520,932,672,252,78,3188,46,185,727,1039,1078,1120,862,332,116,5500,34,162,442,659,781,845,629,175,47,3779,24,137,301,371,317,337,207,62,17,1774,50,175,550,615,482,394,274,115,28,2694,5,12,9,20,17,23,34,15,21,160,11,19,74,115,159,151,113,60,25,727,844,587,1141,1339,1676,1976,1618,1182,684,11047,1210,2406,7353,9455,10735,12071,9135,4408,1724,58498,0,43,176,238,281,306,363,136,34,1576,22,97,243,326,249,215,146,29,8,1317,100,440,1740,1966,2156,2947,2850,1550,434,14173,51,318,1308,1493,1574,1693,1328,556,170,8486,30,137,406,575,623,606,429,132,37,2985,16,83,499,658,775,760,544,207,43,3573,3,41,290,509,571,692,963,354,96,3515,44,198,875,1361,1373,1283,1193,472,132,6927,25,149,597,775,975,962,949,299,67,4814,38,161,482,577,485,352,283,92,17,2487
113,9,56,308,240,221,199,117,39,16,1193,0,36,217,262,244,341,203,76,25,1401,36,182,633,656,637,537,295,94,19,3097,23,97,359,360,320,287,147,63,13,1668,14,49,143,92,65,68,38,17,4,484,38,116,296,240,202,193,103,43,13,1240,11,7,18,8,21,13,13,12,3,113,10,18,70,85,98,83,44,18,12,447,594,598,1209,1191,1213,1188,979,732,290,7991,963,2524,6595,6286,6233,5893,3918,1931,624,34964,3,26,124,135,126,112,97,39,7,671,8,64,247,230,101,70,47,5,0,775,95,648,1977,1745,1720,1775,1287,561,143,9946,56,328,860,675,562,652,463,198,64,3863,30,126,400,501,585,560,414,211,54,2867,12,65,379,314,236,246,168,60,15,1491,6,28,246,244,254,294,310,104,24,1507,32,173,732,764,769,636,433,164,32,3741,16,123,459,444,426,306,221,85,22,2101,4,50,143,113,81,67,57,24,5,547
114,7,48,145,240,273,327,222,139,46,1447,4,24,121,212,273,481,397,156,35,1698,31,119,429,543,625,749,896,336,67,3795,23,83,300,343,426,485,512,239,55,2464,12,52,112,147,128,137,122,42,14,763,24,127,285,298,254,224,197,70,20,1507,9,7,7,4,10,10,16,18,7,88,9,8,53,78,80,83,74,45,13,449,467,408,848,860,922,946,1105,818,417,6790,699,1705,4803,5433,6377,7302,7101,3751,1182,38349,0,33,100,96,158,191,259,121,34,988,5,48,165,212,131,143,89,26,3,826,52,335,1413,1501,1726,2511,2523,1589,384,12025,71,371,962,953,950,1011,940,476,126,5856,15,73,260,273,291,313,241,106,28,1590,3,49,263,297,298,361,316,181,55,1825,6,18,169,220,305,405,583,247,62,2014,30,150,609,770,856,957,1058,559,100,5090,22,105,346,439,503,569,643,336,76,3042,15,48,181,178,178,162,157,69,21,1014
115,4,163,415,513,570,429,302,138,38,2562,0,44,223,283,358,504,323,133,36,1910,59,607,2013,3108,3244,2492,1539,415,105,13587,36,365,755,748,728,707,453,171,43,3998,29,270,411,310,196,132,93,33,8,1478,31,102,232,284,280,183,115,52,6,1285,4,4,14,9,3,12,14,10,0,62,8,31,97,130,151,112,67,44,20,667,405,305,532,717,855,637,597,373,290,4719,765,3350,8782,12578,13191,10565,7044,2836,964,60069,0,176,307,363,478,492,418,212,53,2492,23,266,813,2855,1631,746,268,40,3,6641,67,596,1994,3410,3829,3805,2874,1458,373,18410,113,706,1244,1376,1562,1136,616,367,103,7215,13,74,207,278,287,259,179,78,27,1395,10,183,619,640,673,527,379,200,54,3280,0,37,266,326,380,383,446,190,64,2090,59,687,2307,4370,4081,2891,2013,806,161,17380,28,359,965,902,976,784,608,258,72,4954,33,227,476,422,254,187,105,72,15,1796
116,23,225,779,591,476,353,140,35,19,2638,0,76,394,405,313,366,200,64,20,1838,105,974,4166,4093,2379,1598,803,187,49,14352,50,379,1140,1050,839,652,330,103,25,4553,41,264,623,360,169,128,79,31,5,1699,64,193,896,594,378,247,131,58,8,2563,17,18,42,33,29,19,28,9,3,200,14,64,256,305,259,187,83,32,16,1220,881,928,2071,1931,1638,1255,958,560,216,10432,1492,5223,17722,18753,13647,10146,5614,2198,594,75392,3,158,451,595,512,449,294,79,23,2566,32,638,2476,5359,1661,468,160,26,0,10820,94,935,4074,5958,4658,4256,2652,1046,244,23927,112,622,1519,1345,1211,776,513,243,57,6405,12,75,267,267,272,244,105,42,4,1288,27,285,1067,889,632,407,237,77,14,3633,3,63,459,388,399,314,307,133,22,2086,106,1076,4653,6668,3561,2073,1210,388,47,19786,42,442,1365,1289,1048,770,494,184,29,5658,31,304,726,516,250,145,100,29,9,2109
117,10,192,1448,971,688,466,268,102,32,4174,15,75,576,424,483,500,276,84,23,2455,79,2233,9500,5357,2847,1519,715,173,42,22469,38,843,4239,2660,1895,1419,791,246,46,12177,55,776,3564,1996,1030,504,177,52,14,8160,40,404,1474,894,570,237,122,43,8,3800,60,106,75,35,33,32,17,20,3,379,16,113,486,366,262,174,79,39,13,1536,747,2468,6276,3476,2495,1783,1188,754,298,19486,1169,9592,38816,22827,14588,9510,5373,2289,680,104842,3,522,1834,999,642,445,299,131,34,4915,19,767,3263,2664,1119,447,141,15,3,8427,36,897,5685,3016,1974,1783,1135,633,184,15343,26,367,2270,1460,1002,734,443,208,60,6565,3,65,327,237,204,149,83,27,6,1108,8,235,1968,1263,809,605,405,182,40,5508,4,59,691,535,475,505,391,134,28,2813,43,2020,10394,7226,3877,2268,1128,352,51,27351,27,783,4943,3200,2230,1703,1133,399,72,14491,50,810,3970,2603,1355,731,287,85,17,9907
118,8,113,950,840,765,709,533,322,156,4394,6,53,376,332,304,351,258,108,45,1834,56,1032,5418,4940,3384,2037,1082,389,146,18496,26,473,2437,2101,1852,1318,1033,344,106,9691,31,350,1408,1144,624,353,188,64,21,4171,21,117,547,478,317,197,138,74,29,1922,51,53,32,15,9,13,16,20,3,211,14,67,212,268,195,127,81,37,17,1017,594,1199,3230,2359,1787,1296,1137,757,433,12795,885,5225,21668,17566,13190,9341,6750,3297,1419,79338,3,176,828,563,521,408,326,216,39,3081,10,191,852,1109,672,363,170,22,0,3394,21,419,3116,1964,1602,1733,1442,909,320,11532,41,292,1847,1340,1011,756,525,280,78,6160,10,30,240,143,160,151,63,41,18,846,9,113,1106,846,804,795,620,413,152,4856,0,35,388,305,285,328,295,136,42,1811,35,866,5574,5239,4248,2611,1543,659,173,20937,23,362,2609,2201,2092,1529,1227,562,134,10743,28,318,1397,1178,730,490,238,84,23,4489
119,22,415,1531,1037,943,651,332,194,61,5176,10,129,604,562,607,744,479,192,62,3395,154,2356,10330,6424,4235,2663,1473,469,171,28276,79,748,2241,1899,1541,1364,679,243,79,8881,40,496,1190,818,478,335,181,87,20,3649,58,298,1793,1139,807,440,292,132,41,5016,46,78,91,60,67,65,66,37,22,519,23,90,345,391,369,279,157,71,41,1758,1231,1445,3622,2749,2513,2146,1776,1421,927,17842,1992,9514,34676,27478,22377,16807,10589,5719,2452,131611,8,342,973,738,718,847,454,199,59,4341,53,1869,4165,4237,1996,923,220,31,0,13506,86,1254,5971,5220,5571,6183,4065,2230,839,31418,144,1036,2791,2448,2364,1560,975,597,210,12126,10,62,280,301,270,262,141,69,18,1420,26,483,2006,1248,961,894,458,232,84,6393,6,108,803,585,586,685,630,289,100,3791,112,2112,10020,8380,5174,3532,2018,724,199,32267,71,738,2633,2258,1860,1497,1010,365,102,10526,60,464,1381,1072,666,411,220,108,30,4414
120,9,209,1148,827,729,601,400,202,79,4197,5,69,469,403,387,498,334,125,38,2330,77,1399,6376,4679,3215,2012,1064,257,80,19149,17,470,1907,1873,1532,1301,769,227,56,8158,32,475,1331,1039,647,399,176,56,10,4163,24,218,951,591,395,198,131,65,25,2602,24,43,43,29,20,28,20,22,5,230,10,66,229,245,186,148,71,39,14,1016,501,920,2475,1735,1399,1096,855,573,313,9862,777,5536,22802,18016,14019,10289,6308,2769,1052,81569,0,247,816,631,610,581,351,179,42,3445,26,1417,2651,2420,1213,559,169,22,4,8483,30,475,3480,2673,2384,2598,1852,967,282,14737,38,329,1361,1227,1222,966,594,319,93,6141,4,38,212,173,163,173,101,29,12,903,10,257,1412,942,782,691,535,295,96,5022,0,42,509,373,367,425,469,200,62,2445,46,1301,6161,5495,3884,2698,1492,500,94,21662,14,490,2258,1961,1778,1408,1035,384,95,9434,43,441,1638,1301,802,495,265,72,15,5064
121,11,203,1124,1188,1093,974,779,487,225,6097,6,57,431,491,473,551,410,255,80,2763,53,1196,6825,8021,7339,4951,3242,1380,427,33434,36,556,2404,2743,2933,2396,1695,763,244,13767,51,457,1335,1124,731,484,266,141,42,4636,45,164,663,571,403,221,138,54,19,2288,21,19,14,18,18,19,17,11,3,141,8,65,226,296,278,201,131,57,52,1318,601,617,1965,1775,1430,1205,967,681,552,9792,924,4741,22805,26161,23110,17365,12398,6424,2627,116558,3,341,953,987,1147,1045,903,644,173,6198,29,528,1979,4315,2538,1277,446,88,12,11200,26,484,3171,4301,3800,3771,2967,2150,781,21453,26,338,1168,1164,1271,1108,811,480,179,6550,13,72,239,316,343,271,173,115,48,1595,10,229,1382,1373,1308,1079,870,618,265,7133,3,44,513,472,493,511,538,344,110,3026,41,1326,6260,9163,8417,6107,3880,1982,556,37734,41,568,2519,2730,3225,2591,2047,1106,310,15138,58,490,1355,1315,882,580,373,122,57,5238
122,13,100,452,516,474,375,261,174,79,2434,5,44,297,405,391,479,321,160,46,2143,25,565,2706,4002,3820,2535,1710,692,219,16292,27,273,1024,1483,1353,1042,742,263,81,6295,45,285,742,752,513,339,208,81,26,2990,23,138,454,488,425,227,121,75,14,1957,5,14,14,11,14,6,10,9,5,81,12,31,109,207,180,126,94,46,27,835,429,373,998,1169,1107,880,760,622,428,6761,671,2932,11398,15456,14787,10740,7743,4122,1634,69482,6,122,359,439,667,543,425,245,56,2867,11,233,587,1058,1015,603,173,36,5,3728,44,374,1920,2215,2859,2992,2241,1616,541,14796,52,492,1592,1684,1752,1375,819,498,198,8467,10,82,281,303,364,302,130,79,24,1574,14,115,569,544,547,453,326,235,102,2905,0,29,294,368,406,429,437,210,60,2230,33,574,2880,4185,4685,3351,2098,1072,266,19148,16,304,1158,1425,1695,1251,919,467,102,7343,40,279,775,870,697,409,263,124,26,3483
123,18,141,432,395,368,297,148,57,17,1866,3,82,339,371,364,427,266,91,18,1964,76,502,1850,2016,1641,1250,680,142,37,8200,47,291,954,903,620,488,258,57,13,3627,45,221,430,216,137,126,73,23,8,1274,35,147,514,456,350,217,150,49,6,1921,17,11,9,14,15,17,23,14,3,113,11,50,141,164,177,133,95,21,6,795,715,650,1252,1220,1121,990,922,572,292,7742,1280,4122,11998,12173,10560,9150,5673,2210,659,57825,0,98,258,268,268,226,169,61,16,1375,23,305,954,1630,614,238,93,14,0,3864,105,837,3290,3726,3950,3826,2821,1158,215,19928,169,819,1861,1644,1383,907,653,271,69,7784,14,99,296,320,248,213,132,48,10,1364,24,162,615,624,448,340,227,84,14,2535,0,49,427,412,403,400,366,164,25,2242,45,467,2046,3167,2187,1502,949,289,36,10678,49,334,1078,1027,877,561,396,111,24,4465,37,232,535,343,157,110,90,34,9,1545
124,24,154,477,476,470,482,237,95,24,2438,8,84,467,543,565,826,489,155,39,3173,73,556,1883,2100,1815,1732,988,297,65,9505,61,387,1137,1100,938,852,573,188,38,5269,42,277,484,412,349,292,163,48,7,2076,59,247,625,509,366,252,179,75,23,2335,11,28,23,17,16,22,31,18,0,162,10,56,151,210,218,152,90,53,19,953,746,805,1798,1629,1475,1358,1125,674,281,9896,1351,4994,14097,13946,13050,11917,7822,3155,885,71212,3,112,343,310,355,340,310,143,23,1934,27,283,902,1322,600,287,157,25,0,3591,104,910,3668,3921,4119,4212,3035,1451,317,21728,148,997,2174,1778,1551,1197,828,356,82,9108,21,143,501,424,406,336,153,78,19,2074,18,184,703,618,572,521,360,129,48,3148,6,78,528,588,561,669,735,236,52,3456,73,525,2123,2776,2212,1832,1391,444,92,11462,48,405,1334,1297,1193,944,792,287,66,6364,60,274,707,600,422,347,227,73,8,2726
125,18,299,1438,1009,650,475,231,143,28,4290,10,110,507,449,451,508,369,148,43,2597,122,1854,8714,5764,2984,2119,1173,392,110,23231,56,622,1834,1441,1218,1040,504,210,59,6983,30,310,863,529,336,213,111,42,7,2459,35,234,1359,757,419,285,143,80,20,3333,22,59,97,69,51,56,44,20,8,420,7,77,363,312,250,161,105,51,16,1339,959,1559,4435,3179,2212,1730,1267,892,475,16704,1499,7776,32463,25466,16557,12653,7689,3908,1395,109398,7,292,1011,807,674,597,437,211,40,4077,52,1775,5169,5795,1881,739,223,31,0,15658,69,1047,6441,6091,4178,4335,2875,1565,489,27089,97,740,2066,1904,1624,1108,598,327,115,8583,9,50,224,241,253,219,122,54,23,1199,14,400,1969,1203,727,570,333,165,49,5434,7,102,645,476,432,483,455,229,66,2884,82,1820,8885,8025,3974,2539,1603,583,153,27657,39,551,2118,1755,1322,1190,746,308,83,8111,44,336,988,721,401,255,155,52,11,2965
126,0,162,583,498,426,406,276,163,73,2593,4,36,196,188,226,321,235,126,42,1362,34,980,3653,2808,2285,1660,906,364,127,12808,24,303,928,881,825,744,490,185,63,4448,16,231,540,359,254,150,103,33,21,1702,20,128,380,282,216,105,81,31,10,1259,13,23,12,6,13,13,11,10,3,101,0,42,119,123,123,92,55,27,21,603,259,349,765,666,571,491,395,361,311,4172,429,3169,11691,10764,9212,7369,4763,2461,1138,50986,0,182,622,498,451,520,414,207,66,2967,9,334,1567,2499,1210,689,212,37,0,6566,16,340,2344,2521,1976,2251,1708,899,364,12414,18,221,679,666,665,569,366,212,77,3475,0,37,117,118,121,149,86,48,8,690,4,166,875,628,495,412,347,206,96,3233,0,54,264,228,206,251,286,162,56,1503,23,866,3886,3896,2831,2029,1333,483,166,15510,20,277,1116,1002,941,807,643,290,83,5175,16,247,654,516,335,185,104,51,18,2122
127,27,289,802,586,422,304,150,53,14,2643,8,116,450,363,429,380,263,91,15,2120,122,1128,3451,2807,2020,1313,604,175,32,11642,66,557,1178,934,790,592,275,97,11,4498,36,295,563,335,176,147,70,30,7,1652,50,224,651,579,460,248,166,58,13,2452,29,28,44,50,48,44,46,26,12,325,18,69,200,266,287,178,130,52,12,1219,1156,1203,2396,2158,2101,1749,1213,791,314,13090,1825,6522,17367,15922,14481,10649,6237,2760,749,76511,6,200,486,413,450,385,278,80,13,2312,38,557,1819,2449,1019,395,97,17,0,6380,142,971,4247,4301,4689,4726,2946,1282,277,23575,141,966,2309,1832,1666,1199,622,352,69,9163,7,47,181,212,187,170,132,34,4,992,24,375,1367,803,625,387,249,86,22,3941,4,125,661,459,451,391,356,189,49,2691,121,1040,4201,4318,2719,1781,1022,283,58,15550,69,589,1717,1331,1010,762,451,154,32,6118,30,294,766,519,245,138,88,36,4,2131
128,11,125,409,436,395,385,180,115,49,2101,0,73,349,344,395,616,344,144,33,2298,30,522,1824,2371,2299,2102,1248,416,141,10954,27,332,930,870,776,601,386,146,44,4118,31,217,455,354,206,143,104,38,15,1563,19,118,331,379,289,184,143,63,21,1535,0,4,11,9,14,8,12,7,4,69,6,23,106,126,141,126,70,31,7,646,317,289,730,842,787,709,572,488,325,5056,576,3270,10142,11654,11371,10029,6673,3393,1373,58477,0,98,307,314,357,331,314,165,34,1920,16,157,500,965,564,327,129,11,0,2680,50,671,2363,2593,3387,3635,2884,1703,579,17871,105,708,1676,1612,1662,1197,722,407,176,8268,4,73,212,234,238,193,110,50,15,1110,6,141,528,525,456,442,267,142,64,2573,7,56,393,359,415,484,500,217,50,2483,32,469,1890,2771,2758,2244,1687,639,175,12666,40,273,1095,1037,992,712,543,195,44,4926,31,236,568,497,309,155,130,46,14,1976
197,0,0,0,0,0,0,0,0,0,0,0,0,0,0,0,0,0,0,0,0,0,0,0,0,0,0,0,0,0,7,0,0,0,0,0,0,0,0,0,3,0,0,0,0,0,0,0,0,0,0,0,0,0,3,3,0,6,0,0,5,0,0,0,0,0,0,0,0,0,0,0,0,0,0,0,0,0,0,0,4,0,3,0,0,0,5,9,5,0,23,0,7,10,13,9,9,32,10,5,95,0,0,0,0,0,0,0,0,0,0,0,0,0,0,0,0,0,0,0,0,0,0,0,0,0,0,0,0,0,0,0,0,0,0,0,0,0,0,0,0,0,0,0,0,0,0,0,0,0,0,0,0,0,0,0,0,0,0,0,0,0,0,0,0,0,0,0,0,0,0,0,0,0,0,0,0,0,0,0,0,0,0,0,0,0,0,0,0,0,0,0,0,0,0,0,0,0,0,0,0
199,0,6,37,24,16,17,13,6,3,122,0,0,14,15,12,16,19,0,0,78,8,50,116,54,55,39,35,4,0,360,5,38,57,29,28,33,25,4,0,225,0,9,42,21,17,8,8,0,0,105,3,18,44,24,13,12,6,0,0,122,4,3,5,3,0,3,0,0,0,21,0,8,10,9,6,9,6,0,0,45,82,182,510,506,476,323,173,55,13,2307,108,439,1170,912,812,697,454,92,19,4704,0,0,26,15,8,4,7,3,0,69,0,4,29,20,10,9,9,0,0,90,0,18,115,82,73,126,100,27,0,541,0,8,70,28,36,48,32,4,0,230,4,0,9,13,14,17,8,9,0,72,0,4,33,14,26,7,11,0,0,91,0,0,11,10,11,15,20,4,0,63,0,13,64,54,50,43,34,11,0,263,3,9,47,43,32,38,29,0,0,201,3,10,28,19,10,8,9,3,0,95
201,5,80,308,321,353,378,203,76,22,1755,3,53,284,337,321,496,487,150,28,2161,26,248,693,873,882,688,397,134,28,3959,35,149,359,434,439,413,315,100,19,2268,57,150,216,201,175,150,125,24,0,1100,21,115,341,310,237,206,129,54,17,1436,3,11,13,5,15,14,14,12,6,87,3,23,74,112,132,97,86,25,8,567,491,423,747,832,996,993,1052,678,288,6498,813,2352,6225,6444,6783,6488,5098,2242,680,37121,0,51,151,166,185,172,172,64,12,973,15,106,419,470,249,167,99,19,0,1545,66,424,1624,1638,1842,1886,1699,825,175,10176,69,394,1210,934,749,702,507,266,74,4902,22,111,303,340,385,376,230,113,26,1911,7,102,449,394,444,413,300,125,31,2261,3,42,329,363,384,411,606,285,47,2472,30,158,792,1016,1119,933,672,218,41,4974,36,151,569,507,624,497,519,143,39,3072,35,140,329,318,234,183,154,65,9,1468
202,10,93,303,322,344,370,174,62,21,1697,6,79,257,346,313,490,471,182,37,2181,23,192,641,790,723,639,414,121,31,3574,42,166,341,436,473,479,367,124,20,2453,15,79,189,239,162,165,111,26,12,998,17,115,309,246,243,188,111,46,21,1297,0,9,12,8,6,7,20,6,0,73,0,15,56,121,108,92,72,46,11,522,532,431,960,903,1048,1059,986,683,337,6947,793,2255,6142,6346,6700,6656,5011,2321,778,37010,0,33,132,163,204,159,195,106,13,998,5,66,285,385,233,145,82,20,0,1230,54,401,1585,1491,1690,1915,1741,879,208,9978,58,262,1041,872,836,736,555,255,90,4711,16,70,267,387,426,410,251,105,34,1952,7,87,454,438,415,429,294,115,26,2270,0,54,326,387,369,434,580,309,53,2517,10,175,669,945,967,829,664,229,45,4531,27,149,479,570,645,549,518,205,37,3192,20,94,270,292,267,179,181,63,17,1389
203,15,167,719,690,632,609,286,108,45,3277,16,74,480,584,531,830,749,288,71,3624,61,398,1538,1818,1653,1468,948,309,85,8271,87,423,808,806,780,703,533,186,42,4364,85,190,484,417,232,224,120,45,9,1809,39,237,666,508,423,271,182,99,23,2457,6,21,13,13,16,15,16,14,10,124,11,44,153,236,204,179,101,48,24,1000,737,764,1574,1559,1544,1398,1355,1007,533,10465,1336,4426,12749,12849,12084,11324,8557,4100,1485,68919,4,206,413,421,431,400,398,187,38,2487,17,234,809,849,490,307,177,22,3,2909,94,901,3564,3136,3599,3717,3481,1703,473,20672,114,833,3278,2455,1797,1423,946,486,158,11489,31,151,426,554,501,429,334,180,52,2653,23,217,1129,1019,823,744,554,173,60,4738,4,91,685,757,627,794,1018,556,97,4635,47,459,2069,2654,2213,1881,1558,578,111,11563,76,390,1299,1165,1094,932,769,316,56,6099,48,314,680,669,425,221,224,66,13,2651
204,13,62,261,281,300,373,208,78,28,1601,4,41,216,291,341,505,453,157,33,2039,35,179,537,689,788,780,501,155,48,3715,54,180,307,329,377,409,322,97,11,2082,21,61,146,105,83,105,70,27,5,633,31,126,330,378,331,261,160,67,22,1713,4,11,5,9,9,13,20,16,9,91,9,22,91,117,112,124,83,39,16,616,634,459,850,987,1163,1340,1161,805,384,7778,1037,2339,5979,6657,7526,7963,6079,2657,918,41151,4,38,96,146,176,173,215,74,14,924,16,53,182,245,160,129,91,22,0,886,90,540,1826,2033,2258,2547,2292,1030,237,12857,82,355,1161,960,909,953,728,304,92,5535,37,126,406,492,567,551,415,162,45,2799,17,60,358,331,300,402,318,121,28,1923,10,34,255,346,377,436,624,274,41,2381,29,133,639,857,937,929,768,275,57,4626,52,155,438,435,469,443,444,158,26,2616,22,74,201,178,147,128,105,29,13,898
205,12,79,344,344,403,507,285,121,22,2124,8,56,316,371,427,778,710,228,32,2923,34,252,763,926,866,932,800,268,74,4907,59,187,437,486,565,675,447,170,26,3039,31,90,198,178,134,185,167,43,18,1043,36,169,533,485,440,360,253,114,26,2414,12,9,11,5,12,15,28,25,12,130,6,29,110,156,190,198,154,50,19,916,1009,814,1604,1618,1963,2055,2141,1416,592,13200,1499,3619,10039,10028,11663,12413,10396,4804,1483,65955,3,69,180,176,204,241,287,133,24,1316,8,79,357,408,231,210,153,23,9,1477,155,878,3183,3073,3659,4662,4434,2108,474,22640,124,496,2011,1647,1573,1674,1340,628,166,9654,23,144,576,757,764,712,466,177,39,3659,15,78,512,501,484,575,472,177,36,2860,3,74,349,494,444,614,985,457,64,3489,28,180,976,1141,1118,1223,1165,453,68,6361,46,214,656,654,699,755,726,271,52,4074,17,131,333,270,194,186,215,83,12,1445
206,25,485,3420,2031,1373,1122,704,323,108,9589,12,164,1478,990,934,1109,702,233,66,5684,160,3257,14320,8435,5445,3208,1723,496,160,37204,101,1388,6546,4113,3024,2599,1699,555,133,20152,97,1587,6157,2987,1470,812,387,94,27,13619,67,730,2502,1215,682,352,160,47,24,5782,104,129,72,32,32,46,35,29,11,491,45,275,933,684,517,308,191,51,37,3043,1239,3013,8328,4763,3323,2593,1918,1187,561,26911,2074,16203,65594,37572,25060,17851,11118,4564,1743,181783,10,1337,3335,1738,1390,1181,804,380,63,10232,17,1316,5731,4531,1904,978,358,51,5,14902,66,1523,9760,5360,3765,3318,2356,1185,408,27736,50,763,4774,2762,1952,1393,744,366,103,12899,7,173,777,533,395,293,182,72,15,2448,17,513,4482,2549,1582,1337,933,470,122,12005,7,155,1664,1176,886,1072,1025,398,91,6466,71,3171,14827,10521,6786,4456,2440,904,189,43369,65,1396,7898,5157,3711,2924,2296,908,184,24547,101,1676,7079,4084,2042,1078,525,185,28,16795
207,19,270,1255,1279,1236,1055,653,428,171,6354,9,74,453,399,555,686,576,316,96,3165,73,1727,5522,5083,5209,3544,2114,940,333,24539,46,551,1528,1548,1817,1596,1153,486,168,8900,61,600,1140,670,489,352,189,96,31,3625,52,219,726,466,437,267,136,93,26,2419,22,45,35,7,22,22,25,21,9,220,15,104,234,239,259,201,124,84,29,1285,552,727,1415,1124,1278,1047,900,894,543,8477,1015,6636,19684,17578,18784,14617,10222,5972,2428,96932,6,525,865,648,833,1001,789,545,131,5343,19,616,2051,2936,1837,1099,389,55,4,9007,36,738,3202,3060,3383,3507,2859,2029,771,19594,44,447,1317,1063,1248,1021,637,535,170,6475,6,83,224,214,231,205,151,96,41,1235,18,347,1602,1423,1396,1242,843,479,214,7569,7,96,524,390,480,627,651,434,129,3344,38,1602,5356,5864,5887,4428,2695,1330,418,27622,55,581,1745,1556,1969,1689,1425,752,217,9982,46,580,1290,844,600,405,233,114,52,4153
208,16,210,1015,1142,1163,920,588,272,146,5476,4,81,538,649,747,857,568,239,76,3752,72,1348,5121,6259,5748,3737,2090,772,312,25463,60,566,1692,2025,1965,1684,1149,366,108,9610,69,553,1162,991,688,508,249,102,39,4368,54,239,891,674,512,300,196,111,34,3010,17,23,28,14,16,17,18,20,11,157,7,85,248,369,358,234,147,67,49,1563,590,747,1718,1694,1733,1373,1146,1016,680,10696,1042,5988,20648,22681,21949,16590,10710,5394,2534,107528,5,373,806,778,1009,1024,681,355,76,5096,13,400,1913,2787,1961,1116,422,57,4,8672,67,689,3382,3602,4118,4262,3369,2029,789,22302,56,502,2136,1888,1857,1432,938,471,188,9464,11,78,345,302,379,280,138,62,29,1620,19,232,1406,1306,1277,1082,827,392,165,6708,3,94,644,660,737,868,761,357,124,4245,45,1282,4968,6918,7144,4690,2838,1228,368,29486,50,542,2085,2088,2434,1753,1504,625,151,11237,64,523,1378,1180,873,558,336,146,36,5099
209,30,276,1268,1130,883,735,370,166,39,4892,9,109,737,796,732,911,651,225,56,4229,96,1383,5307,4766,3469,2457,1269,311,93,19148,116,723,1896,1867,1580,1261,670,210,42,8368,73,557,1397,1088,577,324,179,68,13,4298,69,354,1429,920,683,387,208,116,37,4210,28,45,59,44,39,38,26,28,16,322,18,96,448,465,387,249,147,55,26,1892,1083,1181,2824,2432,2192,1844,1630,1205,579,14963,1992,8119,28653,26085,21112,16359,10354,4650,1594,118920,7,394,997,1032,979,776,624,288,43,5148,32,695,2645,3652,1602,700,285,37,0,9650,178,1434,6085,6542,6070,5562,4007,1996,511,32394,220,1078,3897,3088,2587,1730,1034,556,145,14324,12,127,509,567,491,339,170,81,7,2308,29,406,1727,1548,1076,867,541,193,66,6462,10,143,919,984,851,820,860,379,75,5027,92,1115,5257,6250,4519,2976,1852,633,129,22804,106,665,2503,2446,2069,1457,954,326,72,10603,88,575,1808,1605,883,435,218,91,20,5730
210,16,171,670,588,500,371,179,66,11,2577,3,97,489,508,468,536,357,146,37,2645,109,937,3803,3204,2237,1509,659,202,58,12714,114,550,1324,1071,937,632,286,95,29,5043,40,324,711,459,261,141,80,29,6,2061,40,225,1037,668,515,261,189,92,28,3053,19,30,43,27,29,26,33,28,8,238,13,67,294,305,267,171,84,54,22,1267,938,1033,2231,1963,1799,1414,1304,962,457,12093,1654,6094,19704,17166,14443,10551,6588,3371,1184,80751,3,263,577,593,460,354,265,99,18,2636,27,527,2163,2650,981,394,143,17,0,6903,116,1165,5155,4985,4605,4491,2861,1504,433,25312,149,983,3120,2305,1681,1048,627,307,94,10308,16,82,358,377,297,239,126,57,14,1557,13,247,1129,870,601,482,279,96,19,3731,10,109,703,593,532,556,489,203,44,3227,49,907,4383,4783,2955,1980,1087,295,68,16506,93,590,1840,1629,1190,857,495,149,35,6886,52,348,999,790,383,199,96,52,5,2925
211,24,332,950,848,827,715,343,148,56,4244,6,104,740,818,816,1117,893,387,104,4991,87,1034,4059,4531,3972,3344,2042,703,200,19980,130,661,1513,1507,1483,1335,900,321,85,7941,85,569,1182,923,543,430,267,88,37,4120,67,287,932,885,757,490,283,139,35,3867,9,28,24,25,24,25,29,23,3,191,11,69,282,376,386,297,210,84,30,1744,899,839,1764,1843,1967,1747,1522,1181,671,12439,1777,7478,23808,24982,24290,20268,13806,6738,2205,125352,6,292,711,739,911,783,679,318,82,4514,36,490,1875,3583,2013,969,431,62,3,9456,161,1157,5238,6192,6730,7065,5366,3018,827,35756,198,1290,3932,3267,3068,2477,1477,841,240,16789,62,182,705,760,754,533,256,114,37,3398,33,335,1354,1074,930,804,523,215,70,5339,6,146,868,878,887,947,1028,585,137,5488,58,926,3956,5645,4751,3671,2679,1119,248,23058,118,621,1899,1899,1748,1424,1185,492,132,9520,70,565,1323,1189,755,437,300,143,40,4822
212,39,447,1732,1303,1083,700,385,163,46,5907,18,172,795,800,828,937,693,345,76,4659,269,2641,8785,7160,5087,3277,1811,742,207,29975,208,1132,2579,2269,1799,1424,791,271,77,10553,145,640,1430,876,483,336,212,75,31,4220,79,625,2424,1425,1041,586,306,153,31,6666,71,86,91,58,59,59,51,49,8,528,24,170,563,592,511,371,188,128,45,2590,1816,2080,4145,3629,3347,2781,2320,1839,901,22857,3470,13906,41928,37144,30654,22585,14481,7659,2500,174317,19,679,1533,1160,1078,912,720,374,77,6552,81,1448,5349,6574,2888,1183,414,51,6,18000,261,2686,11327,10956,10096,9312,6303,3351,984,55279,273,1771,5197,3738,3022,2068,1340,808,239,18463,40,211,714,760,638,432,266,109,26,3204,34,702,2638,2041,1398,968,549,223,78,8629,18,212,1023,901,885,877,830,467,141,5361,131,2259,9787,10270,6719,4161,2500,1054,286,37162,172,1057,3280,3038,2329,1746,1137,433,99,13301,105,755,1690,1346,675,407,232,109,35,5357
213,39,388,1578,1373,1002,619,283,81,29,5386,20,170,960,918,811,918,508,165,31,4511,202,2247,9495,8406,4349,2524,1043,212,68,28544,215,1038,2814,2603,1835,1229,588,146,31,10492,90,694,1819,1222,615,312,137,34,8,4928,105,605,2790,1601,941,475,261,113,33,6926,34,59,96,58,50,63,69,59,4,500,20,155,671,699,505,358,192,58,24,2691,1799,2379,5751,4761,3742,2959,2352,1484,627,25843,3191,12729,45438,40841,27607,19627,11048,4463,1424,166377,8,495,1274,1426,1066,683,475,164,17,5610,67,1185,5994,8952,2643,857,244,28,0,19983,252,2333,10345,11289,8960,7874,5312,2121,512,49003,278,1704,4839,3902,2749,1706,1035,456,121,16781,14,124,565,681,488,312,180,63,13,2442,33,549,2387,1899,1391,843,463,137,45,7746,12,280,1289,1120,944,935,726,308,41,5662,115,1909,9891,12359,6522,3455,1803,416,59,36527,159,1034,3644,3596,2503,1568,910,286,46,13756,99,715,2198,1795,942,428,196,69,12,6446
214,11,107,439,526,568,509,323,174,59,2718,7,68,379,494,498,701,659,260,69,3128,56,356,1270,1847,1804,1550,1349,574,164,8970,85,330,683,726,774,736,599,217,67,4210,46,206,431,396,296,224,176,93,22,1885,41,184,554,567,561,404,245,99,26,2684,14,17,17,14,18,20,17,30,14,149,13,34,116,165,190,164,113,65,27,887,719,626,1229,1356,1553,1426,1433,1186,595,10130,1312,3913,11251,12736,13233,11844,9647,5355,1858,71139,0,82,213,253,304,303,336,215,53,1756,17,165,435,701,577,337,195,34,0,2459,124,615,2625,2974,3574,3871,3439,2160,639,20014,128,683,2775,2423,2103,1654,1253,649,185,11846,38,142,477,508,510,408,171,76,31,2368,20,141,623,563,592,586,498,218,66,3310,7,59,489,568,570,638,824,417,99,3672,41,295,1349,2214,2284,1963,1762,884,205,10996,74,282,850,869,927,846,821,394,82,5139,27,228,542,562,376,274,219,99,33,2363
215,6,44,182,189,225,258,130,41,20,1092,0,34,189,212,248,365,260,98,25,1424,33,161,511,528,484,494,219,60,19,2509,21,122,277,295,309,271,137,53,4,1499,16,48,95,88,50,47,38,20,0,394,18,105,283,249,254,202,105,51,11,1278,12,12,12,8,16,12,12,17,6,101,3,20,59,64,61,78,50,21,15,364,592,472,1114,1006,1209,1274,1183,869,394,8110,870,2090,5584,5168,5781,5894,4102,2008,704,32194,0,24,92,86,94,91,88,21,3,494,4,41,174,155,69,54,31,7,0,539,80,463,1643,1335,1267,1551,1243,530,123,8234,43,235,745,551,490,612,438,175,45,3331,52,170,580,710,714,734,375,140,39,3511,5,41,255,214,227,263,185,56,16,1272,0,16,224,208,216,289,322,157,35,1468,28,140,593,599,633,521,367,94,18,2988,22,112,408,313,365,323,208,61,16,1837,3,40,131,104,65,50,49,19,4,464
216,0,41,242,191,196,180,104,28,12,993,3,34,178,161,167,284,241,89,21,1185,16,124,453,492,450,451,255,73,25,2338,18,110,214,219,206,205,146,41,17,1177,9,39,76,52,32,45,38,9,4,307,16,136,267,227,211,188,136,44,13,1232,3,8,8,3,12,5,16,14,5,82,3,12,51,71,72,44,43,16,11,334,514,369,784,802,951,966,968,745,297,6399,748,1787,4746,4670,5060,4840,3605,1868,635,27960,0,29,75,88,75,71,82,15,10,438,8,66,147,148,65,49,18,3,0,510,61,468,1475,1337,1530,1595,1281,630,145,8517,51,226,675,505,559,555,416,198,60,3247,25,100,339,443,448,450,238,105,24,2176,3,54,290,273,233,189,139,55,13,1254,3,38,221,171,165,253,277,140,31,1294,13,84,530,544,556,488,399,142,23,2781,26,99,328,259,276,240,190,66,13,1502,15,46,91,86,48,43,26,20,0,380
217,7,34,152,193,216,281,122,43,18,1062,3,34,166,206,233,358,267,96,25,1385,15,128,362,448,478,426,277,75,24,2229,21,95,179,200,227,282,197,50,15,1276,14,64,96,83,60,71,64,11,4,458,28,102,264,257,217,165,99,33,8,1177,4,9,9,7,9,6,6,11,0,74,0,9,49,83,81,85,43,22,4,381,446,329,570,601,857,875,865,603,274,5418,727,1769,4262,4621,5116,5044,3613,1622,587,27362,0,15,86,89,108,93,115,48,16,567,3,41,112,115,77,63,48,6,0,452,61,351,1168,1171,1347,1420,1138,461,105,7216,46,243,788,680,569,632,406,182,51,3602,44,164,465,542,619,587,415,141,36,3015,3,34,223,226,253,283,211,71,15,1329,6,28,190,199,227,319,413,156,33,1572,8,98,460,489,557,487,426,134,22,2670,24,64,246,231,295,301,294,79,12,1542,21,33,151,88,89,58,90,24,3,562
297,0,0,0,0,0,0,0,0,0,0,0,0,0,0,0,0,0,0,0,0,0,0,0,0,0,0,0,0,0,0,0,0,0,0,0,0,0,0,0,0,0,0,0,0,0,0,0,0,0,0,0,0,0,0,0,0,0,0,0,0,0,0,0,0,0,0,0,0,0,0,0,0,0,0,0,0,0,0,0,0,0,0,0,0,0,4,0,0,0,5,0,0,0,4,9,10,0,0,0,20,0,0,0,0,0,0,0,0,0,0,0,0,0,0,0,0,0,0,0,0,0,0,0,7,0,0,0,0,0,8,0,0,0,0,0,0,0,0,0,0,0,0,0,0,0,0,0,0,0,0,0,0,0,0,0,0,0,0,0,0,0,0,0,0,0,0,0,0,0,0,0,0,0,0,0,0,0,0,0,0,0,0,0,0,0,0,0,0,0,0,0,0,0,0,0,0,0,0,0,0
299,0,3,34,15,6,12,0,0,0,67,0,5,8,5,7,18,11,0,0,50,0,27,80,47,25,21,14,3,0,221,0,9,40,20,16,23,11,0,0,128,0,4,25,17,8,0,0,0,0,68,0,8,24,18,14,6,0,0,0,77,0,0,0,0,0,0,0,0,0,3,0,6,6,11,8,6,0,0,0,32,50,130,314,349,244,150,76,16,6,1325,56,240,770,620,441,316,166,41,6,2657,0,0,9,0,14,7,5,0,0,34,0,5,25,24,15,7,0,0,0,66,0,23,97,68,71,59,49,17,0,378,6,15,33,38,33,22,21,0,0,165,0,8,14,8,15,0,6,0,0,52,0,8,27,19,10,3,0,0,0,69,0,0,5,3,5,6,11,0,0,37,4,18,52,51,33,37,20,0,0,214,0,10,47,19,18,23,14,0,0,141,0,11,13,25,11,7,4,0,0,80
301,17,81,298,382,471,386,195,96,44,1979,3,40,221,308,352,401,351,126,29,1836,151,420,1217,1842,1866,1385,722,237,73,7905,116,315,575,663,598,476,370,138,44,3298,97,211,276,272,188,135,72,39,21,1309,96,162,346,452,350,238,170,68,16,1896,15,20,9,0,5,18,13,11,4,102,8,25,107,168,159,125,92,34,15,733,379,338,733,918,992,941,749,565,347,5954,1195,3042,8517,10699,11060,9479,6543,3012,1055,54601,16,84,147,227,318,240,240,105,19,1395,27,151,432,752,651,312,130,16,0,2471,319,695,2510,3209,3514,3910,3002,1565,407,19126,187,445,1499,1619,1420,1185,1047,500,127,8027,22,73,176,267,318,247,147,71,6,1318,32,117,416,451,521,455,303,137,37,2470,4,39,252,367,414,412,425,212,38,2186,257,455,1246,2092,2249,1814,1174,415,90,9798,120,342,710,809,799,575,464,211,59,4086,63,265,400,336,242,176,127,43,11,1660
302,13,159,752,671,475,329,195,98,47,2738,5,42,318,396,349,378,273,133,32,1920,125,590,2158,2340,1827,1222,667,280,73,9273,115,339,982,894,706,522,288,106,35,3986,54,228,526,367,210,118,67,38,7,1611,49,188,590,427,347,178,126,42,15,1964,16,17,30,7,8,15,10,15,11,126,3,46,155,156,136,95,68,31,13,705,343,513,1132,975,865,655,525,462,362,5822,970,3556,12228,11495,9472,7010,4460,2514,1007,52710,8,86,333,433,362,238,180,77,23,1740,36,278,1023,1392,717,313,86,18,0,3865,166,584,2857,3029,2613,2359,1692,902,364,14567,82,329,1324,1161,990,790,511,318,98,5602,15,57,166,232,231,166,88,49,18,1021,34,199,927,876,703,419,245,137,45,3573,7,61,341,414,424,360,363,194,38,2196,161,593,2424,2887,2334,1565,949,386,98,11387,105,422,1218,1062,913,655,437,183,41,5037,49,275,635,514,313,169,87,44,10,2088
303,24,367,1545,1275,921,631,354,155,46,5310,12,98,498,585,641,566,415,180,47,3036,197,1711,5596,4231,2994,1995,1063,328,96,18220,164,754,1822,1620,1240,928,531,211,42,7306,94,567,1091,674,356,224,115,34,12,3183,93,324,1027,643,402,261,134,54,15,2959,26,53,49,25,27,19,31,18,13,267,17,71,290,275,229,165,79,49,23,1201,675,999,2182,1519,1321,1035,826,644,393,9589,1655,7598,23706,19345,15036,11081,6782,3380,1221,89811,15,400,945,944,703,515,401,173,32,4126,46,581,2117,2677,1406,600,173,27,0,7627,241,1254,4885,4841,3922,3571,2446,1333,390,22883,111,437,1757,1575,1299,1027,653,374,121,7363,13,93,277,308,296,249,143,67,19,1468,32,491,2139,1668,1123,834,505,222,63,7068,12,104,611,634,676,628,509,270,83,3535,286,1417,5347,5728,3930,2439,1478,502,119,21247,186,763,2192,1893,1631,1100,797,313,73,8940,94,608,1358,936,522,286,155,54,21,4040
304,13,178,547,592,611,464,321,171,65,2967,3,45,251,364,359,337,274,138,19,1786,127,664,1643,2080,2124,1466,955,270,96,9424,113,433,872,1064,855,759,588,207,63,4955,67,300,465,345,235,159,90,38,15,1710,52,119,230,234,187,79,57,24,7,986,22,25,11,0,3,6,14,6,10,98,15,52,104,141,127,90,64,34,13,640,299,431,624,627,607,469,368,283,231,3947,886,3757,8850,10087,9547,7248,5215,2307,863,48755,26,272,506,632,670,518,436,261,59,3389,32,241,580,1184,933,415,144,33,0,3560,146,486,1914,2523,2423,2078,1630,958,286,12438,69,164,665,788,725,564,436,254,77,3750,20,46,133,210,232,186,124,85,33,1076,28,202,639,639,699,526,406,235,72,3445,5,48,266,359,430,323,312,196,48,1977,266,667,1452,2515,2638,1738,1192,500,129,11090,155,439,944,1072,1154,792,725,360,66,5709,71,272,553,473,321,166,114,57,16,2047
305,12,337,1579,1147,996,637,352,173,52,5279,6,69,439,387,433,442,268,108,19,2165,124,1352,4944,3699,3134,1846,849,224,45,16223,108,670,2358,1642,1448,1031,638,183,36,8120,77,684,1556,713,439,258,95,35,10,3859,75,320,892,466,291,139,71,28,8,2300,33,50,39,11,12,12,12,11,0,186,11,56,215,215,173,114,68,28,15,888,436,1187,2944,1845,1643,1163,750,414,188,10566,1036,6917,23877,16063,13233,8967,4957,1983,604,77641,10,481,1255,764,608,475,351,119,31,4090,32,582,2021,1782,1015,494,111,24,0,6056,120,931,4847,3440,2658,2295,1458,664,180,16591,34,335,1736,1270,1081,853,502,233,57,6105,9,77,315,241,244,181,123,58,10,1266,24,366,2164,1442,1226,882,524,286,58,6975,3,81,525,440,451,503,371,177,36,2593,259,1715,5621,4924,4329,2667,1321,442,76,21366,150,832,3007,2110,1867,1285,936,337,66,10590,92,811,2028,1075,583,315,145,55,9,5119
306,11,136,521,546,542,478,235,91,16,2576,7,41,269,438,412,517,388,95,27,2190,90,269,1010,1072,1131,852,514,155,37,5127,63,191,603,693,686,528,315,91,16,3183,25,65,200,154,165,136,89,31,3,873,64,253,759,696,586,375,209,71,9,3014,18,11,5,13,19,20,21,18,9,130,8,28,103,126,190,141,64,30,11,710,968,859,1903,1794,2082,1885,1500,856,281,12123,1534,3302,10134,10804,11644,10588,7056,2956,712,58717,0,35,237,265,306,283,240,105,11,1481,18,91,296,306,205,139,86,12,0,1152,234,777,2734,2909,3364,3638,2922,1295,289,18151,84,287,1186,1162,1328,1371,1015,455,100,6988,27,122,358,415,457,433,244,112,18,2186,23,112,651,646,664,586,323,129,39,3175,0,47,312,416,479,497,501,170,32,2449,88,253,951,1223,1315,1111,778,273,46,6037,110,266,809,785,857,695,479,180,28,4207,33,63,217,229,187,168,134,44,7,1087
307,0,22,124,140,160,155,100,47,12,751,5,24,129,127,169,205,134,54,5,850,42,141,391,423,414,340,179,53,13,1999,38,74,162,174,156,136,140,59,0,933,9,13,31,31,28,53,39,9,4,214,51,113,235,194,168,142,98,27,5,1042,9,3,13,5,3,13,20,19,6,89,14,11,47,70,78,65,46,18,6,350,567,362,868,839,1019,985,950,587,234,6413,974,1755,4685,4646,4800,4416,3239,1514,401,26427,3,15,43,52,75,45,62,26,3,322,11,30,83,67,61,43,30,12,0,332,138,545,1609,1480,1423,1410,1112,498,99,8320,45,194,506,426,449,466,415,159,31,2687,51,169,342,499,569,466,259,97,21,2463,7,39,125,158,144,191,134,48,14,856,0,37,124,150,154,205,192,91,22,973,77,123,420,390,463,433,289,83,17,2296,35,78,206,194,210,198,165,88,5,1173,0,22,54,30,34,37,51,15,3,244
308,6,71,363,387,380,299,157,45,11,1724,6,41,280,317,348,370,201,54,13,1629,85,197,695,840,837,629,251,65,14,3619,85,200,342,349,309,284,141,45,3,1766,14,27,108,75,82,58,40,15,0,414,52,165,401,398,331,219,139,54,13,1782,18,14,16,16,19,16,22,11,3,136,23,28,106,160,152,115,58,25,5,671,808,826,1886,1933,2037,1622,1003,669,295,11072,1446,3565,10503,10505,10420,8578,4631,2039,589,52282,3,39,118,148,140,152,118,49,4,769,13,68,197,281,148,98,63,11,4,876,286,1019,4095,4222,3873,3750,2337,889,202,20670,76,238,973,943,953,936,697,267,62,5149,30,94,233,360,396,299,178,66,15,1676,26,98,403,454,394,340,209,87,17,2033,3,48,282,337,378,380,285,91,24,1826,111,229,667,858,866,765,435,108,15,4052,110,236,494,397,419,331,228,60,13,2301,8,45,97,113,78,53,51,16,3,461
309,49,483,1583,1573,1426,1046,602,301,97,7166,19,94,662,888,857,984,686,241,70,4508,443,1353,4305,4452,3923,2851,2222,818,205,20578,327,897,1963,1938,1676,1346,954,360,69,9528,224,614,1124,849,505,364,285,106,29,4093,234,572,1539,1551,1328,789,565,232,44,6860,24,55,37,33,40,49,44,40,18,336,39,74,270,358,376,278,208,107,44,1755,1631,1769,3785,3471,3345,2967,2653,1731,995,22339,3733,9331,26918,27780,25939,21102,16609,7954,2648,142014,71,291,584,557,553,441,445,224,59,3218,60,370,1309,1651,1132,544,287,57,6,5414,538,1637,6080,6377,6703,6915,5969,3343,769,38331,307,1063,4254,4476,4278,3536,2486,1316,292,22003,40,158,534,678,826,593,305,186,38,3357,70,547,2292,2086,1836,1439,840,389,117,9617,8,145,770,1032,1012,1010,1047,423,78,5527,1030,1723,5126,5790,5360,3818,2937,1343,287,27413,427,1005,2632,2439,2314,1726,1352,567,101,12564,163,760,1501,1188,761,459,323,145,42,5356
310,15,149,506,558,499,345,221,100,26,2413,6,72,351,423,429,416,289,107,24,2114,277,743,2011,2113,1620,1044,447,155,39,8454,202,443,1049,1049,780,653,343,95,24,4645,56,206,383,224,162,126,70,31,8,1271,126,279,633,594,377,267,188,55,15,2532,34,39,30,24,20,30,25,24,7,223,20,55,196,240,227,181,110,43,9,1085,1279,1493,3184,2735,2278,1712,1254,807,261,15009,2459,5654,15466,14807,12720,9935,6353,2906,767,71070,3,81,327,392,337,262,183,72,25,1683,57,235,925,1224,605,273,100,20,0,3455,381,1187,4478,4780,4288,3892,2865,1252,295,23414,197,546,1686,1455,1206,1057,794,387,81,7414,42,124,373,426,448,297,181,79,17,1988,47,161,776,760,664,441,288,137,42,3311,13,71,403,481,530,472,364,189,24,2542,325,833,2425,2781,2136,1471,742,269,48,11019,253,588,1482,1378,1118,877,514,188,33,6428,56,237,569,403,231,168,101,27,10,1795
311,23,95,404,430,376,281,168,58,18,1855,10,52,276,379,376,406,309,80,12,1904,255,827,1969,1944,1531,1049,612,147,49,8382,199,437,932,881,689,533,288,98,15,4074,110,249,361,252,164,136,67,32,4,1374,131,264,569,554,445,290,218,56,17,2566,26,26,26,28,21,21,22,17,4,188,25,53,188,223,249,167,100,33,10,1035,1070,964,1928,1860,1785,1457,1187,650,231,11129,2453,5115,13537,13511,12093,10025,6922,2594,674,66927,19,75,235,247,208,168,162,60,12,1187,51,285,836,1053,550,280,122,21,0,3206,391,1213,4139,4207,4019,3952,3110,1371,256,22666,244,669,2149,1992,1723,1351,1044,446,95,9710,26,115,277,375,341,252,132,69,10,1597,36,166,557,561,505,368,245,82,22,2541,5,80,335,417,395,428,378,182,26,2254,344,746,2294,2475,1910,1303,815,315,37,10242,229,615,1289,1154,980,632,415,153,32,5492,62,274,503,377,233,135,97,42,11,1738
312,7,67,244,237,257,205,88,30,10,1135,0,23,198,198,215,234,135,34,7,1052,34,162,556,599,644,464,195,46,21,2728,39,109,248,218,204,166,95,21,4,1095,7,31,81,65,54,49,29,9,0,323,39,143,398,359,291,185,116,34,8,1577,18,4,16,10,9,11,12,15,4,105,9,21,58,102,137,77,45,25,4,475,617,734,1983,1799,1863,1508,917,513,174,10100,1006,2902,9283,8771,8483,6981,3796,1493,395,43116,0,23,106,104,93,78,69,22,8,512,14,49,150,152,84,57,29,5,0,538,198,963,3710,3965,3614,3162,1944,715,132,18400,40,206,864,884,800,779,589,233,36,4429,21,52,163,247,244,182,88,30,3,1028,10,67,350,317,286,257,143,50,14,1492,0,33,209,225,252,252,186,70,12,1244,52,143,561,672,756,604,317,83,19,3207,55,119,323,243,248,186,142,34,5,1359,11,47,102,68,59,48,39,16,3,394
313,12,76,236,328,373,377,196,77,14,1686,5,36,161,243,278,370,366,127,42,1627,164,375,884,1105,1098,937,722,209,48,5529,146,288,557,562,557,460,346,130,28,3068,71,135,174,153,141,95,106,37,16,923,109,216,440,444,376,273,217,77,19,2177,12,18,24,14,7,15,27,25,9,155,16,26,120,137,140,129,105,44,21,742,722,729,1420,1421,1392,1281,1403,914,555,9839,1641,3288,8278,9275,9588,8747,7577,3577,1202,53178,9,58,144,129,167,176,167,96,15,953,53,173,367,492,371,213,146,20,4,1846,255,720,2411,2828,3298,3381,3281,1885,418,18468,147,472,1479,1443,1361,1285,1130,601,143,8056,41,102,294,343,330,332,183,99,23,1745,28,93,360,363,442,440,369,149,21,2278,5,45,212,277,327,399,468,269,46,2047,166,414,1098,1350,1408,1234,1137,409,76,7293,147,388,767,717,725,610,551,217,57,4173,43,161,245,175,171,138,114,66,14,1134
314,17,99,363,504,453,297,138,42,11,1919,6,40,217,351,337,324,229,83,16,1613,122,371,1220,1903,1686,1094,541,126,29,7100,128,329,737,746,622,374,229,68,17,3249,91,174,326,264,160,91,54,31,4,1190,88,176,406,428,292,167,118,23,7,1698,12,15,8,7,11,9,6,3,0,72,8,26,101,173,145,115,56,18,4,654,370,378,859,871,839,589,492,293,163,4849,1135,2955,8828,10757,9485,6754,4328,1542,427,46206,7,56,180,265,300,214,147,59,8,1233,34,209,580,1043,642,304,79,17,0,2894,238,686,2540,3144,3169,2694,1874,872,137,15361,111,382,1359,1259,1171,814,511,273,61,5942,12,55,177,284,299,176,105,43,3,1156,18,155,532,597,578,351,202,64,12,2514,6,40,243,356,404,318,308,141,24,1835,176,415,1439,2199,2133,1364,816,271,29,8856,180,416,924,966,822,480,360,122,18,4286,57,230,460,373,209,124,83,21,7,1564
315,3,15,107,119,131,86,31,9,0,505,0,27,124,118,101,84,26,9,0,494,10,54,196,203,213,173,40,11,6,902,13,59,152,125,132,101,51,14,0,643,5,14,27,39,18,15,11,9,0,137,17,47,140,125,96,81,45,11,0,557,3,0,9,0,4,5,5,4,0,41,10,15,43,34,50,26,14,9,0,206,523,630,1258,911,830,763,502,222,51,5697,741,1567,4167,3510,3229,2727,1427,498,99,17952,0,8,47,51,35,31,17,6,0,192,8,14,49,35,15,15,5,0,0,135,90,375,1329,1080,962,937,496,159,19,5450,28,126,441,363,321,253,170,64,10,1767,27,83,175,184,188,169,72,28,9,939,8,40,127,117,116,125,49,6,0,595,0,27,126,106,102,95,49,11,0,518,23,48,179,202,191,202,86,17,0,940,12,45,188,145,135,119,61,19,5,731,5,15,38,23,32,25,16,4,0,150
316,33,152,733,956,1081,898,494,243,87,4676,17,43,339,584,836,992,768,311,62,3946,192,428,1299,1932,2032,1874,1612,623,155,10144,209,364,726,935,972,915,795,329,72,5318,98,228,400,416,314,307,230,98,21,2122,128,301,760,909,780,472,349,130,37,3862,25,16,5,15,14,20,29,21,12,161,22,40,138,204,230,198,144,106,30,1104,793,697,1436,1742,1825,1710,1712,1135,658,11703,1901,4138,12059,15547,16564,15479,13012,6447,2094,87238,10,102,283,357,438,419,486,285,55,2436,41,182,513,703,495,350,220,62,3,2574,368,864,3375,4006,4566,5293,4945,2773,740,26934,189,602,2464,2961,2973,2624,2005,880,270,14977,29,137,449,621,775,668,484,246,57,3464,65,216,1111,1257,1353,1156,768,351,109,6381,14,58,424,723,905,1015,1128,526,107,4901,238,518,1739,2570,2823,2446,2243,1025,223,13830,266,559,1107,1191,1459,1218,1153,511,94,7553,80,263,607,538,465,313,330,114,34,2741
317,3,64,355,347,345,348,171,74,22,1722,6,32,191,262,332,375,264,112,17,1590,101,285,820,884,825,604,349,111,23,3999,63,170,433,412,382,313,232,93,24,2121,21,64,156,101,80,70,43,22,3,559,80,151,319,256,195,149,80,21,10,1267,18,14,15,3,15,13,12,16,7,116,14,10,87,91,108,77,45,17,14,452,500,458,796,735,723,712,676,515,279,5393,1033,2650,6786,6197,5973,5327,3623,1767,624,33979,0,61,139,144,161,127,109,51,14,801,22,129,385,274,156,98,45,5,0,1113,171,615,2171,1931,1759,1739,1333,655,180,10545,82,286,887,675,619,606,456,227,52,3891,47,104,250,300,334,315,216,114,26,1703,9,89,516,476,404,351,266,108,26,2242,13,39,204,303,366,360,339,176,37,1838,124,297,930,986,934,781,507,178,32,4789,82,229,584,552,509,381,329,146,37,2842,16,80,176,152,109,81,48,30,10,701
318,10,188,602,546,518,392,170,71,20,2511,10,50,298,349,365,372,225,86,15,1769,77,344,927,1064,1065,813,332,102,28,4752,75,381,697,593,538,388,270,71,13,3030,28,77,170,125,115,86,67,28,9,698,97,204,426,439,372,276,186,47,13,2066,17,9,24,7,18,22,13,10,9,127,27,60,179,161,193,111,62,28,6,835,833,1209,1945,1572,1581,1347,1086,636,232,10441,1545,4536,11076,10119,9865,8434,5402,2277,630,53885,0,84,291,281,250,202,183,89,0,1388,34,130,373,298,173,111,50,11,0,1179,216,1031,3469,3139,3234,3159,2344,977,203,17764,73,251,1043,985,962,1005,776,370,75,5531,34,96,228,272,287,259,151,59,9,1391,34,169,763,605,627,449,255,78,21,3002,10,74,274,341,369,389,311,118,23,1912,78,322,981,1133,1128,928,538,169,27,5314,98,309,972,716,704,545,330,136,16,3814,41,85,212,155,104,108,65,22,4,790
319,15,82,411,477,522,489,298,116,28,2448,0,34,240,415,536,627,523,185,39,2604,131,357,698,816,898,906,720,242,58,4826,101,189,458,559,562,598,472,136,20,3095,27,73,113,90,91,121,135,45,11,695,93,249,505,480,460,442,366,129,29,2764,13,9,13,4,10,28,46,33,13,183,25,51,103,131,167,148,128,94,21,857,946,791,1552,1686,2048,2202,2452,1684,605,13972,1836,3290,8115,9488,10924,12469,11518,5509,1390,64535,0,34,98,100,136,177,223,91,22,875,22,94,257,261,190,197,148,33,0,1205,326,829,2552,2693,3286,4442,4992,2494,459,22077,111,272,1032,1060,1391,1716,1857,784,161,8386,66,164,362,505,675,606,397,171,34,2977,16,114,530,561,614,636,459,161,37,3123,8,41,208,413,533,623,673,322,48,2871,137,296,865,929,1028,1163,1060,405,65,5943,102,278,624,679,774,772,641,237,44,4149,22,79,155,113,124,118,161,53,13,834
397,0,0,0,0,0,0,0,0,0,0,0,0,0,0,0,0,0,0,0,5,0,0,0,0,0,0,0,0,0,0,0,0,0,0,0,0,0,0,0,0,0,0,0,0,0,0,0,0,0,0,0,0,0,0,0,0,0,0,0,3,0,0,0,0,0,0,0,0,0,0,0,0,0,0,0,0,0,0,0,0,0,0,0,0,0,0,7,0,0,12,0,6,4,5,6,4,8,5,0,33,0,0,0,0,0,0,0,0,0,0,0,0,0,0,0,0,0,0,0,0,0,0,8,8,8,0,0,0,0,20,0,0,0,0,0,0,0,0,0,5,0,0,0,0,0,0,0,0,0,0,0,0,0,0,0,0,0,0,0,0,0,0,0,0,0,0,0,0,0,0,0,0,0,0,0,0,0,0,0,0,0,0,0,0,0,0,0,0,0,0,0,0,0,0,0,0,0,0,0,0
399,0,6,36,21,16,27,12,0,0,116,0,0,13,5,8,26,29,6,0,83,3,45,78,43,40,63,47,3,0,324,3,30,54,23,20,22,29,3,0,193,3,15,33,14,3,5,6,0,0,78,3,13,31,23,20,21,20,3,0,143,0,5,0,0,0,5,0,0,0,5,0,8,3,8,4,8,5,6,0,48,50,118,348,335,298,259,189,52,6,1657,78,314,925,668,647,770,670,136,12,4222,0,4,15,15,7,14,19,0,0,84,0,0,24,19,14,22,5,0,0,87,10,33,133,129,122,216,248,43,0,925,5,5,72,64,56,91,86,19,0,393,0,8,24,23,12,20,12,10,0,103,0,6,31,16,27,20,20,3,0,130,0,0,9,6,6,27,40,3,0,94,6,17,90,52,47,83,69,15,0,383,0,8,57,39,27,31,29,10,0,207,0,9,37,30,0,10,7,0,0,93
401,15,236,1165,1153,1118,1104,771,348,170,6082,3,76,416,447,544,955,800,243,74,3562,51,782,2889,3069,3105,2193,1495,556,177,14319,79,388,1388,1342,1349,1428,1144,370,116,7600,61,298,751,560,410,331,192,64,20,2682,37,235,622,486,470,250,162,42,17,2320,25,33,15,14,3,10,19,18,11,144,10,45,180,206,195,170,121,49,27,1007,576,701,1313,1160,1340,1140,903,655,384,8179,1069,4572,14562,14227,14753,12817,9349,4259,1720,77327,7,262,685,670,780,722,714,381,89,4303,35,378,1170,1370,798,429,224,37,3,4443,94,814,3114,3146,3242,3203,2593,1376,490,18072,68,370,1321,1103,1131,979,738,443,114,6262,23,129,334,350,436,410,262,132,42,2111,15,316,1409,1388,1321,1178,981,524,165,7302,8,90,540,542,546,708,1057,483,91,4071,130,884,3339,3786,3662,2774,2002,860,220,17666,114,493,1592,1559,1551,1452,1441,631,148,8988,79,397,932,739,498,359,268,108,29,3407
402,19,212,859,834,672,491,213,90,21,3406,9,111,502,496,450,630,486,163,39,2888,135,751,3052,2986,2143,1541,931,276,54,11877,145,556,1597,1401,1161,820,478,149,45,6350,73,258,578,375,239,195,115,43,11,1896,71,353,983,726,569,416,269,102,25,3513,16,24,34,34,37,32,25,32,11,234,22,59,288,287,233,172,132,57,24,1278,949,1039,2350,2146,2008,1702,1402,1140,570,13292,1990,6480,20109,18098,15754,13018,9404,4810,1543,91197,4,181,539,644,493,314,284,121,29,2611,62,484,1645,1784,717,425,193,26,0,5336,204,1609,5973,5567,5372,5033,4210,2274,607,30859,204,748,2238,1423,1275,1097,865,557,162,8564,28,136,483,494,430,358,198,68,17,2211,31,339,1152,986,807,609,325,118,20,4377,9,112,638,572,522,495,625,267,48,3291,149,854,3449,4013,2668,1969,1267,442,89,14905,174,646,1967,1865,1378,1025,646,248,52,8003,99,353,750,532,272,227,138,51,13,2428
403,16,217,950,944,907,841,464,186,90,4616,11,98,551,628,651,983,867,249,72,4107,97,547,2381,2908,2641,2418,1577,587,208,13348,107,478,1368,1473,1351,1307,909,300,100,7396,68,260,630,510,342,259,185,66,13,2337,75,312,761,713,544,391,265,98,24,3182,7,17,13,24,11,16,22,36,15,151,8,50,178,239,241,212,135,74,28,1171,624,634,1389,1311,1380,1418,1200,973,603,9524,1413,4878,15825,16396,15947,14993,11192,5356,2124,88110,0,192,599,658,643,562,610,296,56,3625,46,302,893,1309,752,488,209,35,0,4038,172,875,3698,4058,4483,4721,4309,2320,714,25346,179,563,2170,1731,1503,1347,1082,612,228,9420,38,117,490,542,527,419,262,89,29,2501,22,299,1148,1172,1004,973,647,271,84,5624,8,120,707,691,691,818,1054,519,91,4705,87,577,2568,3420,3242,2639,2026,886,229,15677,161,500,1743,1749,1631,1360,1241,492,105,8988,122,358,789,746,485,315,241,104,21,3167
404,14,175,691,589,446,361,207,62,36,2576,0,64,354,325,341,525,384,109,28,2131,68,558,2253,2057,1535,1094,672,277,96,8620,84,314,1059,877,775,647,372,125,33,4280,20,188,558,370,243,179,77,23,7,1669,40,215,614,460,375,228,156,74,19,2182,10,10,18,10,21,21,27,28,13,167,13,46,169,166,145,119,64,54,17,801,469,480,1119,989,1087,923,826,634,419,6944,968,3519,12195,10495,9775,8009,5510,2896,1258,54627,0,121,423,427,380,301,246,94,24,2022,28,265,982,957,475,264,116,12,0,3104,82,767,3263,2766,2920,2991,2330,1153,443,16716,96,389,1373,896,855,737,499,285,117,5240,9,65,238,227,228,172,121,36,11,1107,13,244,1063,707,511,446,303,125,37,3444,5,72,511,396,355,448,537,197,31,2558,73,591,2627,2625,2018,1509,911,361,123,10836,90,354,1287,1126,851,803,569,205,29,5323,47,223,680,559,323,210,128,37,9,2219
405,7,37,82,115,143,220,103,33,10,733,0,20,138,136,117,268,249,57,13,998,16,57,233,377,449,417,270,86,21,1928,21,42,149,145,190,236,155,54,22,1012,8,17,42,24,48,46,44,17,3,247,17,72,183,191,190,151,111,35,10,953,0,0,3,9,7,9,15,13,9,65,0,10,36,41,56,54,48,25,6,276,344,173,422,488,706,771,750,487,237,4384,586,1165,3361,3573,4240,4741,3755,1612,538,23558,0,18,67,106,95,95,117,46,4,559,8,19,73,79,69,47,41,5,0,340,89,347,1251,1165,1414,1663,1514,708,147,8305,34,127,413,302,321,447,355,187,39,2234,42,150,323,457,426,361,221,73,17,2066,0,36,103,121,140,210,178,51,9,854,0,17,133,149,132,193,324,107,15,1079,8,70,266,387,464,496,414,130,19,2255,30,54,177,174,188,248,242,87,9,1217,5,30,51,61,53,54,53,14,0,320
406,0,18,84,121,141,115,46,12,3,544,0,32,137,109,110,138,90,24,10,636,10,68,234,237,258,265,124,25,8,1237,12,60,174,167,164,119,71,17,3,783,3,11,24,27,30,24,14,4,0,148,10,48,169,139,107,90,55,26,4,642,0,0,6,3,4,8,3,9,0,57,9,12,35,33,51,31,21,16,4,203,328,403,894,779,830,723,562,344,126,5004,471,1285,3702,3435,3705,3307,2156,1002,295,19349,0,9,37,41,25,43,38,9,0,195,5,5,73,50,24,26,7,3,0,198,48,277,1172,1111,1230,1307,949,401,102,6593,25,73,378,247,245,294,219,115,30,1628,23,54,161,193,199,132,92,28,8,890,10,21,115,97,130,115,79,22,7,595,0,24,165,120,131,120,129,45,5,735,6,63,243,290,275,242,157,50,5,1340,15,66,198,169,144,173,98,29,6,905,0,26,50,32,30,33,25,7,0,200
407,3,39,167,200,263,298,191,75,28,1263,3,30,174,192,233,401,381,102,24,1532,35,164,468,593,646,682,611,200,59,3466,26,96,328,321,339,432,342,111,18,2018,15,39,85,79,65,96,83,27,11,494,49,136,337,361,309,258,172,62,13,1698,6,9,14,8,10,11,22,12,6,103,12,32,60,71,108,84,94,29,19,504,615,492,1096,1163,1258,1257,1273,887,425,8462,1039,2232,5915,6367,6951,7294,6419,3023,1018,40255,3,17,80,124,150,135,214,79,11,820,7,56,135,152,90,84,67,4,0,612,118,581,1779,1804,2094,2414,2451,1252,285,12798,75,237,798,613,563,641,607,332,73,3932,72,173,548,672,788,632,481,175,38,3581,9,55,209,234,264,332,284,117,31,1535,0,21,229,194,234,304,525,244,25,1777,32,150,526,651,737,784,874,357,71,4181,43,111,371,409,421,479,474,222,36,2572,21,62,109,100,93,112,88,43,16,644
497,0,0,0,0,0,0,0,0,0,0,0,0,0,0,0,0,0,0,0,0,0,0,0,0,0,0,0,0,0,0,0,0,0,0,0,0,0,0,0,0,0,0,0,0,0,0,0,0,0,0,0,0,0,0,0,0,0,0,0,4,0,0,0,0,0,0,0,0,0,0,0,0,0,0,0,0,0,0,0,0,0,0,0,0,0,0,0,0,0,0,0,0,0,0,0,0,0,0,0,5,0,0,0,0,0,0,0,0,0,0,0,0,0,0,0,0,0,0,0,0,0,0,0,0,5,0,0,0,0,5,0,0,0,0,0,0,0,0,0,0,0,0,0,0,0,0,0,0,0,0,0,0,0,0,0,0,0,0,0,0,0,0,0,0,0,0,0,0,0,0,0,0,0,0,0,0,0,0,0,0,0,0,0,0,0,0,0,0,0,0,0,0,0,0,0,0,0,0,0,0
499,0,3,6,0,3,5,0,0,0,21,0,0,6,8,5,3,5,0,0,20,0,11,23,7,10,11,9,0,4,68,0,6,21,5,5,3,7,0,0,46,0,3,3,7,5,0,6,0,0,21,0,5,15,6,0,4,4,0,0,31,0,0,0,0,0,0,0,0,0,0,0,0,4,3,7,0,0,0,0,16,19,39,73,89,100,63,35,8,5,417,24,85,236,170,186,152,114,21,11,999,0,4,4,0,3,11,4,0,0,23,0,0,7,4,0,0,0,0,0,12,0,7,37,37,24,45,39,6,0,205,0,3,12,7,12,11,7,0,0,60,0,6,12,4,0,5,4,0,0,32,0,0,6,4,6,3,7,0,0,29,0,0,0,3,3,4,0,0,0,11,0,5,18,11,20,15,13,4,0,78,0,0,14,7,10,9,10,0,0,53,0,0,9,3,4,8,0,0,0,27
501,15,26,233,334,337,319,180,66,21,1524,7,19,142,267,356,449,299,108,19,1670,52,111,453,679,717,583,485,126,32,3239,54,76,214,278,260,251,226,68,23,1449,25,54,102,112,93,92,66,18,10,569,23,102,379,476,372,225,122,44,14,1752,16,6,10,13,11,8,20,13,4,93,3,13,71,101,92,80,44,22,4,433,651,408,1069,1191,1292,1159,1019,669,285,7749,1202,2200,6701,7974,8042,7242,5310,2278,653,41600,4,29,117,229,228,207,227,83,6,1132,44,102,205,222,121,90,51,13,0,856,194,710,2385,2868,2984,2939,2396,1028,208,15707,55,296,983,949,842,928,734,306,88,5180,59,90,286,436,468,402,297,141,37,2213,20,48,229,374,386,373,264,119,33,1840,17,33,152,279,367,437,456,169,30,1939,111,159,522,703,836,750,628,264,46,4024,63,141,295,339,345,326,312,128,31,1985,36,77,138,144,114,106,88,36,7,738
502,4,21,83,130,179,154,100,37,10,717,4,15,70,111,155,207,121,81,23,790,20,67,223,292,359,302,361,181,26,1831,33,77,147,138,139,134,133,59,9,870,26,44,43,32,35,35,43,28,3,287,16,54,160,191,181,143,78,42,14,878,5,8,0,7,6,3,14,11,4,67,4,10,42,51,59,42,41,24,5,287,228,213,492,520,593,555,574,477,212,3850,539,1243,3327,3613,4082,3658,3468,2036,590,22545,0,25,37,82,56,82,93,29,5,409,21,83,140,122,81,65,39,19,0,561,133,384,1321,1467,1562,1827,1751,906,220,9565,52,140,458,407,482,481,450,297,68,2830,22,36,82,122,131,109,91,62,16,676,7,40,94,124,196,208,145,74,18,910,9,20,92,114,156,199,231,105,26,941,52,98,228,326,403,424,430,264,41,2280,43,101,183,189,181,175,205,81,16,1172,22,65,58,38,41,34,44,29,11,345
503,4,176,978,846,804,689,480,249,85,4306,3,36,216,223,267,377,265,105,40,1538,37,594,2453,2187,2255,1505,898,359,102,10384,35,347,1328,979,933,868,609,219,57,5365,31,255,660,327,236,188,113,31,9,1845,21,126,495,245,192,140,80,20,10,1328,16,26,20,9,8,10,6,3,5,113,4,32,117,116,113,81,45,26,12,540,290,595,1958,1139,966,828,674,433,217,7093,512,3510,13708,9930,9165,7521,4999,2342,830,52525,0,400,887,701,606,640,505,261,62,4059,12,178,628,720,412,252,87,22,0,2311,52,546,2847,2529,1971,1758,1339,653,224,11915,13,144,685,588,509,501,416,183,79,3114,4,52,202,171,177,155,101,82,27,976,15,157,1234,1013,957,838,570,354,109,5252,9,25,258,280,231,313,358,180,53,1708,101,749,2458,2686,2599,1943,1236,575,146,12491,59,383,1403,1219,1129,912,837,369,87,6400,50,310,734,490,254,207,163,61,8,2270
504,17,121,503,464,422,265,154,63,22,2026,11,55,282,364,390,441,270,109,29,1942,91,423,1917,1785,1469,1006,565,180,48,7477,83,277,808,796,654,534,334,93,29,3619,47,238,472,369,261,197,90,29,12,1716,38,167,703,544,434,309,177,64,9,2448,19,16,17,19,27,17,18,23,4,168,13,41,176,167,166,116,75,32,10,804,655,895,2203,1942,1736,1303,945,669,339,10689,1357,4375,14203,12886,11613,9031,5774,2575,773,62593,5,139,420,479,438,329,233,107,15,2168,42,219,708,963,517,252,86,14,0,2797,244,1035,4636,4516,4032,3841,2783,1203,247,22539,112,353,1386,1160,965,834,645,327,82,5851,13,77,271,264,280,205,150,73,10,1344,19,143,662,604,462,379,223,93,29,2608,11,63,377,372,405,435,358,182,42,2252,175,565,1833,2450,1725,1310,775,303,55,9198,148,370,1047,999,861,619,487,168,19,4715,91,294,609,521,296,191,153,44,8,2200
505,28,327,1327,1316,1167,800,427,184,75,5642,23,90,646,778,894,995,646,289,83,4442,240,983,4578,4703,4269,2803,1861,633,165,20225,185,649,1885,1815,1418,1217,685,230,69,8165,122,464,984,741,424,321,167,77,16,3323,50,300,1232,1060,909,573,309,124,36,4584,34,38,38,36,39,25,31,34,15,291,13,90,322,339,360,226,138,94,22,1593,1152,1206,3338,2749,2568,1936,1506,1141,628,16219,2511,8632,30171,28468,25854,19510,12466,5864,1848,135323,10,380,975,1074,1078,834,586,272,44,5271,84,494,1359,2160,1396,694,272,46,0,6507,375,1858,8400,8848,8161,7696,5960,2678,712,44696,226,802,3658,3556,3011,2468,1667,783,229,16402,22,118,431,648,520,438,256,109,30,2570,47,479,1624,1562,1398,992,590,275,67,7030,41,168,811,900,926,993,844,416,121,5224,430,1317,4096,5694,5029,3553,2503,1084,225,23940,263,879,2127,2066,1887,1446,1028,384,79,10156,210,656,1102,954,585,367,221,88,23,4207
506,20,304,1359,1050,865,669,345,144,51,4801,13,108,490,604,620,738,530,235,53,3377,207,1356,5005,4145,3092,2146,1289,419,110,17766,154,635,1802,1432,1177,978,648,226,51,7107,132,380,863,520,286,218,123,56,23,2607,68,400,1550,978,714,439,291,109,28,4569,43,49,46,50,36,34,35,25,7,318,18,82,338,333,332,222,125,56,31,1528,1122,1606,4099,3190,2602,2107,1631,1254,678,18285,2449,9623,30998,25759,21082,16648,11158,5191,1689,124589,14,402,1047,1041,973,740,561,245,51,5069,125,599,1772,2470,1096,514,202,31,3,6808,406,2201,8936,9759,8008,6815,5172,2318,580,44187,159,663,2388,1997,1535,1417,1228,609,193,10182,39,142,446,499,470,389,272,132,37,2426,43,472,1556,1477,1062,755,477,225,63,6135,41,135,629,632,684,733,700,334,82,3974,414,1454,4535,5503,3935,2704,1814,684,135,21176,269,785,1858,1844,1434,1140,878,390,72,8661,151,549,993,731,417,231,185,74,24,3351
507,25,224,1041,1162,955,647,356,157,43,4608,15,83,459,525,659,746,452,202,53,3189,129,732,2674,2995,2739,1992,1217,423,128,13040,162,462,1292,1175,1069,866,544,200,54,5825,91,332,644,476,342,239,127,39,15,2307,65,246,858,765,681,371,238,113,27,3372,25,23,34,23,21,30,34,31,9,225,7,59,224,276,261,200,111,60,24,1219,1005,1314,3126,2679,2411,1778,1407,1171,581,15469,2105,6904,21606,21425,19773,15035,9738,4843,1623,103044,4,272,697,821,801,700,583,229,51,4160,92,373,950,1436,839,413,155,37,4,4306,439,1698,7040,7884,7253,6500,4617,2163,566,38153,157,593,2108,1882,1720,1496,1072,605,199,9821,21,120,364,527,492,387,262,122,32,2333,44,288,1326,1324,1192,851,542,237,63,5863,46,120,604,639,654,800,682,318,65,3922,242,880,2655,3702,3400,2555,1735,669,157,15996,222,632,1576,1453,1393,1056,755,341,87,7508,158,439,749,674,417,277,231,59,12,3011
509,5,29,127,151,206,221,104,45,11,901,0,18,91,135,206,308,185,65,11,1015,53,81,281,348,409,416,319,82,24,2012,47,64,157,220,232,272,190,50,14,1249,12,35,59,61,50,83,69,14,0,388,14,54,140,199,219,168,129,40,10,989,10,8,4,5,4,14,21,13,7,77,6,11,47,54,84,68,45,29,5,359,527,447,1202,1134,1234,1292,1047,685,251,7832,974,1766,4730,4991,5605,5934,4406,1954,567,30923,3,30,69,103,113,102,119,55,7,609,23,53,105,90,78,69,45,11,0,460,123,424,1531,1477,1639,1897,1603,643,133,9475,49,152,523,439,450,503,445,209,56,2828,76,176,363,531,557,555,421,175,45,2897,10,29,159,156,198,260,161,84,12,1075,0,13,102,143,232,258,316,106,19,1190,92,121,293,385,428,470,387,159,30,2359,35,72,178,218,239,298,271,76,16,1405,20,29,77,84,78,70,86,36,7,482
510,0,14,198,211,201,131,33,0,0,791,0,26,163,180,152,158,52,9,0,739,20,48,419,503,347,222,46,0,4,1610,15,54,267,233,178,118,32,3,3,905,4,24,92,63,40,38,4,0,0,273,4,33,236,235,183,95,30,4,0,834,0,6,9,6,8,8,0,0,0,49,3,18,74,100,89,52,9,0,0,342,537,657,2537,2123,1673,1058,345,95,21,9049,715,1731,8882,7653,5880,3574,957,196,38,29635,0,22,92,93,64,34,15,3,0,322,11,23,65,69,23,16,5,0,0,212,84,428,2294,2373,1667,1078,326,59,3,8319,16,87,585,551,362,262,101,30,5,1987,9,41,134,171,139,91,30,7,0,624,0,26,178,174,147,121,44,3,0,687,4,22,149,179,173,118,57,8,0,716,23,58,328,469,352,220,83,7,0,1539,22,53,231,223,169,144,55,11,0,902,0,14,82,66,35,12,21,4,0,244
511,0,24,153,181,191,149,65,21,10,791,0,27,155,175,196,182,94,27,5,856,18,62,333,391,363,298,126,51,8,1652,24,48,227,188,200,142,71,20,10,935,5,28,74,56,50,28,22,6,0,278,16,70,187,191,211,116,75,20,3,893,6,10,8,9,9,8,13,17,0,72,3,15,70,70,77,61,21,13,3,331,550,532,1407,1261,1357,1126,740,387,155,7521,865,1989,6053,5588,5738,4682,2641,1061,287,28901,0,46,164,137,108,76,44,13,4,593,13,44,96,89,55,26,18,0,0,346,146,592,2266,2065,2008,1800,1122,378,96,10469,28,171,552,448,393,451,332,124,19,2514,23,69,165,220,263,220,157,61,13,1201,4,38,164,172,211,180,107,23,6,912,3,24,114,166,188,208,127,43,8,879,34,110,283,417,418,340,183,64,15,1868,27,65,209,226,180,155,98,36,7,997,14,36,69,62,39,33,27,8,0,293
597,0,0,0,5,0,0,0,0,0,7,0,0,0,0,0,0,0,0,0,0,0,0,3,0,0,3,0,0,0,11,0,0,3,0,0,0,0,0,0,5,0,0,0,0,0,0,0,0,0,4,0,0,3,8,10,3,0,0,0,19,0,0,0,0,0,0,0,0,0,0,0,0,0,3,0,0,0,0,0,3,0,0,30,17,21,6,0,0,0,79,0,11,100,94,78,27,4,3,0,317,0,0,0,0,0,0,0,0,0,9,0,0,0,0,0,0,0,0,0,0,0,4,18,46,27,15,5,0,0,116,0,0,7,7,0,0,0,0,0,18,0,0,0,0,0,0,0,0,0,5,0,0,0,3,0,0,0,0,0,3,0,0,0,0,0,0,0,0,0,0,0,0,4,4,0,0,0,0,0,8,0,0,3,0,0,0,0,0,0,7,0,0,0,0,4,0,0,0,0,4
599,0,0,15,4,11,14,4,0,0,54,0,4,6,6,0,17,3,0,0,36,6,5,30,24,16,21,20,0,0,122,4,8,28,9,13,7,5,0,0,79,0,8,12,0,3,3,9,0,0,38,0,3,21,21,13,8,4,0,0,63,0,0,0,0,0,0,0,0,0,5,0,3,4,8,6,0,4,3,0,33,25,69,228,223,249,133,71,13,0,1020,34,157,591,447,459,370,234,33,4,2328,0,0,8,3,8,3,9,0,0,34,0,0,10,6,3,0,0,0,0,29,0,21,112,82,81,85,71,19,0,470,0,0,40,37,28,16,23,0,0,154,0,4,9,10,4,6,8,0,0,45,0,0,14,10,8,4,7,0,0,48,0,0,9,8,4,6,3,5,0,36,6,13,32,32,25,25,23,0,0,145,4,9,26,22,9,11,7,0,0,91,0,10,10,8,9,0,4,0,0,31
601,9,89,480,496,497,484,279,138,58,2521,3,31,306,368,343,535,441,162,46,2235,51,374,1394,1330,1389,1196,782,304,105,6923,35,293,846,850,844,858,596,170,56,4554,19,114,378,314,258,210,169,59,17,1526,43,190,563,526,393,276,141,60,19,2201,11,24,23,14,20,20,27,18,5,159,13,39,119,173,153,142,85,47,23,787,546,565,1190,1059,1147,1149,1010,734,290,7693,900,3139,9946,9431,9620,9248,6544,3239,1129,53198,5,139,574,536,568,476,413,190,53,2952,4,298,1567,987,448,281,112,24,0,3728,66,478,2517,2094,2189,2361,2028,1186,331,13259,71,395,1487,1176,1078,1102,733,426,112,6593,3,84,313,384,373,328,220,86,25,1820,7,148,806,615,576,553,428,165,56,3360,0,42,359,446,418,501,592,256,65,2685,46,523,3991,2208,1612,1382,1031,431,99,11335,36,294,1259,1046,1059,912,817,282,54,5757,14,174,523,432,343,247,193,80,23,2031
602,5,62,203,251,268,312,152,64,19,1350,0,28,167,212,254,332,252,70,27,1339,22,168,518,553,621,560,375,129,40,2985,16,117,231,284,312,333,268,88,18,1657,0,66,137,151,107,115,98,36,10,719,44,121,266,283,271,194,131,61,11,1380,6,10,5,8,5,18,19,12,3,93,8,12,57,62,86,86,59,28,9,411,496,405,669,669,890,903,957,568,225,5779,752,2028,4824,4951,5788,5862,4567,2115,643,31525,0,21,108,141,158,167,160,85,16,858,18,120,432,269,169,125,67,10,0,1202,36,398,1639,1385,1584,1918,1618,829,213,9632,36,256,882,596,685,709,508,268,75,4008,25,104,328,365,405,339,233,98,27,1920,10,50,351,319,325,323,248,107,27,1755,0,27,181,258,273,325,353,155,33,1596,22,196,1190,825,740,684,537,221,46,4459,13,118,392,357,403,405,372,128,28,2219,15,73,211,175,146,124,134,54,13,942
603,0,0,21,37,58,87,50,20,7,284,0,3,13,43,57,92,100,36,3,346,3,17,69,109,118,170,136,22,9,649,0,14,48,70,97,128,114,30,4,502,6,9,14,42,34,53,51,16,3,228,10,19,72,100,86,62,39,14,4,410,8,0,5,0,6,4,10,6,0,31,0,3,9,21,32,27,25,10,0,130,155,77,156,204,282,338,336,185,61,1788,222,358,995,1343,1673,2013,1649,618,152,9026,0,8,34,64,64,91,74,36,3,373,3,17,44,67,37,45,27,4,0,238,22,89,336,378,467,641,556,227,34,2743,16,69,211,191,209,269,201,96,12,1275,17,44,134,169,149,149,106,41,7,811,0,5,36,41,69,87,96,37,10,386,0,0,24,49,49,82,116,52,6,374,3,33,147,149,179,190,183,57,21,956,5,24,67,121,103,146,170,40,14,678,0,13,32,61,40,67,64,37,0,318
604,0,29,132,149,189,222,113,45,10,897,0,14,102,138,166,247,193,75,15,945,28,95,280,388,411,373,241,82,16,1908,19,76,144,170,245,218,158,57,11,1094,4,28,58,59,37,51,51,17,4,320,32,86,201,217,170,172,125,45,7,1052,0,4,3,4,0,20,16,10,7,70,4,17,39,34,67,56,51,12,5,294,358,233,444,473,699,747,729,501,185,4369,616,1398,3522,3737,4437,4594,3329,1694,456,23777,0,6,66,55,67,87,92,53,10,435,3,48,222,164,79,81,51,14,0,657,64,333,1309,1238,1482,1681,1341,627,138,8207,42,231,623,414,480,623,482,229,49,3174,16,75,210,271,268,238,126,50,10,1269,0,35,181,192,229,246,178,69,16,1145,0,22,120,174,165,240,293,134,21,1169,15,104,631,438,481,473,369,120,18,2656,14,91,250,236,266,255,226,88,15,1440,9,25,79,77,56,56,63,21,0,383
697,0,0,0,0,0,0,0,0,0,0,0,0,0,0,0,0,0,0,0,0,0,0,0,0,0,0,0,0,0,0,0,0,0,0,0,0,0,0,0,0,0,0,0,0,0,0,0,0,0,0,0,0,0,0,0,0,0,0,0,4,0,0,0,0,0,0,0,0,0,0,0,0,0,0,0,0,0,0,0,0,0,0,0,0,0,0,0,0,0,3,0,4,17,7,6,5,4,0,0,33,0,0,0,0,0,0,0,0,0,0,0,0,0,0,0,0,0,0,0,0,0,0,0,3,0,0,0,0,0,7,0,0,0,0,0,0,0,0,0,0,0,0,0,0,0,0,0,0,0,0,0,0,0,0,0,0,0,0,0,0,0,0,0,0,0,0,0,0,0,0,0,0,0,0,3,0,0,0,0,3,0,0,0,0,0,0,0,0,0,0,0,0,0,0,0,0,0,0,0,0
699,0,0,3,0,4,0,0,0,0,13,0,0,0,0,0,0,0,0,0,5,0,3,6,4,3,3,0,0,0,15,0,0,3,3,4,6,4,0,0,15,0,0,4,4,4,0,0,0,0,12,0,4,5,4,0,0,0,0,0,16,0,0,0,0,0,0,0,0,0,0,0,0,0,0,0,0,0,0,0,8,3,17,36,27,23,13,4,3,0,131,12,39,79,60,50,37,28,9,0,307,0,0,0,0,0,0,0,0,0,0,0,5,3,3,3,4,3,0,0,14,0,4,11,11,12,21,7,6,0,66,0,0,8,3,0,8,0,0,0,20,0,0,0,0,4,5,0,0,0,11,0,0,3,3,3,4,0,0,0,9,0,0,0,0,4,0,0,0,0,3,0,4,4,0,3,0,0,0,0,14,0,0,5,5,7,4,5,0,0,16,0,0,3,7,7,0,0,0,0,16
701,6,76,465,385,305,218,85,21,4,1563,4,11,159,235,232,270,154,39,4,1103,41,251,1131,979,867,524,221,42,4,4066,38,165,617,577,493,366,182,49,8,2496,14,49,167,145,89,72,43,9,5,591,32,97,424,305,241,126,51,14,0,1285,6,13,22,10,12,13,12,0,0,99,12,42,173,163,129,72,32,9,0,631,575,869,2491,1930,1665,1180,631,202,61,9600,921,2780,10855,8885,7537,5282,2596,754,165,39774,0,42,177,195,174,131,107,27,9,848,31,210,593,432,215,109,45,0,0,1633,170,598,2415,2115,1960,1606,949,336,58,10210,69,144,670,619,514,458,263,124,22,2876,23,56,175,231,223,170,99,26,0,1010,12,85,538,522,359,260,128,34,11,1950,0,32,214,232,228,251,199,81,9,1240,60,271,1832,1301,979,607,337,97,7,5493,72,184,763,785,612,411,263,86,16,3194,5,51,159,162,112,82,43,13,0,628
702,5,20,206,187,176,107,48,4,4,755,3,14,142,147,150,171,88,27,0,737,8,51,312,292,264,223,69,8,0,1218,9,65,333,332,291,220,62,19,0,1329,14,27,67,65,49,43,16,3,0,282,25,67,168,112,123,70,28,5,0,593,6,5,8,8,6,11,6,0,0,45,6,18,76,69,63,47,14,5,0,297,860,922,1788,1300,1201,853,437,150,29,7542,1005,1620,4619,3789,3631,2770,1228,337,61,19058,0,4,49,65,39,49,36,12,0,257,3,15,99,91,35,31,5,0,0,288,42,201,860,725,678,621,336,95,11,3562,15,85,345,321,254,222,112,31,5,1382,28,81,169,184,166,117,41,13,0,787,3,37,234,257,170,149,52,11,0,906,0,26,143,135,135,159,98,28,0,724,23,41,434,353,261,207,115,12,0,1452,12,73,369,374,296,217,113,22,3,1478,5,25,84,82,39,44,23,11,0,316
797,0,0,0,0,0,0,0,0,0,0,0,0,0,0,0,0,0,0,0,0,0,0,0,0,0,0,0,0,0,0,0,0,0,0,0,0,0,0,0,0,0,0,0,0,0,0,0,0,0,0,0,0,5,5,0,0,0,0,0,3,0,0,0,0,0,0,0,0,0,0,0,0,0,0,0,0,0,0,0,0,0,3,3,5,0,4,0,0,0,12,0,4,17,20,11,4,0,0,0,49,0,0,0,0,0,0,0,0,0,0,0,0,0,0,0,0,0,0,0,0,0,0,6,3,9,6,0,0,0,33,0,0,0,0,0,0,0,0,0,0,0,0,0,0,0,0,0,0,0,0,0,0,0,0,0,0,0,0,0,0,0,0,0,0,0,0,0,0,0,0,0,0,0,0,0,0,0,0,0,0,0,0,0,0,0,0,0,0,0,0,0,0,0,0,0,0,0,0,0,0
799,0,0,5,0,0,6,0,0,0,9,0,0,6,0,6,9,9,0,0,21,0,4,14,11,11,7,4,0,0,51,0,7,3,8,10,6,6,0,0,33,0,5,9,0,0,0,0,0,0,6,0,0,3,0,0,6,0,0,0,15,4,7,0,0,0,0,0,0,0,17,0,0,0,0,0,3,0,0,0,6,4,37,101,87,108,69,45,12,0,453,13,68,180,152,182,163,113,20,0,891,0,6,3,4,3,5,0,0,0,20,0,0,0,7,0,3,0,0,0,12,0,6,43,29,17,33,39,10,0,167,0,0,17,15,8,9,8,0,0,62,4,0,3,3,0,6,4,0,0,21,0,0,7,5,4,6,4,0,0,27,0,0,4,4,0,3,10,0,0,20,0,3,16,18,9,10,11,0,0,71,0,0,12,8,5,0,10,0,0,36,0,0,9,0,3,0,3,0,0,16
801,9,181,1131,928,734,608,289,144,60,4092,9,106,629,722,586,628,466,240,68,3460,91,1110,4278,4192,3464,2399,1339,414,141,17427,102,1025,4167,3590,2990,2696,2147,733,229,17682,57,385,1151,858,574,383,185,59,14,3665,66,272,946,731,480,274,154,65,19,3017,21,39,20,11,9,20,15,17,8,163,15,82,325,395,352,255,191,111,43,1779,667,1103,2557,2024,1701,1271,1035,765,392,11521,1292,7012,25558,23430,19259,15145,10208,4534,1632,108068,10,471,1623,1408,1305,1248,1133,640,172,8002,77,1143,4255,4545,2656,1702,673,115,3,15170,67,765,4334,3971,3442,3004,2398,1292,479,19757,108,661,2290,1744,1430,1127,805,536,168,8869,10,99,511,517,486,440,296,174,54,2586,15,294,1530,1273,898,710,479,222,77,5491,5,92,798,880,768,642,605,370,90,4261,95,1027,5665,5627,4432,3020,1887,730,169,22651,105,1307,4912,4438,3760,2855,2529,1215,297,21416,69,436,1303,1193,724,418,281,98,19,4541
897,0,0,0,0,0,0,0,0,0,0,0,0,0,0,0,0,0,0,0,0,0,0,0,0,0,0,0,0,0,0,0,0,0,0,0,0,0,0,0,0,0,0,0,0,0,0,0,0,0,0,0,0,0,0,0,0,0,0,0,0,0,0,0,0,0,0,0,0,0,0,0,0,0,0,0,0,0,0,0,0,0,0,0,0,0,0,0,0,0,0,0,0,0,0,0,0,0,0,0,0,0,0,0,0,0,0,0,0,0,0,0,0,0,0,0,0,0,0,0,0,0,0,0,0,0,0,0,0,0,0,0,0,0,0,0,0,0,0,0,0,0,0,0,0,0,0,0,0,0,0,0,0,0,0,0,0,0,0,0,0,0,0,0,0,0,0,0,0,0,0,0,0,0,0,0,0,0,0,0,0,0,0,0,0,0,0,0,0,0,0,0,0,0,0,0,0,0,0,0,0
899,0,0,3,3,3,0,0,0,0,7,0,0,0,0,0,0,0,0,0,4,0,0,3,5,0,0,0,0,0,12,0,4,0,6,5,4,5,0,0,18,0,0,0,0,0,0,0,0,0,0,0,0,3,0,0,0,0,0,0,4,0,0,0,0,0,0,0,0,0,0,0,0,0,0,0,4,0,0,0,4,3,3,10,20,20,16,3,0,0,84,7,16,34,45,29,37,15,0,0,187,0,0,0,0,5,0,0,0,0,10,0,0,0,0,0,5,0,0,0,8,0,0,6,0,4,5,0,0,0,18,0,0,0,3,0,0,0,0,0,10,0,0,0,0,0,0,0,0,0,3,0,0,0,0,0,0,0,0,0,9,0,0,0,0,0,0,0,0,0,0,0,0,0,4,0,3,0,0,0,11,0,0,5,4,0,0,4,0,0,20,0,0,0,0,0,0,0,0,0,0
901,0,0,0,7,5,9,5,4,0,27,0,0,4,15,10,0,4,0,0,38,0,4,12,26,19,10,9,3,0,87,0,8,20,16,9,14,3,4,3,69,0,4,0,0,3,0,5,0,0,10,0,0,7,14,7,11,4,0,0,50,0,0,0,0,0,0,0,0,0,0,0,4,0,3,7,3,0,0,0,19,19,59,140,96,85,70,45,25,3,537,31,89,272,274,264,240,143,55,16,1378,0,0,4,3,5,7,7,6,0,32,0,0,0,3,0,3,3,0,0,22,3,12,46,41,61,77,61,13,4,319,3,8,15,17,28,29,16,8,5,141,0,0,8,4,9,13,0,4,0,39,0,0,4,4,7,0,6,0,4,22,0,0,4,10,6,8,6,0,0,35,0,3,12,17,14,18,13,5,0,82,0,5,8,29,11,5,14,3,0,69,0,0,5,4,3,5,4,0,0,18
997,0,0,0,0,0,0,0,0,0,0,0,0,0,0,0,0,0,0,0,0,0,0,0,0,0,0,0,0,0,0,0,0,0,0,0,0,0,0,0,0,0,0,0,0,0,0,0,0,0,0,0,0,0,0,0,0,0,0,0,0,0,0,0,0,0,0,0,0,0,0,0,0,0,0,0,0,0,0,0,0,0,0,0,0,0,0,0,0,0,0,0,0,3,0,0,0,0,0,0,4,0,0,0,0,0,0,0,0,0,0,0,0,0,0,0,0,0,0,0,0,0,0,0,0,0,0,0,0,0,0,0,0,0,0,0,0,0,0,0,0,0,0,0,0,0,0,0,0,0,0,0,0,0,0,0,0,0,0,0,0,0,0,0,0,0,0,0,0,0,0,0,0,0,0,0,0,0,0,0,0,0,0,0,0,0,0,0,0,0,0,0,0,0,0,0,0,0,0,0,0
999,0,0,0,0,0,0,0,0,0,0,0,0,0,0,0,0,0,0,0,0,0,0,0,0,0,0,0,0,0,0,0,0,0,0,0,0,0,0,0,0,0,0,0,0,0,0,0,0,0,0,0,0,0,0,0,0,0,0,0,0,0,0,0,0,0,0,0,0,0,0,0,0,0,0,0,0,0,0,0,0,0,0,0,0,0,0,0,0,0,4,0,0,0,0,0,0,3,0,0,10,0,0,0,0,0,0,0,0,0,0,0,0,0,0,0,0,0,0,0,0,0,0,0,0,0,0,0,0,0,0,0,0,0,0,0,0,0,0,0,0,0,0,0,0,0,0,0,0,0,0,0,0,0,0,0,0,0,0,0,0,0,0,0,0,0,0,0,0,0,0,0,0,0,0,0,0,0,0,0,0,0,0,0,0,0,0,0,0,0,0,0,0,0,0,0,0,0,0,0,0
