SA4_CODE_2021,C21_P_35_39_Tot_LF,C21_P_35_39_Not_LF,C21_P_35_39_LF_NS,C21_P_35_39_Tot,C21_P_40_44_Em_FT,C21_P_40_44_Em_PT,C21_P_40_44_Em_AFW,C21_P_40_44_Em_Hrs_NS,C21_P_40_44_Em_Tot,C21_P_40_44_Unem_Look_FT,C21_P_40_44_Unem_Look_PT,C21_P_40_44_Unem_Tot,C21_P_40_44_Tot_LF,C21_P_40_44_Not_LF,C21_P_40_44_LF_NS,C21_P_40_44_Tot,C21_P_45_49_Em_FT,C21_P_45_49_Em_PT,C21_P_45_49_Em_AFW,C21_P_45_49_Em_Hrs_NS,C21_P_45_49_Em_Tot,C21_P_45_49_Unem_Look_FT,C21_P_45_49_Unem_Look_PT,C21_P_45_49_Unem_Tot,C21_P_45_49_Tot_LF,C21_P_45_49_Not_LF,C21_P_45_49_LF_NS,C21_P_45_49_Tot,C21_P_50_54_Em_FT,C21_P_50_54_Em_PT,C21_P_50_54_Em_AFW,C21_P_50_54_Em_Hrs_NS,C21_P_50_54_Em_Tot,C21_P_50_54_Unem_Look_FT,C21_P_50_54_Unem_Look_PT,C21_P_50_54_Unem_Tot,C21_P_50_54_Tot_LF,C21_P_50_54_Not_LF,C21_P_50_54_LF_NS,C21_P_50_54_Tot,C21_P_55_59_Em_FT,C21_P_55_59_Em_PT,C21_P_55_59_Em_AFW,C21_P_55_59_Em_Hrs_NS,C21_P_55_59_Em_Tot,C21_P_55_59_Unem_Look_FT,C21_P_55_59_Unem_Look_PT,C21_P_55_59_Unem_Tot,C21_P_55_59_Tot_LF,C21_P_55_59_Not_LF,C21_P_55_59_LF_NS,C21_P_55_59_Tot,C21_P_60_64_Em_FT,C21_P_60_64_Em_PT,C21_P_60_64_Em_AFW,C21_P_60_64_Em_Hrs_NS,C21_P_60_64_Em_Tot,C21_P_60_64_Unem_Look_FT,C21_P_60_64_Unem_Look_PT,C21_P_60_64_Unem_Tot,C21_P_60_64_Tot_LF,C21_P_60_64_Not_LF,C21_P_60_64_LF_NS,C21_P_60_64_Tot,C21_P_65_69_Em_FT,C21_P_65_69_Em_PT,C21_P_65_69_Em_AFW,C21_P_65_69_Em_Hrs_NS,C21_P_65_69_Em_Tot,C21_P_65_69_Unem_Look_FT,C21_P_65_69_Unem_Look_PT,C21_P_65_69_Unem_Tot,C21_P_65_69_Tot_LF,C21_P_65_69_Not_LF,C21_P_65_69_LF_NS,C21_P_65_69_Tot,C21_P_70_74_Em_FT,C21_P_70_74_Em_PT,C21_P_70_74_Em_AFW,C21_P_70_74_Em_Hrs_NS,C21_P_70_74_Em_Tot,C21_P_70_74_Unem_Look_FT,C21_P_70_74_Unem_Look_PT,C21_P_70_74_Unem_Tot,C21_P_70_74_Tot_LF,C21_P_70_74_Not_LF,C21_P_70_74_LF_NS,C21_P_70_74_Tot,C21_P_75over_Emp_Wor_ft,C21_P_75over_Em_Work_pt,C21_P_75over_Em_Aw_fr_w,C21_P_75over_Emp_Hou_w_ns,C21_P_75over_Em_Tot,C21_P_75over_Unem_Lo_ft_w,C21_P_75over_Unem_Lo_pt_w,C21_P_75over_Unemp_Tot,C21_P_75over_Tot_lab_for,C21_P_75over_N_lab_forc,C21_P_75over_LF_NS,C21_P_75over_Tot,C21_P_Tot_Em_FT,C21_P_Tot_Em_PT,C21_P_Tot_Em_AFW,C21_P_Tot_Em_Hrs_NS,C21_P_Tot_Em_Tot,C21_P_Tot_Unem_Look_FT,C21_P_Tot_Unem_Look_PT,C21_P_Tot_Unem_Tot,C21_P_Tot_Tot_labo_for,C21_P_Tot_Not_LF,C21_P_Tot_LF_NS,C21_P_Tot_Tot
101,11470,1644,852,13964,7203,2847,398,167,10615,187,96,284,10896,1447,816,13156,8321,2969,437,164,11881,225,114,337,12221,1904,904,15025,8455,3443,543,177,12620,247,117,367,12988,2476,963,16423,7345,3754,598,173,11866,226,124,350,12217,4032,1120,17373,4853,3848,568,111,9382,175,178,350,9729,7177,1085,17998,2028,2256,310,85,4684,50,92,141,4824,10649,959,16434,797,1133,97,50,2085,7,34,38,2127,11704,1000,14831,466,635,71,78,1253,4,7,12,1265,18714,1962,21936,66989,36848,5531,2049,111423,2216,1791,4005,115425,69160,12973,197558
102,16697,3078,1009,20786,9467,4883,1229,224,15803,356,196,548,16354,3222,1000,20567,10385,4902,1256,211,16757,414,194,611,17363,3535,1047,21944,9962,5004,1312,241,16509,411,182,594,17108,4213,921,22238,8591,5022,1307,158,15084,385,225,606,15690,5821,969,22485,5457,4531,1205,105,11298,291,245,536,11830,9667,904,22398,1903,2406,629,63,5006,68,94,164,5163,14613,974,20754,497,995,205,35,1723,5,42,47,1768,17066,1098,19938,179,523,113,75,883,11,16,29,912,31035,4303,36250,79291,52926,16228,2398,150834,4246,3216,7463,158296,109849,16097,284248
103,9898,1678,890,12463,6034,2419,270,157,8872,208,112,311,9194,1635,834,11656,6910,2502,287,145,9840,223,104,325,10166,1778,854,12795,6767,2625,369,138,9892,213,110,323,10218,2301,890,13410,6054,2800,434,129,9425,196,121,314,9743,3250,939,13933,4397,2786,429,101,7708,162,144,311,8022,5091,874,13986,1937,1764,241,79,4017,34,53,87,4103,7689,811,12605,797,964,87,46,1890,7,20,29,1921,9253,868,12044,475,695,75,102,1341,0,14,22,1359,16682,1945,19991,58548,30750,4460,1765,95519,2317,1741,4057,99573,59825,12196,171594
104,6098,1424,561,8083,3438,2011,207,115,5764,169,116,284,6052,1260,580,7891,4105,2102,235,101,6545,190,120,308,6853,1449,573,8867,3972,2246,255,104,6580,166,108,276,6855,1823,562,9238,3495,2456,346,90,6380,196,120,316,6698,2816,597,10105,2518,2513,317,83,5428,158,173,328,5757,4819,565,11144,995,1351,165,36,2542,38,48,83,2628,7707,546,10881,280,590,50,23,945,0,11,14,962,8224,576,9764,139,256,27,38,464,6,9,8,475,13813,1681,15970,31206,23965,2834,1194,59192,1940,1581,3520,62713,50320,8258,121293
105,5090,1014,779,6887,3046,1068,121,79,4314,120,52,170,4488,875,732,6094,3239,1004,138,81,4458,130,46,177,4633,1063,685,6376,3510,1158,152,84,4903,129,52,183,5088,1219,783,7087,3372,1243,185,86,4897,110,66,174,5072,1610,795,7479,2631,1354,209,91,4288,108,75,182,4470,2582,691,7745,1204,841,127,45,2213,29,45,72,2284,3742,657,6686,506,434,53,34,1026,4,11,12,1038,4282,621,5942,323,310,43,51,719,0,4,4,728,8141,1495,10367,31876,14310,2163,1150,49502,1392,871,2265,51763,30459,10441,92669
106,14633,2734,839,18209,8555,3790,573,199,13119,320,161,478,13600,2599,819,17016,9098,3919,584,209,13810,320,153,474,14286,2878,814,17977,8754,3913,702,184,13549,316,168,483,14038,3421,796,18252,7456,3808,798,156,12224,300,164,465,12682,4838,839,18370,4684,3498,690,131,9007,228,196,425,9426,8402,806,18634,1683,1831,331,72,3921,54,72,123,4046,12329,728,17103,469,855,120,47,1491,8,31,38,1522,13228,800,15545,236,500,71,64,866,3,11,9,873,20643,2131,23649,76279,43803,8405,2332,130822,3695,2791,6487,137309,85594,12147,235041
107,15926,2877,824,19627,9206,4504,1090,159,14963,310,168,481,15443,2720,777,18940,9916,4520,1079,163,15676,342,169,510,16188,3109,816,20112,8966,4071,1101,158,14285,276,157,434,14718,3779,660,19159,7712,4188,1116,128,13145,283,173,454,13597,5470,673,19743,4578,3471,942,98,9093,166,186,357,9450,9289,676,19407,1432,1749,474,50,3710,45,61,103,3811,12529,675,17017,354,738,132,23,1239,8,32,40,1278,13306,706,15292,134,309,70,28,541,8,3,14,561,24609,2805,27970,77454,48452,14846,1982,142732,3712,3242,6950,149685,95788,12252,257723
108,8056,1856,728,10643,4812,2743,312,163,8023,237,126,367,8391,1905,692,10986,5839,3079,315,158,9390,245,142,386,9779,2256,738,12772,5876,3359,431,179,9846,269,179,455,10297,2947,792,14031,5407,3828,559,170,9972,288,210,501,10475,4682,925,16082,3838,3978,533,142,8484,257,278,537,9020,8695,990,18715,1500,2076,289,63,3926,79,108,189,4116,13706,1028,18843,521,944,90,59,1617,0,30,37,1652,15918,1120,18690,242,555,60,108,972,9,13,16,988,27102,3006,31104,44874,34778,4434,1883,85976,2952,2330,5283,91257,89140,12804,193195
109,5529,814,528,6870,3376,1577,143,66,5159,120,61,179,5336,861,501,6703,3772,1516,182,85,5548,130,48,185,5729,896,528,7150,3930,1572,223,78,5793,105,53,162,5956,1165,540,7660,3558,1765,239,77,5636,126,75,198,5837,1694,593,8126,2761,1910,291,68,5028,118,98,215,5246,3049,600,8897,1193,1203,174,41,2615,28,47,74,2692,5097,600,8387,410,584,57,31,1088,3,10,14,1102,6085,589,7777,240,335,47,60,682,3,3,8,687,10583,1424,12694,32905,19072,2564,1017,55555,1315,1024,2338,57892,35373,7994,101262
110,8025,1416,1037,10477,5039,1952,198,120,7318,184,104,283,7603,1325,921,9852,5429,2058,232,116,7835,218,107,321,8159,1535,1013,10705,5711,1970,258,108,8054,231,102,330,8384,1882,1066,11325,5182,2346,349,129,8000,187,108,301,8302,2720,1066,12083,4001,2372,355,132,6862,197,129,327,7187,4310,1010,12506,1878,1596,189,61,3720,42,54,97,3816,6505,875,11192,815,875,97,56,1846,7,9,15,1862,7579,940,10379,475,611,81,120,1280,0,10,10,1295,14377,2149,17817,49547,25529,3396,1666,80142,2382,1688,4076,84212,51183,14663,150057
111,21354,2946,1039,25336,12029,5844,742,185,18797,390,230,623,19417,2859,923,23198,12914,5523,700,197,19338,452,221,680,20014,3299,941,24253,12048,5553,836,182,18625,428,228,659,19284,3871,782,23933,9915,5450,890,121,16367,369,220,592,16959,5844,887,23689,6105,4737,888,124,11853,293,273,565,12419,10532,788,23745,1920,2525,404,47,4898,86,108,200,5097,15774,906,21783,448,1074,141,20,1678,9,45,51,1733,17210,946,19889,163,564,67,38,834,3,11,17,852,31903,3443,36200,105219,67473,11312,2335,186341,4832,4406,9240,195577,112119,15201,322898
112,11513,2209,1251,14970,6428,4235,484,206,11353,230,182,411,11764,2075,1185,15028,7268,4445,499,191,12397,270,203,473,12872,2470,1268,16607,6934,4343,528,206,12011,261,214,475,12487,2959,1128,16572,6415,4662,593,171,11837,268,206,480,12317,4385,1211,17906,4661,4638,631,148,10088,258,280,536,10626,7748,1218,19593,1832,2790,328,75,5023,51,122,171,5196,12406,1184,18786,562,1251,119,56,1996,7,37,42,2036,13400,1010,16454,289,631,69,100,1083,7,20,18,1104,23532,2923,27556,55373,47194,6071,2234,110874,2771,2764,5533,116412,81279,16551,214236
113,7984,1339,658,9985,4912,1857,180,105,7054,163,50,221,7275,1181,619,9072,5272,1794,173,112,7350,132,77,204,7554,1320,675,9551,5249,1845,208,97,7400,144,64,200,7600,1566,636,9801,4823,2069,283,118,7292,104,71,172,7469,1960,609,10033,3733,2046,273,106,6163,107,87,197,6357,3369,667,10392,1553,1330,178,53,3110,36,47,82,3190,5281,611,9088,552,698,64,63,1376,6,16,19,1393,5969,585,7947,319,448,65,85,919,0,3,5,922,11933,1491,14349,48398,23781,2971,1569,76713,1725,1295,3029,79746,42487,9428,131660
114,6534,1281,487,8302,3818,2047,266,95,6220,138,84,215,6439,1238,471,8146,4383,2224,270,99,6973,137,71,215,7185,1420,534,9136,4461,2380,320,111,7273,135,91,226,7504,1856,523,9877,3901,2748,420,107,7175,154,116,273,7452,2912,545,10908,2753,2735,414,92,5999,107,142,251,6257,5521,596,12372,1048,1683,228,47,3010,41,60,102,3109,8777,582,12462,407,835,90,23,1365,8,27,28,1391,10417,572,12386,212,469,42,48,779,4,16,21,803,17710,1753,20262,35436,25594,3895,1226,66151,1584,1319,2900,69056,57905,7952,134907
115,16134,2364,550,19041,11764,3917,958,202,16837,328,152,480,17320,2331,519,20176,11467,3916,909,181,16472,294,147,436,16907,2263,483,19654,9850,3641,983,143,14612,344,131,471,15084,2592,430,18107,7874,3455,911,129,12362,278,131,406,12774,3165,419,16362,5042,2833,781,109,8765,200,133,331,9097,5365,318,14780,2138,1950,479,55,4619,62,91,155,4778,7822,338,12931,663,1012,226,25,1932,16,38,57,1990,9005,345,11343,246,531,101,31,911,8,20,24,933,15609,1608,18151,79754,38529,12083,1746,132111,2875,2474,5344,137454,66269,6673,210397
116,28720,6186,2107,37018,16143,4994,1822,391,23357,688,274,961,24315,5439,1558,31312,12697,4022,1633,307,18649,542,238,780,19429,4858,1321,25613,10115,3454,1557,219,15337,477,190,667,16010,5225,1104,22336,8235,2841,1436,200,12712,366,184,554,13265,6102,894,20257,5065,2322,1193,141,8724,358,193,548,9267,7726,837,17836,1870,1240,554,58,3719,100,90,189,3910,10295,694,14897,392,437,193,20,1045,15,15,33,1075,10572,708,12352,85,147,56,29,319,6,6,8,334,15072,1474,16881,105722,46812,20609,3785,176932,6429,4508,10944,187873,104339,17705,309913
117,28488,4094,2062,34644,13701,4079,1101,200,19082,603,226,828,19905,3076,1535,24520,11083,3314,839,122,15362,554,195,745,16105,2862,1203,20166,9049,2919,819,110,12897,491,196,690,13589,3280,1076,17937,6784,2640,731,92,10252,420,194,615,10869,3944,1003,15817,3987,2311,558,79,6930,260,176,432,7365,5232,879,13477,1639,1454,302,38,3434,96,98,194,3628,6632,738,10999,578,806,149,26,1563,10,34,51,1610,6933,671,9222,178,424,69,20,689,5,15,22,707,12069,1807,14585,123775,49482,16839,2718,192809,6109,4644,10751,203559,74660,20295,298518
118,17798,2454,1201,21455,10306,3595,762,189,14846,343,140,490,15336,2249,939,18530,9724,3400,673,155,13956,365,148,519,14475,2392,755,17624,8481,3253,616,132,12480,313,123,442,12918,2703,783,16404,6528,2993,620,115,10260,248,146,394,10654,3079,627,14358,4002,2775,495,73,7345,174,137,313,7662,4349,522,12529,1860,1935,348,46,4188,56,65,129,4319,5924,474,10715,834,1352,222,41,2455,22,44,64,2520,7459,560,10540,356,897,150,47,1460,8,18,25,1484,16220,2686,20389,87723,38306,10553,2059,138638,3138,2510,5651,144290,63924,13181,221391
119,31480,10767,3054,45297,15418,7014,2949,500,25885,925,462,1392,27274,9492,2358,39125,14829,6586,3016,472,24896,897,385,1280,26181,9467,2110,37760,13518,6165,3031,412,23119,838,389,1227,24349,10258,1960,36572,11391,5838,3081,321,20626,793,438,1223,21858,12117,1914,35884,7389,4568,2492,243,14694,589,479,1067,15762,15493,1600,32856,2755,2449,1105,124,6430,151,167,319,6756,19133,1395,27278,760,1053,407,52,2274,16,47,62,2334,19480,1451,23268,228,478,186,37,936,14,19,30,958,39007,5442,45415,129424,75052,35464,5663,245597,9674,7011,16689,262286,201203,32842,496332
120,20871,3396,1184,25450,11565,3949,1040,206,16760,416,174,589,17345,2783,901,21032,11164,3778,880,161,15981,452,180,632,16606,3055,722,20393,9767,3563,979,153,14459,408,182,589,15047,3231,666,18947,7984,3510,974,133,12590,375,170,546,13137,4282,639,18061,4822,2973,810,92,8694,305,187,490,9184,5780,577,15544,2084,1938,435,53,4514,91,100,191,4705,8130,527,13362,666,1029,220,32,1956,10,41,49,2002,9094,544,11644,220,521,111,33,892,9,15,23,908,18457,2043,21406,95678,45823,14385,2417,158306,4546,3621,8171,166475,79702,12802,258984
121,28542,3879,1122,33541,19601,6041,1212,305,27161,578,254,837,27996,4005,923,32925,18679,5774,1009,201,25664,597,264,860,26526,4093,813,31422,16276,5663,1019,195,23154,605,256,857,24016,4422,744,29178,12608,5176,1022,147,18951,550,260,806,19760,5406,637,25799,7711,4890,892,96,13593,375,263,637,14230,7863,622,22710,3337,3548,584,52,7523,122,158,281,7796,11444,625,19867,1283,2280,347,39,3948,23,71,95,4037,13911,588,18539,537,1557,185,56,2339,10,45,52,2390,30212,2339,34941,138256,61202,15795,2220,217473,5043,3953,8997,226464,109840,11543,347853
122,14648,1798,637,17078,10337,4261,866,163,15626,231,103,336,15955,1885,580,18426,11833,4529,804,148,17314,296,139,434,17749,2165,605,20517,10593,4430,927,129,16081,307,135,441,16513,2406,565,19492,8267,4289,849,124,13531,290,151,445,13978,3052,478,17513,4799,3657,728,65,9252,190,153,340,9590,4896,487,14968,1908,2420,466,37,4837,52,83,137,4973,7161,403,12539,627,1292,235,25,2178,12,32,46,2224,9018,430,11674,236,804,136,41,1215,6,12,23,1242,20600,1903,23743,78987,44098,11640,1502,136223,2386,2126,4513,140732,65932,8156,214822
123,17637,4274,1223,23133,9463,3972,1317,281,15033,416,170,584,15616,3558,988,20159,9359,3656,1275,211,14498,375,151,516,15017,3480,909,19409,8034,3087,1190,192,12502,333,128,461,12965,3581,734,17284,6873,2903,1197,160,11136,267,116,385,11518,4444,739,16700,4580,2470,1040,110,8198,206,133,328,8529,6423,583,15545,1724,1301,484,63,3572,66,47,112,3678,9010,566,13255,412,520,159,24,1116,5,13,23,1141,9453,618,11206,104,206,64,23,400,3,3,10,408,12921,1861,15198,75229,38596,16539,2574,132941,4151,2656,6803,139743,78885,12325,230946
124,18762,3876,1213,23849,10949,4501,1314,225,16986,339,173,513,17502,3321,1075,21896,11021,4168,1220,221,16630,366,140,507,17139,3506,1006,21646,9984,4070,1215,184,15453,334,146,480,15935,3801,925,20661,8423,3819,1239,160,13645,324,122,450,14098,4649,816,19564,5752,3573,1128,118,10571,296,188,487,11057,7480,657,19198,2121,1969,583,45,4712,69,76,146,4863,10990,653,16513,543,870,217,28,1656,12,28,44,1694,12157,691,14546,163,398,97,33,693,0,11,16,709,17759,2124,20590,89479,46848,17047,2541,155914,4255,2759,7011,162929,88437,13900,265262
125,31487,10520,3107,45111,14604,5303,2152,462,22526,927,372,1290,23816,8582,2328,34730,11543,4432,1973,333,18278,727,287,1014,19292,7821,1794,28914,9751,3953,1860,306,15865,675,309,984,16853,8235,1615,26709,8300,3541,1952,277,14068,604,298,899,14970,9165,1468,25605,5305,2950,1464,167,9888,462,314,778,10666,10998,1327,22991,2088,1621,698,76,4480,120,111,240,4719,13223,1122,19060,582,654,272,38,1541,19,26,46,1591,12946,916,15455,147,311,104,42,601,4,14,19,621,23570,2683,26875,114450,57872,24676,5214,202211,9236,6052,15283,217494,153879,27652,399020
126,14206,2384,699,17292,8186,2744,650,136,11706,319,158,481,12185,2000,509,14690,7101,2390,552,114,10155,289,123,414,10570,1962,394,12926,6107,2334,618,77,9130,262,121,377,9512,2103,378,11992,5220,2344,609,87,8257,225,97,323,8585,2943,402,11931,3171,2018,559,60,5809,160,151,313,6122,4333,348,10803,1303,1289,312,35,2943,54,62,119,3061,6135,307,9502,441,646,111,11,1214,9,28,39,1257,6380,305,7943,147,360,68,18,593,0,16,16,606,12809,1486,14898,61675,28534,8979,1415,100598,2943,2285,5227,105821,54750,7041,167614
127,22164,10150,2186,34505,11222,4701,2109,383,18416,724,371,1091,19510,9540,1916,30961,10736,4661,2243,361,17996,772,370,1137,19137,9491,1667,30284,9619,4150,2261,377,16400,619,348,964,17369,10356,1499,29229,8224,3669,2189,279,14359,552,384,936,15297,11709,1575,28581,5545,2842,1635,205,10227,465,338,807,11031,13746,1361,26140,1955,1362,747,83,4149,107,107,215,4362,15326,1152,20836,439,484,221,31,1180,10,26,36,1216,14119,1083,16414,125,191,93,18,427,6,7,13,442,21993,3228,25669,94430,48469,25872,4248,173019,7579,5375,12963,185978,165862,23590,375436
128,13167,1512,524,15200,8383,3659,811,128,12986,179,92,271,13255,1582,452,15294,9087,3802,915,108,13905,219,101,317,14228,1771,461,16453,8274,3458,850,100,12680,227,87,317,13000,1923,439,15359,6642,3364,963,110,11082,212,130,339,11425,2779,359,14561,4279,3068,805,65,8226,145,136,280,8503,5073,326,13908,1620,1803,496,46,3965,30,71,100,4065,7697,316,12078,475,873,195,12,1563,5,18,27,1589,8844,371,10801,170,452,110,29,762,3,14,17,774,17630,1865,20271,67426,36652,11738,1288,117099,1978,1757,3736,120830,59616,6748,187196
197,0,0,0,0,0,0,0,0,0,0,0,0,0,0,0,0,0,0,0,0,0,0,0,0,0,0,0,0,0,0,0,0,0,0,0,0,0,0,0,0,0,0,0,0,0,0,0,0,0,0,0,0,0,0,0,0,0,0,0,0,0,0,0,0,0,0,0,0,0,0,0,0,0,0,0,0,0,0,0,0,0,0,0,0,0,0,0,0,0,0,0,0,0,0,0,0,0,0,0,0,0,0,0,0,0,0,0,0,0,0,0,0
199,344,221,388,954,123,64,27,7,221,47,20,71,293,223,384,902,117,62,26,3,219,49,14,62,282,247,341,877,90,72,23,13,195,36,16,56,247,263,290,801,98,71,26,11,207,21,14,37,245,313,283,844,55,63,14,6,134,23,20,46,174,456,175,808,22,36,5,3,68,11,3,10,79,418,142,637,3,15,0,0,19,0,0,5,21,337,54,415,4,0,0,5,6,0,0,4,8,248,73,323,1229,910,284,87,2511,419,224,647,3161,3630,3319,10112
201,8237,1529,562,10326,4993,2542,305,79,7915,182,112,295,8209,1439,534,10181,5416,2617,288,116,8444,178,103,282,8718,1692,606,11017,5341,2601,357,120,8420,179,103,286,8702,2144,639,11488,4528,2747,455,97,7836,162,118,280,8111,2763,605,11473,3143,2544,453,79,6218,135,107,246,6465,4442,573,11479,1113,1410,232,44,2801,30,67,94,2895,7551,607,11057,365,662,77,45,1144,6,16,23,1167,8187,626,9977,182,313,57,49,596,4,6,11,606,13280,1642,15522,43769,29238,4543,1294,78847,2000,1722,3730,82575,51581,8701,142855
202,8054,1417,566,10039,4754,2623,281,92,7757,128,81,207,7963,1336,563,9862,5329,2491,282,120,8224,150,90,239,8465,1458,625,10542,5064,2589,362,107,8117,151,101,252,8369,1821,612,10799,4353,2747,444,101,7642,147,120,261,7905,2513,627,11042,3040,2669,494,96,6296,127,145,265,6562,4267,633,11460,1207,1578,239,49,3066,27,52,82,3152,7107,585,10840,331,674,86,29,1116,4,23,30,1147,8050,574,9765,185,353,36,58,637,0,8,12,641,13418,1641,15703,42046,28925,4404,1255,76625,1609,1629,3242,79864,49300,8531,137698
203,18419,2805,965,22190,10120,5296,665,219,16305,256,194,453,16758,2412,912,20084,10836,5150,568,201,16756,330,168,504,17257,2668,927,20850,9837,4778,636,211,15458,308,171,480,15938,3119,819,19878,8225,4937,761,159,14085,274,179,452,14529,4361,812,19706,5282,4581,727,139,10731,197,196,392,11126,7933,817,19874,1870,2770,420,76,5140,67,96,160,5296,13002,884,19186,502,1192,146,46,1884,13,29,40,1930,14496,993,17425,233,544,69,65,904,5,26,32,934,24407,2519,27861,87307,58741,9178,2344,157566,3349,3452,6807,164369,90810,13506,268681
204,8246,1394,694,10326,5138,2486,322,131,8075,133,81,215,8295,1309,638,10245,5718,2624,331,149,8822,165,91,248,9077,1433,731,11242,5988,2785,416,182,9371,160,97,259,9631,1843,754,12222,5474,3023,565,137,9199,174,122,291,9495,2740,791,13026,3977,3172,571,110,7828,135,143,278,8106,4920,854,13878,1744,1984,350,98,4180,48,67,112,4294,7997,785,13079,707,991,94,53,1848,8,12,14,1870,9246,773,11887,443,570,86,97,1194,3,10,13,1207,15534,1771,18511,48813,30124,4993,1828,85750,1653,1386,3041,88794,54021,10468,153276
205,12922,2663,1262,16852,7135,3825,524,227,11711,263,162,427,12136,2407,1132,15675,7910,4164,477,238,12799,326,169,499,13298,2610,1154,17062,8223,4550,643,256,13675,348,204,552,14228,3630,1254,19108,7608,4877,892,219,13603,341,225,571,14172,5507,1313,20989,5468,5020,925,183,11604,320,272,598,12196,9584,1426,23202,2257,2950,477,141,5823,81,112,193,6017,15292,1395,22707,850,1339,166,91,2440,13,29,37,2475,16923,1425,20829,456,805,110,117,1494,3,22,28,1520,26267,3237,31024,69043,47813,7754,2819,127425,3553,2701,6254,133680,98307,17826,249821
206,49914,5354,3284,58549,24782,8221,1262,317,34575,930,392,1326,35901,4333,2306,42540,20861,7304,860,245,29266,863,382,1245,30518,4557,1946,37024,18787,6868,789,234,26677,823,373,1202,27877,5292,1810,34977,14162,6171,834,173,21340,673,381,1056,22391,6280,1634,30299,8668,5563,734,131,15100,474,345,821,15917,9492,1405,26809,3485,3667,470,70,7695,132,170,303,7995,12732,1163,21898,1298,2162,201,42,3701,35,79,111,3818,14055,1083,18950,506,1125,131,73,1832,15,30,47,1885,27972,2887,32740,233869,114255,18404,4381,370901,10341,9613,19956,390856,127701,31505,550062
207,20190,3183,806,24181,12956,5351,526,194,19030,405,270,673,19706,3232,745,23684,13541,5538,477,174,19731,451,283,734,20466,3597,779,24844,13535,5879,524,191,20133,452,250,699,20834,4093,713,25640,10971,5426,593,170,17160,411,272,678,17837,5095,623,23553,6836,4763,500,85,12183,267,254,521,12707,7920,507,21137,2792,3252,351,46,6437,94,125,217,6657,11143,560,18359,965,1871,161,36,3032,9,51,59,3097,13244,551,16894,392,1159,123,63,1731,13,33,41,1774,32842,2191,36811,107730,66759,8491,2282,185265,4366,5415,9783,195046,108436,11169,314649
208,25227,2919,979,29130,16894,6539,692,281,24402,458,229,690,25094,2962,955,29013,18278,6675,619,249,25828,473,245,721,26548,3344,948,30844,17568,7142,712,212,25638,558,291,846,26479,3879,812,31177,13217,6403,707,180,20505,447,258,705,21215,4873,708,26797,8243,5705,701,125,14781,337,267,609,15385,8049,629,24063,3390,3888,450,71,7803,113,137,254,8058,12107,708,20873,1177,2338,216,56,3785,24,66,92,3873,14530,791,19192,426,1226,137,60,1846,9,33,40,1881,32066,2578,36532,133567,74728,10539,2562,221398,4591,4941,9533,230932,105873,12683,349489
209,36123,6035,1748,43916,20124,8870,1036,423,30453,752,425,1179,31632,5177,1498,38303,19143,8298,831,340,28611,693,407,1096,29707,5246,1332,36280,17463,7625,885,331,26307,664,337,1000,27303,5886,1255,34444,13453,6867,945,236,21497,508,333,839,22343,7380,1107,30823,8786,5926,963,170,15844,388,312,694,16538,11095,1054,28687,3254,3287,501,110,7148,93,140,236,7387,15919,974,24277,801,1308,176,56,2339,13,30,48,2385,17638,1059,21083,244,649,98,65,1055,5,26,35,1093,31799,2917,35809,157484,90619,13489,4331,265919,7341,7150,14494,280414,137476,19277,437166
210,26667,6099,1810,34577,14000,5996,698,397,21090,641,386,1029,22118,5408,1496,29029,12628,5576,575,320,19095,622,324,940,20041,4941,1220,26202,11819,5191,711,280,17998,621,338,961,18963,5796,1285,26038,9890,4630,688,215,15421,446,265,710,16132,6800,1034,23962,5827,3623,633,143,10227,312,258,568,10798,8685,869,20343,2015,1899,308,74,4294,69,99,163,4456,11484,692,16636,509,831,117,46,1505,5,20,27,1533,12455,718,14705,179,363,55,40,633,5,13,11,646,23641,2041,26324,113704,63507,9652,4076,190944,6848,5894,12735,203685,114821,17724,336226
211,31106,4450,1203,36756,18800,8545,870,359,28573,508,344,854,29419,4098,1104,34618,19629,8496,886,296,29307,500,314,815,30125,4315,1104,35546,18791,8530,999,349,28663,490,326,813,29482,5007,1036,35530,15862,8157,1045,228,25295,497,321,821,26112,6527,943,33581,10319,7212,1089,181,18807,365,330,693,19495,11079,888,31469,3863,4226,585,92,8765,111,159,271,9030,17582,872,27485,1027,1980,234,49,3299,11,59,69,3366,20321,897,24580,308,948,145,56,1458,7,22,27,1488,37161,3248,41900,155563,91402,13401,3467,263832,5273,6022,11289,275126,135465,15404,425997
212,55191,10748,3386,69322,30680,12578,1289,760,45306,1109,679,1788,47088,9102,2640,58827,28087,11520,1172,603,41378,1065,617,1679,43067,8651,2373,54092,25489,10473,1230,583,37774,990,528,1514,39286,9677,2201,51167,20627,9094,1173,457,31350,841,521,1365,32719,11736,1882,46339,12892,7697,1061,314,21969,672,513,1185,23157,16514,1727,41391,4741,4276,573,148,9742,173,225,397,10134,23371,1490,34998,1091,1819,227,75,3214,23,69,95,3307,25491,1501,30302,390,904,129,106,1532,10,34,41,1569,49074,4226,54873,243400,135805,17648,8094,404944,12425,12438,24864,429807,224215,34913,688939
213,63408,12460,4496,80365,33980,12611,1599,799,48991,1609,841,2450,51438,9850,3453,64750,28486,10787,1299,644,41218,1513,693,2200,43416,8905,2741,55064,23612,9350,1279,575,34824,1223,615,1840,36659,9669,2313,48651,17893,7867,1215,414,27392,1010,573,1578,28969,11529,2044,42546,10923,6634,1047,275,18879,774,621,1397,20272,16122,1641,38033,3720,3116,510,130,7482,199,211,409,7894,22453,1579,31924,788,1124,165,56,2132,16,33,49,2176,22273,1394,25844,154,451,73,55,726,11,28,38,760,33873,3288,37922,243295,126384,19095,8688,397466,15427,12735,28164,425630,204738,38386,668748
214,15470,2491,1040,19001,9351,4627,596,218,14791,255,151,409,15199,2379,954,18530,10543,4903,610,233,16296,291,170,462,16753,2627,1084,20469,10367,4915,778,207,16273,306,167,474,16751,3284,1090,21125,8601,4793,787,179,14359,276,171,453,14808,4279,984,20074,5832,4723,783,134,11477,234,228,460,11937,7235,887,20059,2270,2863,431,72,5645,67,82,148,5796,12037,929,18763,636,1485,180,44,2347,10,29,45,2391,14849,1031,18278,250,751,117,57,1181,7,8,11,1190,27615,3302,32116,81325,51807,8847,2338,144321,3010,2918,5931,150249,89856,14775,254875
215,6664,1445,708,8821,3950,1861,179,119,6117,129,68,191,6310,1287,673,8274,4266,1887,205,131,6490,143,70,214,6704,1439,642,8780,4711,2089,274,160,7239,151,83,233,7478,1824,713,10009,4516,2262,347,122,7240,143,99,248,7488,2469,771,10726,3571,2373,398,131,6478,127,117,243,6717,3860,750,11322,1532,1346,204,69,3155,26,45,65,3223,6068,740,10036,526,698,84,51,1359,8,7,10,1374,7020,734,9130,345,449,71,101,959,0,10,9,972,13395,1827,16194,40561,23264,3391,1681,68899,1638,1261,2904,71797,46440,10302,128539
216,5906,1198,555,7661,3487,1694,190,107,5483,138,78,215,5696,1168,569,7428,4056,1769,199,125,6147,135,63,196,6343,1276,571,8188,4265,1910,299,120,6592,123,62,183,6777,1557,588,8915,3831,2051,340,118,6336,114,83,204,6542,2061,601,9202,2849,1953,355,96,5251,98,75,173,5430,3381,600,9408,1205,1158,205,68,2634,8,28,41,2674,5632,598,8899,379,592,81,42,1099,4,17,21,1115,6313,599,8030,197,318,47,66,634,6,5,11,648,11943,1573,14169,35011,20739,3171,1429,60348,1406,1139,2543,62894,41305,8538,112743
217,5670,851,454,6977,3296,1834,214,116,5468,77,57,134,5606,891,447,6940,3873,1921,239,92,6127,102,57,157,6283,1001,470,7755,4049,2067,322,106,6539,103,82,187,6724,1314,478,8520,3851,2302,370,111,6632,95,81,176,6807,1867,530,9203,2787,2201,404,85,5485,81,100,179,5662,3351,479,9483,1330,1367,215,71,2980,17,30,52,3035,5578,539,9154,550,678,91,79,1400,0,10,10,1409,5998,524,7934,347,416,61,99,926,3,3,8,932,10885,1275,13095,33872,21984,3434,1348,60640,972,944,1914,62553,36849,6867,106267
297,0,0,4,3,3,0,0,0,3,0,0,0,3,0,7,10,0,0,0,0,0,0,0,0,0,0,0,0,0,0,0,0,0,0,0,0,0,0,3,3,3,0,0,0,3,0,0,0,3,0,5,9,0,0,0,0,4,0,0,0,4,0,4,6,0,0,0,0,0,0,0,0,0,0,0,5,0,0,0,0,0,0,0,0,0,0,0,0,0,0,0,0,0,0,0,0,0,0,0,0,8,0,0,0,15,0,0,0,15,0,27,38
299,255,223,452,929,86,39,15,7,145,39,11,52,198,195,413,806,72,47,13,6,142,38,7,44,180,203,341,723,73,41,15,10,140,20,9,31,170,203,299,668,71,49,11,7,133,21,13,29,163,182,217,563,38,48,18,0,95,16,8,17,115,215,189,511,14,18,3,0,37,5,3,10,47,228,148,418,3,10,0,0,11,0,3,0,15,136,41,194,0,3,0,4,11,0,0,0,11,122,48,181,919,646,164,69,1797,329,163,485,2281,2447,3220,7946
301,13609,1669,573,15847,9018,3357,650,138,13161,237,127,360,13522,1639,501,15662,9976,3439,717,171,14299,265,114,379,14676,1898,588,17166,9468,3340,749,136,13696,289,112,401,14095,2139,546,16781,7903,3214,809,115,12041,253,120,374,12415,3223,502,16142,4913,2905,782,93,8691,257,168,426,9116,5707,496,15324,1654,1587,369,37,3652,80,68,151,3804,9373,485,13653,414,789,133,24,1358,4,35,42,1398,10602,491,12494,129,321,51,39,544,7,9,21,560,17256,1826,19642,71355,36799,9071,1530,118757,2911,2444,5356,124111,63396,7840,195353
302,15781,1943,682,18416,9237,3311,667,134,13354,280,122,401,13756,1585,503,15838,8927,2980,613,108,12630,288,130,414,13048,1686,476,15208,7939,2730,657,102,11423,252,134,385,11809,1936,453,14203,6121,2382,703,83,9282,247,132,384,9664,2618,359,12642,3687,2105,580,49,6424,210,121,331,6754,4251,364,11365,1278,1194,291,32,2789,62,60,121,2909,6528,338,9778,327,506,129,8,966,3,20,17,984,7355,335,8680,102,253,54,31,445,4,6,7,452,15295,1455,17200,72261,35281,9235,1478,118257,3106,2514,5613,123873,53140,7442,184450
303,26479,3840,1218,31533,14826,5987,997,276,22080,528,284,808,22888,3181,958,27028,13373,5039,851,208,19475,499,254,753,20221,3100,870,24192,11760,4374,914,194,17246,442,217,661,17902,3353,725,21985,9045,3711,838,163,13760,402,212,615,14380,4381,663,19425,5350,3055,753,100,9255,300,209,509,9765,7032,585,17383,1890,1872,349,56,4162,81,95,180,4338,9850,524,14709,512,884,141,25,1559,7,26,34,1592,10279,442,12312,174,410,68,37,689,0,6,9,697,19641,1371,21711,113991,62219,13641,2980,192826,5694,5218,10913,203741,86779,12279,302801
304,11306,1403,356,13068,8094,2909,599,110,11716,204,136,342,12057,1508,337,13898,8469,2891,583,75,12020,247,122,368,12395,1444,306,14145,7414,2441,561,63,10483,198,101,297,10782,1490,266,12537,5369,2153,519,56,8095,192,101,289,8388,1829,260,10480,3207,1867,461,28,5565,145,105,249,5814,3340,230,9386,1352,1305,241,14,2909,35,56,96,3007,5089,200,8297,441,708,124,12,1291,17,23,42,1331,6449,221,7998,149,401,47,9,607,0,9,10,620,12172,737,13529,56751,30808,8588,908,97063,2236,2722,4957,102019,46388,4474,152886
305,21365,2351,1387,25109,11875,3775,783,127,16565,417,193,614,17180,2088,1041,20304,11546,3401,753,118,15819,423,179,594,16412,2273,890,19574,10746,3108,773,88,14718,399,140,545,15262,2247,834,18347,7923,2828,667,69,11486,333,148,478,11963,2652,691,15314,4474,2400,549,49,7470,229,159,390,7855,4006,629,12490,1708,1560,266,25,3558,56,86,142,3701,5767,502,9965,575,864,127,17,1580,8,32,41,1626,6119,458,8203,222,541,55,16,826,3,12,12,843,10508,1112,12463,108990,50975,13764,1891,175617,4560,4176,8738,184353,55484,13954,253794
306,12460,2110,1550,16109,7607,3662,444,190,11905,352,209,561,12465,2060,1552,16074,8585,3821,446,180,13033,372,198,573,13604,2166,1576,17349,8374,3727,578,200,12874,407,215,617,13493,2699,1515,17711,7248,3731,586,189,11753,412,225,639,12391,3685,1456,17535,5044,3440,595,142,9220,313,246,558,9774,5827,1294,16899,2067,2128,321,65,4584,86,105,186,4771,8942,1201,14919,648,961,90,51,1751,8,35,43,1794,9790,1085,12662,345,495,64,66,974,0,18,21,995,14967,2193,18148,66980,40631,5700,2355,115668,4043,3002,7045,122714,64068,19987,206767
307,5454,916,630,6997,3411,1471,162,109,5146,122,56,178,5326,937,659,6920,3909,1498,196,107,5710,140,64,204,5920,1102,704,7726,4332,1538,221,113,6207,161,75,237,6445,1421,771,8630,3856,1644,261,112,5869,124,77,202,6072,1961,772,8811,3004,1629,243,93,4971,103,90,193,5167,3120,737,9030,1443,1003,154,88,2690,31,34,67,2753,4811,665,8227,653,560,80,55,1354,0,13,13,1370,5313,602,7292,522,414,48,124,1102,0,3,3,1107,9309,1407,11821,35461,17546,2459,1397,56863,1511,1011,2524,59387,34451,9787,103622
308,12035,2049,1475,15554,7408,2714,393,173,10697,317,131,452,11144,1697,1344,14189,7816,2613,418,160,11009,308,144,450,11460,1905,1353,14720,7517,2561,502,193,10768,322,151,475,11244,2234,1331,14810,6767,2612,608,169,10161,337,165,500,10658,3311,1320,15293,4575,2278,566,134,7551,260,188,446,8001,5284,1129,14406,1776,1265,185,65,3294,67,54,118,3417,7332,852,11600,497,519,79,33,1127,7,17,23,1153,7542,731,9425,267,348,36,69,718,3,3,8,722,12039,1657,14415,65997,31070,5300,2229,104599,3624,2426,6055,110652,54151,16122,180921
309,36095,5411,2873,44383,20994,10030,1941,549,33512,816,505,1323,34833,5225,2427,42486,22127,9832,2012,481,34448,896,450,1351,35803,5721,2552,44071,20273,9339,2021,473,32110,901,445,1348,33454,6539,2290,42282,16245,8591,1999,375,27216,822,536,1359,28572,8367,2136,39070,10434,7709,1668,251,20062,699,557,1253,21314,13405,1818,36542,4222,4662,887,112,9886,187,244,438,10323,20624,1754,32703,1324,2594,398,68,4387,41,92,137,4515,25233,1832,31578,451,1230,193,93,1972,13,51,62,2034,42724,5317,50078,170268,110362,26069,5746,312444,9283,8346,17622,330070,163908,34131,528109
310,21102,4955,1560,27618,11799,4499,918,301,17519,534,285,817,18332,4150,1284,23773,11836,4026,1018,279,17155,514,266,779,17938,4288,1214,23432,10840,3843,953,277,15918,498,222,717,16634,4686,1117,22433,8811,3576,917,210,13516,406,249,650,14173,5640,1002,20811,5451,2875,776,140,9238,312,218,531,9771,7970,862,18593,1809,1374,385,63,3623,75,96,170,3796,10760,730,15284,435,626,130,29,1216,13,29,38,1252,10932,714,12907,187,303,56,58,597,3,7,11,606,16928,1840,19374,98578,48518,12404,3293,162797,6537,5024,11558,174357,95390,16520,286265
311,19672,4149,1962,25787,11335,4412,867,298,16911,550,292,850,17755,3750,1501,23012,11395,4134,794,266,16586,558,264,825,17409,3880,1428,22720,10484,3989,827,291,15594,472,256,725,16322,4205,1348,21871,8568,3529,830,201,13131,444,234,677,13804,5010,1016,19829,5667,3129,756,126,9674,337,225,562,10238,7085,901,18226,1977,1685,362,65,4091,86,88,175,4264,10630,791,15685,484,701,125,33,1346,5,22,30,1379,12106,783,14270,145,260,36,30,476,6,11,19,496,16983,1814,19294,94758,48495,10771,3383,157407,6861,4954,11813,169218,91341,18982,279545
312,10036,1242,1689,12970,6303,2199,297,137,8939,173,99,271,9210,1025,1430,11660,6600,2144,322,175,9242,165,81,243,9484,1156,1525,12171,6489,2151,434,157,9230,167,82,246,9477,1418,1522,12408,5611,2083,456,131,8291,204,113,316,8605,2269,1461,12329,3924,1831,370,103,6232,143,98,239,6466,3660,1158,11284,1539,1052,185,57,2833,41,55,93,2928,5217,798,8943,406,445,51,37,946,13,12,19,966,5454,633,7054,183,241,35,48,508,0,3,10,523,8565,1245,10331,56965,24605,4112,1860,87547,2040,1481,3523,91063,36735,17530,145327
313,12094,2696,962,15759,7350,3142,719,182,11393,340,202,549,11933,2565,924,15420,8129,3300,734,193,12356,383,175,560,12915,2869,947,16727,8154,3353,865,172,12551,382,178,567,13117,3333,878,17329,6766,3358,841,139,11104,321,169,488,11593,4488,804,16891,4279,2871,760,105,8010,267,228,497,8512,7466,704,16680,1551,1555,366,52,3525,69,71,142,3665,12288,721,16682,398,698,113,29,1236,11,22,37,1273,14215,804,16289,137,288,45,43,516,4,14,19,538,22104,2096,24741,63089,36718,9015,2130,110957,4348,3154,7497,118448,85865,12476,216792
314,13904,1897,621,16418,8968,3401,638,162,13164,262,143,403,13565,1745,539,15854,9235,3167,690,136,13227,256,120,377,13603,1697,538,15837,8134,2939,731,112,11917,245,110,358,12271,1871,421,14560,6001,2445,658,77,9186,197,121,317,9500,2345,357,12203,3474,2043,496,42,6051,151,118,268,6324,4008,288,10616,1103,1057,272,23,2455,29,42,73,2522,6059,298,8883,273,423,89,9,789,6,17,27,810,6996,268,8073,80,193,33,13,322,3,7,10,336,9889,730,10948,66775,34141,8673,1515,111110,2950,2736,5688,116791,47162,6263,170216
315,3760,1089,617,5466,2250,699,123,89,3154,114,43,158,3310,877,557,4742,2366,623,139,117,3241,147,42,189,3429,840,606,4877,2525,614,159,105,3408,126,37,159,3575,932,638,5145,2347,659,183,72,3264,86,47,137,3402,1092,643,5137,1755,590,150,61,2555,72,47,114,2673,1375,591,4638,837,354,76,44,1313,28,23,44,1354,1651,410,3413,309,175,29,21,536,10,12,17,550,1674,323,2550,181,121,14,42,357,0,0,5,361,2606,546,3515,23638,7616,1715,1181,34149,1402,612,2019,36174,18342,7627,62149
316,19648,3036,1377,24063,11491,6432,1216,272,19406,340,281,619,20027,2878,1399,24299,13171,6868,1384,303,21731,421,274,694,22420,3211,1378,27005,12616,6550,1498,275,20938,421,284,706,21650,4040,1445,27130,10315,6808,1582,213,18919,412,307,719,19641,6075,1283,27004,6446,5918,1454,150,13968,367,382,753,14714,11317,1233,27271,2413,3433,663,75,6589,89,173,265,6852,17522,1094,25470,711,1519,226,48,2507,13,67,80,2584,20795,1207,24592,241,704,110,63,1127,9,23,30,1159,35322,3391,39870,95325,69414,16649,3151,184539,4197,4365,8560,193100,119267,18631,330997
317,8434,1418,536,10386,4770,2141,221,83,7219,164,121,288,7502,1276,415,9197,5263,1955,213,66,7496,161,110,271,7766,1302,469,9532,5154,1922,326,89,7497,169,87,256,7754,1548,455,9757,4368,1802,303,61,6532,147,81,230,6761,2023,463,9247,3046,1790,317,46,5203,106,108,209,5408,3416,392,9221,1071,1058,155,31,2314,27,47,73,2389,5468,452,8314,302,478,42,26,850,9,16,19,872,6514,367,7758,125,292,31,35,486,11,6,15,500,12228,1071,13794,45533,25341,3483,1069,75433,2064,1899,3961,79389,43898,6935,130221
318,12039,2041,1399,15484,7423,2685,338,193,10639,276,128,408,11043,1806,1124,13970,8155,2647,361,172,11338,327,155,486,11818,1943,1217,14977,7903,2611,485,134,11136,297,121,417,11555,2364,1177,15093,6812,2667,511,112,10098,256,143,397,10494,3118,1009,14618,4727,2510,460,90,7786,230,163,390,8177,4807,908,13893,1760,1486,215,64,3531,51,82,133,3656,7539,754,11953,522,648,73,31,1275,6,12,19,1298,8139,631,10066,238,340,33,51,658,0,12,14,666,13140,1451,15259,70495,33896,5137,1967,111495,3284,2555,5833,117332,56903,15705,189937
319,11045,2893,1104,15044,6753,3467,379,220,10820,368,194,564,11390,2895,1065,15340,7896,3688,475,236,12295,465,228,691,12983,3543,1333,17856,8128,4034,652,250,13062,461,243,706,13772,4717,1370,19855,7410,4477,761,200,12849,511,295,811,13661,7352,1483,22496,5193,3924,667,178,9963,520,341,860,10823,11992,1492,24306,2045,2110,291,80,4526,103,119,224,4747,18556,1453,24755,624,933,91,89,1745,13,31,45,1786,20520,1591,23898,406,552,69,122,1150,10,12,18,1167,30980,3358,35512,63587,41390,5675,2667,113315,5111,3484,8593,121907,117757,18587,258256
397,6,0,27,34,5,0,0,3,5,0,0,0,5,3,18,26,9,0,0,0,11,0,0,0,11,0,20,26,4,0,0,0,4,0,0,0,4,0,15,18,0,0,0,0,0,0,0,0,0,0,3,3,0,0,0,0,0,0,0,0,0,0,0,4,0,0,0,0,0,0,0,0,0,3,0,3,0,0,0,0,0,0,0,0,0,0,0,0,0,0,0,0,0,0,0,0,0,0,0,0,26,0,4,5,29,3,0,3,35,11,135,183
399,433,293,354,1077,146,89,38,16,294,41,21,63,357,281,364,1005,129,90,23,6,251,50,31,77,329,308,340,976,133,77,29,10,250,53,23,73,327,353,276,959,128,84,43,8,260,38,25,63,317,504,275,1101,97,72,34,6,213,35,30,65,274,861,226,1367,38,40,10,3,92,9,11,16,117,954,201,1269,7,14,4,0,22,4,0,3,28,715,115,854,0,4,3,0,8,0,0,0,10,394,86,489,1610,1119,371,124,3219,565,286,851,4069,5780,3387,13234
401,17651,2269,683,20605,10869,4868,438,159,16339,326,223,547,16883,2181,651,19713,11282,4914,356,127,16677,362,206,567,17246,2178,652,20079,11094,4840,451,114,16504,290,208,503,17003,2677,628,20310,9352,4610,524,96,14587,301,195,497,15082,3681,596,19366,6170,4506,539,86,11301,232,204,428,11728,6445,558,18734,2515,3052,314,62,5943,70,122,191,6136,10499,546,17180,891,1678,110,46,2721,14,49,57,2783,12829,568,16182,328,927,65,55,1379,11,16,21,1404,26265,1612,29279,90686,60278,6164,1713,158835,3599,4237,7843,166679,86709,9498,262885
402,26903,5742,1397,34037,14120,6580,621,316,21631,695,412,1118,22745,4812,1198,28760,13660,6020,600,279,20554,708,332,1036,21592,4874,1122,27586,13226,5789,712,221,19958,657,342,997,20952,5754,1093,27800,11185,5690,788,193,17853,561,332,894,18749,7385,935,27074,7153,4704,683,127,12660,362,289,658,13315,10643,833,24796,2341,2373,288,70,5067,86,86,167,5241,15216,801,21261,477,877,79,33,1466,11,20,32,1493,16804,804,19103,111,385,50,50,601,3,16,21,624,29326,2496,32444,120741,73832,8567,3331,206463,8214,6605,14818,221279,130144,15928,367357
403,21445,2964,884,25302,12356,6301,608,153,19426,435,265,702,20124,2804,721,23651,13012,5951,552,191,19706,439,242,685,20394,2893,770,24057,12394,5871,653,167,19092,437,233,663,19758,3595,733,24083,10506,5824,758,162,17248,395,257,647,17895,5036,738,23674,7045,5419,754,113,13331,328,271,602,13931,9129,730,23790,2483,2923,348,55,5813,106,113,210,6023,15540,715,22275,568,1313,114,47,2044,7,32,42,2084,17901,711,20695,206,630,71,58,965,5,18,24,990,31116,2031,34130,102392,69934,8274,2065,182662,4916,4720,9636,192304,108610,11087,311995
404,14754,2082,691,17527,7909,3631,371,127,12037,316,187,510,12549,1970,547,15063,7964,3412,308,114,11802,361,178,535,12334,2109,520,14965,8201,3585,350,139,12274,353,198,551,12821,2837,541,16194,6897,3492,432,107,10930,315,169,478,11411,3818,567,15793,4336,3011,417,61,7835,260,201,460,8294,6407,482,15180,1489,1546,182,39,3255,52,56,111,3366,8859,393,12621,367,749,69,27,1209,7,21,26,1238,9754,435,11427,137,348,31,30,553,0,9,9,560,20247,1155,21961,71606,44812,4962,1613,122985,3597,3115,6714,129706,70008,7806,207522
405,4737,878,356,5971,2766,1447,157,67,4429,113,62,176,4608,792,356,5754,3179,1536,163,84,4958,148,67,215,5175,908,432,6513,3473,1837,217,98,5627,162,75,232,5863,1471,452,7773,3234,2026,296,76,5635,173,94,269,5908,2162,524,8586,2582,2048,280,64,4975,142,135,279,5257,3706,508,9473,1120,1102,172,40,2436,26,45,73,2502,6003,515,9020,382,583,42,34,1038,0,5,7,1048,6481,492,8025,206,345,55,60,663,0,8,14,673,10936,1102,12713,27196,18238,2359,941,48741,1495,978,2477,51219,38266,5997,95480
406,3851,925,413,5195,2129,938,123,53,3243,103,43,141,3389,737,376,4489,2372,1019,165,94,3648,123,62,181,3826,836,430,5091,2619,1083,188,82,3976,137,60,195,4177,1016,473,5664,2317,1166,231,85,3789,138,63,207,4000,1385,406,5791,1671,1079,197,57,3007,103,74,177,3182,2122,404,5708,664,553,117,24,1361,21,27,48,1412,3062,312,4785,199,280,31,21,531,0,7,7,538,3321,306,4171,118,136,31,36,315,0,0,0,317,5770,665,6753,21236,11812,1955,868,35871,1342,813,2157,38030,23858,5385,67276
407,7742,1722,599,10066,4690,2445,245,143,7526,155,110,269,7799,1612,583,9989,5233,2639,305,161,8333,206,127,329,8665,1835,690,11189,5891,3078,371,147,9488,218,135,357,9839,2237,770,12848,5404,3351,467,147,9365,213,159,366,9737,3229,809,13775,3997,3298,487,155,7933,192,185,382,8311,5754,829,14897,1853,1866,292,90,4095,41,64,104,4201,9865,881,14956,676,1066,119,74,1929,0,20,20,1944,11507,833,14286,344,663,65,93,1174,11,10,12,1185,19502,1926,22615,45890,31495,3931,1798,83108,2161,1719,3875,86983,65589,10308,162889
497,0,0,0,3,0,0,0,0,0,0,0,0,0,0,0,0,0,0,0,0,0,0,0,0,0,0,4,4,0,0,0,0,0,0,0,0,0,0,0,7,0,0,0,0,0,0,0,0,0,0,0,0,0,0,0,0,0,0,0,0,0,0,0,0,0,0,0,0,0,0,0,0,0,0,0,0,0,0,0,0,0,0,0,0,0,0,0,0,0,0,0,0,0,0,0,0,0,0,0,0,0,0,0,0,8,0,0,0,8,0,5,12
499,117,90,85,295,32,23,11,0,64,13,12,22,90,72,78,237,31,18,12,0,58,14,6,23,78,80,71,229,47,20,4,0,67,17,5,16,88,85,71,246,28,20,7,3,62,14,10,18,85,92,67,241,15,15,12,4,42,15,9,20,62,143,51,265,4,15,0,0,23,0,0,3,20,148,35,205,0,3,3,0,9,0,0,0,14,112,28,150,0,0,0,0,4,0,0,0,4,67,8,79,351,264,70,38,724,152,112,266,989,1266,719,2975
501,9477,1698,759,11934,5816,3127,428,152,9519,193,131,324,9843,1458,802,12102,6284,3114,457,144,10001,187,115,304,10301,1422,847,12567,6280,3021,550,138,9981,189,123,314,10294,1798,884,12977,5349,2936,636,116,9032,194,115,308,9341,2619,765,12730,3790,2926,627,76,7414,164,145,312,7726,4681,740,13149,1439,1800,278,42,3566,41,53,97,3661,7748,665,12073,464,863,112,47,1486,9,16,23,1509,8833,675,11021,234,428,64,64,785,0,13,13,796,13405,1435,15629,49101,31646,5178,1530,87452,2106,1759,3867,91320,51642,10095,153058
502,4644,1077,449,6170,2622,1290,197,78,4190,161,88,245,4434,896,405,5736,3070,1373,239,93,4770,164,89,251,5018,929,454,6404,3165,1389,260,55,4874,183,72,258,5130,1189,424,6745,2911,1468,325,54,4763,146,98,243,5003,1719,401,7124,1847,1364,310,55,3577,132,112,247,3825,3033,342,7206,687,755,120,28,1589,39,41,84,1672,5431,338,7443,155,358,29,12,562,10,21,31,592,6511,364,7461,50,173,21,27,268,4,7,9,279,10874,1193,12346,24125,15656,2561,852,43190,1848,1359,3206,46404,36622,5785,88811
503,11892,1471,773,14136,6728,2694,273,95,9797,204,136,342,10139,1302,635,12071,6613,2581,203,70,9466,230,103,332,9793,1286,504,11587,6486,2599,241,81,9404,240,106,344,9750,1485,530,11760,5300,2299,269,49,7924,232,105,336,8260,1904,488,10649,3380,2261,245,38,5931,152,106,258,6187,3171,430,9792,1460,1796,154,31,3443,51,52,102,3539,4698,471,8713,555,1068,69,14,1699,18,33,50,1753,5559,387,7705,237,670,50,33,991,13,10,23,1009,11613,1154,13775,59750,35017,3557,1119,99451,2195,2304,4505,103951,42329,8581,154860
504,17663,3163,1111,21946,9940,4204,496,224,14865,325,208,533,15406,2483,913,18798,9815,3821,413,180,14231,393,222,608,14837,2425,932,18197,9676,3653,545,174,14050,353,174,533,14583,2651,861,18094,8226,3557,564,145,12491,326,171,499,12989,3259,751,17004,5316,3073,493,94,8975,289,194,481,9459,5028,651,15138,2046,1901,220,35,4208,78,89,170,4378,7842,482,12707,512,836,68,25,1450,12,33,44,1491,8865,460,10821,164,419,29,28,648,3,7,13,657,14655,1421,16732,85241,45824,5878,2288,139231,4078,3462,7539,146773,65060,11227,223065
505,37321,5202,2140,44661,21222,9537,975,372,32105,659,506,1162,33263,4465,1736,39464,21911,9040,877,373,32205,710,407,1120,33321,4259,1684,39264,20833,8594,1019,339,30785,746,367,1108,31902,4787,1551,38237,16611,7909,1152,289,25962,619,367,986,26951,6258,1334,34542,10805,7229,1005,190,19229,542,411,949,20186,9926,1129,31239,3868,4333,510,100,8810,143,202,347,9151,17205,958,27317,939,2061,167,46,3220,21,52,80,3297,19855,926,24073,264,909,78,57,1316,9,32,40,1357,34509,2725,38589,175865,103429,12275,4391,295961,7628,7772,15402,311368,133386,20990,465735
506,34696,6230,2296,43219,19633,8140,804,388,28965,827,509,1342,30300,5007,1854,37162,18017,6999,761,391,26164,766,399,1164,27325,4523,1648,33501,16810,6359,828,330,24323,746,367,1113,25434,4965,1627,32031,13890,5934,917,265,21002,629,347,973,21975,5994,1414,29384,9230,5463,779,179,15655,504,323,826,16476,9233,1185,26897,3542,3479,391,84,7494,161,174,337,7832,14942,975,23749,904,1758,136,56,2844,18,53,76,2921,16857,929,20707,260,779,58,64,1154,5,18,23,1180,28065,3131,32377,158009,88519,10131,4487,261148,8316,7445,15763,276911,126458,22928,426298
507,27063,4429,1808,33300,16070,7070,769,293,24201,562,387,945,25147,3642,1466,30261,16126,6535,739,247,23648,608,347,947,24604,3539,1422,29564,15594,6050,915,266,22830,566,330,897,23726,4133,1321,29180,12742,5787,974,202,19707,484,316,796,20503,5329,1175,27014,8141,5105,830,143,14219,411,310,720,14941,8277,982,24199,2926,3160,391,77,6547,112,160,273,6823,13521,862,21202,697,1438,118,36,2291,18,63,83,2374,14943,743,18058,211,656,53,42,963,11,18,28,994,26584,2535,30117,131854,74961,9931,3157,219901,6271,6234,12506,232407,106035,18202,356647
509,5818,1175,671,7664,3537,1829,216,97,5676,136,66,204,5879,998,737,7612,4218,1816,256,105,6400,161,76,230,6630,1086,822,8542,4507,2043,400,111,7068,153,81,235,7305,1390,907,9597,4437,2228,449,104,7219,160,81,238,7455,2069,997,10518,3486,2321,443,94,6342,136,116,247,6592,3287,814,10700,1626,1472,276,70,3444,51,66,114,3558,5651,811,10019,705,805,105,59,1674,0,17,20,1694,6330,715,8732,375,566,81,86,1105,8,5,11,1116,10400,1513,13030,36165,20794,3392,1272,61621,1538,1079,2616,64234,38614,10424,113275
510,6190,1188,1520,8902,3516,906,254,96,4772,105,62,163,4940,895,1230,7066,3260,719,218,71,4276,85,45,130,4409,848,1151,6404,2990,586,220,76,3867,74,48,124,3990,839,1089,5914,2445,477,229,69,3218,77,30,109,3328,827,940,5096,1672,421,173,48,2312,42,31,68,2381,856,692,3936,643,244,80,14,974,6,12,24,999,865,380,2242,167,98,16,13,294,5,0,4,296,701,199,1195,43,47,3,7,104,0,4,5,109,829,214,1156,29601,8287,2592,986,41467,1118,669,1786,43255,13602,12233,69087
511,5900,1082,1136,8117,3713,1317,198,106,5338,136,76,211,5549,910,1009,7464,4069,1322,262,108,5755,135,70,202,5958,923,986,7875,4143,1424,312,115,5994,161,57,215,6208,1147,1033,8387,3718,1427,346,104,5598,119,84,205,5796,1410,924,8135,2758,1365,289,79,4497,110,84,190,4689,2239,858,7791,1169,804,159,32,2164,36,39,71,2234,3355,648,6236,352,389,43,21,806,6,11,15,817,3722,588,5131,177,223,26,49,476,0,9,8,487,5807,1004,7293,35468,15359,2917,1193,54931,1447,974,2420,57351,26111,12154,95614
597,52,0,39,92,36,0,0,0,40,0,0,0,43,0,39,82,30,0,0,0,29,0,0,0,29,3,29,57,24,0,0,0,29,0,0,0,29,5,18,54,8,0,4,0,13,0,0,5,15,0,11,26,12,0,5,0,15,0,0,0,15,3,14,34,3,0,0,0,3,0,0,0,3,9,3,13,0,0,0,0,0,0,0,0,0,0,3,3,0,0,0,0,0,0,0,0,0,0,0,0,243,18,13,5,277,5,0,3,277,18,220,516
599,236,167,364,769,90,45,22,0,163,35,13,46,208,126,435,770,78,29,20,0,125,38,8,47,168,122,390,680,84,25,10,3,126,24,10,35,161,132,339,631,71,34,12,0,124,16,9,24,145,165,248,552,47,37,14,0,94,17,7,22,123,230,236,588,16,16,6,0,35,5,0,5,40,296,137,478,4,7,0,0,10,0,6,6,13,176,96,281,0,0,0,0,0,0,0,0,3,101,79,189,915,484,181,33,1614,274,117,392,2000,1955,3326,7285
601,14159,2237,734,17128,7085,3971,405,120,11580,313,163,481,12060,1913,550,14528,7578,3739,370,115,11795,242,150,399,12196,1973,550,14715,7431,3476,501,110,11526,222,169,388,11909,2463,563,14934,6257,3555,514,97,10419,201,149,349,10770,3480,540,14789,4116,3468,470,83,8133,160,153,314,8451,6148,555,15150,1340,2028,248,47,3657,39,64,108,3765,9444,556,13773,374,943,77,30,1422,10,25,32,1456,10310,602,12375,122,421,43,25,616,0,8,6,624,18172,1431,20224,65150,46560,5288,1723,118720,4010,3811,7818,126541,70007,8955,205506
602,6962,1378,423,8759,3888,2190,200,73,6353,166,98,261,6617,1217,388,8220,4216,2210,254,101,6774,186,118,311,7082,1497,376,8962,4639,2461,281,100,7489,195,111,301,7791,1754,460,10000,4093,2464,342,79,6986,160,133,288,7277,2452,468,10199,2766,2425,360,68,5625,151,138,290,5910,4327,502,10737,1077,1345,166,38,2622,43,44,94,2717,6710,515,9935,298,636,45,14,998,3,14,20,1010,7505,492,9010,140,328,26,36,540,5,5,12,547,12564,1232,14339,37597,26291,3054,1134,68079,2361,1849,4208,72287,47183,6705,126171
603,1829,364,148,2340,944,678,72,43,1741,35,34,63,1803,369,145,2318,1079,650,76,45,1851,51,22,75,1924,463,154,2540,1188,726,106,52,2068,51,26,74,2143,621,187,2948,1100,871,124,27,2122,52,39,91,2214,992,244,3447,745,836,137,38,1757,59,57,117,1874,1671,239,3786,319,422,67,19,833,12,23,29,866,2308,232,3397,114,206,20,27,373,0,0,3,374,2479,231,3089,68,114,15,16,214,0,4,3,219,2969,403,3594,9097,6968,973,453,17487,570,422,992,18486,14224,2579,35295
604,4980,1016,394,6389,2719,1550,182,72,4520,156,82,235,4760,977,329,6063,3131,1637,207,90,5061,178,96,271,5341,1201,386,6921,3450,1830,318,84,5688,142,82,224,5913,1636,418,7968,3194,1948,329,75,5555,137,96,239,5792,2242,418,8448,2178,1754,321,69,4316,117,112,229,4545,3641,450,8630,785,931,117,47,1880,25,33,57,1944,5578,424,7943,246,418,34,24,719,6,8,9,724,6118,471,7321,93,233,35,48,405,0,9,9,411,10014,1019,11449,27850,18650,2660,945,50109,1696,1197,2898,53005,37956,5732,96692
697,4,0,0,4,0,0,0,0,0,0,0,0,0,0,0,0,3,0,0,0,3,0,0,0,3,0,0,0,0,0,0,0,0,0,0,0,0,0,0,0,0,0,0,0,0,0,0,0,0,0,0,0,0,0,0,0,0,0,0,0,0,0,0,0,0,0,0,0,0,0,0,0,0,0,0,0,0,0,0,0,0,0,0,0,0,0,0,0,0,0,0,0,0,0,0,0,0,0,0,0,12,0,0,0,12,0,0,0,12,4,3,19
699,39,26,22,86,19,7,0,0,32,9,3,11,42,38,33,114,14,14,0,0,27,8,4,11,39,26,18,86,16,17,0,3,32,13,6,14,52,44,24,123,9,12,0,0,22,4,3,6,32,54,23,111,7,7,4,0,16,0,6,3,25,42,32,91,3,4,0,0,9,0,0,0,13,47,38,91,0,0,0,0,0,0,0,0,0,34,37,68,0,0,0,0,0,4,0,4,4,19,13,33,149,126,26,10,309,94,46,139,445,485,314,1248
701,9549,1286,1012,11849,5992,1638,304,117,8045,159,78,239,8285,1053,918,10257,5614,1294,291,104,7300,141,58,201,7501,964,873,9343,5345,1269,326,116,7056,145,72,218,7274,1024,767,9066,4248,1088,316,83,5734,138,59,202,5933,1305,686,7923,2761,981,263,74,4079,120,55,170,4259,1908,550,6714,1164,628,138,43,1975,50,29,70,2047,2782,428,5252,365,340,45,13,760,4,19,25,788,2967,364,4120,113,137,21,13,281,4,5,12,292,3705,444,4438,51101,18528,3611,1401,74631,1873,1258,3131,77762,23923,9927,111611
702,4247,2296,692,7233,2211,746,121,82,3158,195,98,293,3455,1820,614,5885,2192,562,121,76,2951,167,54,218,3172,1675,570,5411,2263,589,171,66,3081,138,56,196,3277,1677,594,5546,2036,522,151,64,2768,86,39,126,2897,1375,583,4855,1507,442,115,35,2100,55,34,92,2194,1496,448,4140,679,277,66,27,1050,17,15,38,1087,1531,354,2966,190,146,26,10,371,5,9,12,385,1263,196,1836,76,65,3,12,162,9,7,11,175,1432,222,1826,22130,7199,1623,897,31846,2167,937,3095,34941,26866,7144,68943
797,3,5,4,10,4,0,0,0,4,0,0,0,4,0,3,11,3,0,0,0,7,0,0,0,7,5,6,12,7,0,0,0,6,0,0,0,6,0,0,10,3,0,0,0,3,0,0,0,3,0,0,4,6,0,0,0,6,0,0,0,10,0,3,16,0,0,0,0,0,0,0,0,0,0,0,0,0,0,0,0,0,0,0,0,0,0,0,0,0,0,0,0,0,0,0,0,0,0,0,0,46,6,5,3,56,4,0,4,63,8,21,94
799,83,101,120,303,27,13,14,7,57,10,3,11,68,96,109,270,18,8,11,0,37,7,4,11,44,104,148,295,21,12,13,0,49,10,4,13,62,103,129,298,11,5,0,0,25,3,0,4,31,136,126,296,9,10,0,0,25,6,8,9,35,154,98,289,4,6,5,0,17,4,0,0,19,131,57,215,0,0,0,0,5,0,0,0,5,81,25,103,0,0,0,0,0,0,0,0,0,37,15,56,252,132,92,27,500,85,37,127,633,1251,1174,3052
801,32725,3065,1407,37197,20498,6152,946,236,27828,405,201,606,28435,2555,1105,32085,19241,4924,744,189,25103,373,189,563,25664,2613,965,29240,17117,4370,877,169,22537,333,164,501,23036,2989,859,26885,12403,4067,835,107,17413,305,197,501,17908,5227,757,23892,6777,3654,664,68,11159,225,181,413,11569,9183,684,21438,2488,2367,341,39,5233,67,105,172,5403,12426,659,18496,743,1298,127,29,2190,17,46,65,2248,14234,666,17150,211,657,61,25,951,3,24,25,976,23866,1675,26519,163473,71301,10985,2632,248388,4706,5202,9905,258296,97350,15345,370996
897,0,0,0,0,0,0,0,0,0,0,0,0,0,0,0,0,0,0,0,0,0,0,0,0,0,0,0,0,0,0,0,0,0,0,0,0,0,0,0,0,0,0,0,0,0,0,0,0,0,0,0,0,0,0,0,0,0,0,0,0,0,0,0,0,0,0,0,0,0,0,0,0,0,0,0,0,0,0,0,0,0,0,0,0,0,0,0,0,0,0,0,0,0,0,0,0,0,0,0,0,0,0,0,0,0,0,0,0,0,0,0,0
899,25,11,13,45,10,8,4,0,19,3,0,3,25,11,23,54,8,0,0,0,20,0,3,3,25,6,15,40,10,0,4,0,19,0,0,0,14,13,10,40,5,0,0,0,9,0,0,0,12,14,12,32,4,8,0,0,13,0,0,0,16,15,14,45,0,0,0,0,0,0,0,0,0,14,3,20,0,0,0,0,0,0,0,0,0,3,4,14,0,0,0,0,0,0,0,0,0,9,6,11,108,83,16,3,216,32,17,48,264,169,129,560
901,231,66,49,350,134,50,12,3,198,6,3,8,204,41,44,288,152,48,15,4,223,0,0,3,223,43,36,310,162,63,8,3,240,0,5,0,244,50,65,354,183,63,16,8,271,10,4,11,282,53,46,391,139,89,12,0,238,4,6,8,246,84,44,378,72,56,10,6,139,0,0,0,143,135,40,320,39,40,9,0,86,0,0,0,87,147,30,264,13,29,4,0,42,0,0,0,46,220,53,321,1347,719,131,47,2243,25,32,53,2297,1086,574,3953
997,0,0,0,0,0,0,0,0,0,0,0,0,0,0,0,0,0,0,0,0,0,0,0,0,0,0,0,0,0,0,0,0,0,0,0,0,0,0,0,0,0,0,0,0,0,0,0,0,0,0,0,0,0,0,0,0,0,0,0,0,0,0,0,0,0,0,0,0,0,0,0,0,0,0,0,0,0,0,0,0,0,0,0,0,0,0,0,0,0,0,0,0,0,0,0,0,0,0,0,0,0,0,0,0,0,0,0,0,0,0,0,0
999,0,0,0,0,0,0,0,0,0,0,0,0,0,0,0,0,0,0,0,0,0,0,0,0,0,0,0,0,0,0,0,0,0,0,0,0,0,0,0,0,0,0,0,0,0,0,0,0,0,0,0,0,3,0,0,0,3,0,0,0,3,0,0,3,0,0,0,0,0,0,0,0,0,0,0,0,0,0,0,0,0,0,0,0,0,0,0,0,0,0,0,0,0,0,0,0,0,0,0,0,5,4,0,0,3,4,0,4,8,0,3,11
