GCCSA_CODE_2021,F_ID_NS_0,F_ID_NS_1_19,F_ID_NS_20_29,F_ID_NS_30_34,F_ID_NS_35_39,F_ID_NS_40_44,F_ID_NS_45_49,F_ID_NS_50_over,F_ID_NS_hours_NS,F_ID_NS_Tot,F_Tot_0,F_Tot_1_19,F_Tot_20_29,F_Tot_30_34,F_Tot_35_39,F_Tot_40_44,F_Tot_45_49,F_Tot_50_over,F_Tot_hours_NS,F_Tot_Tot,P_AgriForestFish_0,P_AgriForestFish_1_19,P_AgriForestFish_20_29,P_AgriForestFish_30_34,P_AgriForestFish_35_39,P_AgriForestFish_40_44,P_AgriForestFish_45_49,P_AgriForestFish_50_over,P_AgriForestFish_hours_NS,P_AgriForestFish_Tot,P_Min_0,P_Min_1_19,P_Min_20_29,P_Min_30_34,P_Min_35_39,P_Min_40_44,P_Min_45_49,P_Min_50_over,P_Min_hours_NS,P_Min_Tot,P_Mnfg_0,P_Mnfg_1_19,P_Mnfg_20_29,P_Mnfg_30_34,P_Mnfg_35_39,P_Mnfg_40_44,P_Mnfg_45_49,P_Mnfg_50_over,P_Mnfg_hours_NS,P_Mnfg_Tot,P_EGW_WS_0,P_EGW_WS_1_19,P_EGW_WS_20_29,P_EGW_WS_30_34,P_EGW_WS_35_39,P_EGW_WS_40_44,P_EGW_WS_45_49,P_EGW_WS_50_over,P_EGW_WS_hours_NS,P_EGW_WS_Tot,P_Cnstn_0,P_Cnstn_1_19,P_Cnstn_20_29,P_Cnstn_30_34,P_Cnstn_35_39,P_Cnstn_40_44,P_Cnstn_45_49,P_Cnstn_50_over,P_Cnstn_hours_NS,P_Cnstn_Tot,P_WTrade_0,P_WTrade_1_19,P_WTrade_20_29,P_WTrade_30_34,P_WTrade_35_39,P_WTrade_40_44,P_WTrade_45_49,P_WTrade_50_over,P_WTrade_hours_NS,P_WTrade_Tot,P_RTrade_0,P_RTrade_1_19,P_RTrade_20_29,P_RTrade_30_34,P_RTrade_35_39,P_RTrade_40_44,P_RTrade_45_49,P_RTrade_50_over,P_RTrade_hours_NS,P_RTrade_Tot,P_AccomFoodS_0,P_AccomFoodS_1_19,P_AccomFoodS_20_29,P_AccomFoodS_30_34,P_AccomFoodS_35_39,P_AccomFoodS_40_44,P_AccomFoodS_45_49,P_AccomFoodS_50_over,P_AccomFoodS_hours_NS,P_AccomFoodS_Tot,P_TransPostWhse_0,P_TransPostWhse_1_19,P_TransPostWhse_20_29,P_TransPostWhse_30_34,P_TransPostWhse_35_39,P_TransPostWhse_40_44,P_TransPostWhse_45_49,P_TransPostWhse_50_over,P_TransPostWhse_hours_NS,P_TransPostWhse_Tot,P_InfoMedTelecom_0,P_InfoMedTelecom_1_19,P_InfoMedTelecom_20_29,P_InfoMedTelecom_30_34,P_InfoMedTelecom_35_39,P_InfoMedTelecom_40_44,P_InfoMedTelecom_45_49,P_InfoMedTelecom_50_over,P_InfoMedTelecom_hours_NS,P_InfoMedTelecom_Tot,P_FinInsurS_0,P_FinInsurS_1_19,P_FinInsurS_20_29,P_FinInsurS_30_34,P_FinInsurS_35_39,P_FinInsurS_40_44,P_FinInsurS_45_49,P_FinInsurS_50_over,P_FinInsurS_hours_NS,P_FinInsurS_Tot,P_RentHirREserv_0,P_RentHirREserv_1_19,P_RentHirREserv_20_29,P_RentHirREserv_30_34,P_RentHirREserv_35_39,P_RentHirREserv_40_44,P_RentHirREserv_45_49,P_RentHirREserv_50_over,P_RentHirREserv_hours_NS,P_RentHirREserv_Tot,P_ProScieTechServ_0,P_ProScieTechServ_1_19,P_ProScieTechServ_20_29,P_ProScieTechServ_30_34,P_ProScieTechServ_35_39,P_ProScieTechServ_40_44,P_ProScieTechServ_45_49,P_ProScieTechServ_50_over,P_ProScieTechServ_hours_NS,P_ProScieTechServ_Tot,P_AdminSupServ_0,P_AdminSupServ_1_19,P_AdminSupServ_20_29,P_AdminSupServ_30_34,P_AdminSupServ_35_39,P_AdminSupServ_40_44,P_AdminSupServ_45_49,P_AdminSupServ_50_over,P_AdminSupServ_hours_NS,P_AdminSupServ_Tot,P_PubAdmiSafety_0,P_PubAdmiSafety_1_19,P_PubAdmiSafety_20_29,P_PubAdmiSafety_30_34,P_PubAdmiSafety_35_39,P_PubAdmiSafety_40_44,P_PubAdmiSafety_45_49,P_PubAdmiSafety_50_over,P_PubAdmiSafety_hours_NS,P_PubAdmiSafety_Tot,P_EducTrain_0,P_EducTrain_1_19,P_EducTrain_20_29,P_EducTrain_30_34,P_EducTrain_35_39,P_EducTrain_40_44,P_EducTrain_45_49,P_EducTrain_50_over,P_EducTrain_hours_NS,P_EducTrain_Tot,P_HealthCareSocA_0,P_HealthCareSocA_1_19,P_HealthCareSocA_20_29,P_HealthCareSocA_30_34,P_HealthCareSocA_35_39,P_HealthCareSocA_40_44,P_HealthCareSocA_45_49,P_HealthCareSocA_50_overr,P_HealthCareSocA_hours_NS,P_HealthCareSocA_Tot,P_ArtRecServ_0,P_ArtRecServ_1_19,P_ArtRecServ_20_29,P_ArtRecServ_30_34,P_ArtRecServ_35_39,P_ArtRecServ_40_44,P_ArtRecServ_45_49,P_ArtRecServ_50_over,P_ArtRecServ_hours_NS,P_ArtRecServ_Tot
1GSYD,4408,6561,5359,2891,9247,8455,1404,2596,8422,49341,132432,182248,153724,90210,245183,215026,47903,87360,17364,1171441,627,1624,1398,804,1765,1910,548,1757,159,10595,326,238,234,125,923,1319,381,1275,42,4862,9920,11761,10075,6307,36175,32007,9040,15058,990,131332,1073,961,847,665,5543,6078,1543,3227,149,20080,42117,22071,15536,8238,24667,47289,9642,25427,3299,198286,4275,6090,5616,3679,21602,22058,5336,9785,408,78845,34142,43619,31429,14969,36646,30071,7156,13464,2354,213851,37003,42597,18393,6661,11193,8624,2107,4967,1790,133334,11926,12012,12618,6400,25657,28141,7979,16527,1738,122993,3257,3668,3218,2243,14172,18126,4145,9414,380,58627,5389,6182,8663,7655,42861,55654,12745,29264,979,169389,2896,5580,4239,2482,9681,12040,3000,6657,376,46948,9586,22729,20833,12882,54061,83998,18085,41428,1605,265208,10289,13835,10708,4844,14983,14277,2766,5100,878,77677,8701,6574,9038,4510,47903,31718,10428,12974,1000,132839,16500,36282,23833,16053,42400,35416,10358,24364,1387,206584,22965,49240,51062,34627,69607,61111,11241,22803,2792,325449,10123,5298,3561,1930,5704,5659,1175,2591,324,36377
1RNSW,1289,3493,2316,1431,2785,2121,373,964,4095,18860,43018,121959,104061,66953,120015,85131,22637,42220,9762,615759,1741,6599,5851,4131,7078,11741,3899,21617,1353,64009,1813,628,1022,485,4000,6866,3793,11503,398,30503,2600,5470,4442,3867,17776,18665,6857,9860,645,70189,657,577,662,661,4444,4612,1327,2426,118,15491,5110,8994,8246,6805,20570,35564,9026,21007,1680,116993,842,2072,1685,1269,5357,6445,2176,4526,191,24564,7897,31486,19741,10813,21024,13612,4346,7294,1235,117441,10247,36316,14396,6382,10209,7150,2147,5714,1325,93891,2711,5313,4924,2707,7688,8693,3239,10471,735,46482,550,1179,922,556,2423,2006,528,1177,56,9405,1166,1674,2709,1894,6992,5427,1438,2770,137,24211,618,1822,1498,1046,3892,3207,1030,2427,125,15667,2183,7753,7318,5195,12626,13729,3737,8308,358,61204,2500,10143,6244,3507,7192,5662,1377,3023,553,40195,6000,4663,6564,4233,32491,20246,6879,8139,709,89922,6066,18248,15893,12126,23007,18191,6989,14243,745,115512,12449,28496,36726,29135,41517,33626,6958,12679,1853,203439,1701,3781,2072,1091,2607,2142,482,1279,179,15329
19499,0,11,9,3,4,3,6,0,15,54,136,241,168,98,172,161,35,102,20,1128,3,25,8,9,14,23,3,33,8,130,3,6,4,0,5,7,0,19,0,41,9,13,19,7,42,27,10,7,4,135,7,0,4,0,3,3,4,0,0,23,42,27,11,23,33,55,14,38,3,246,4,0,9,5,12,11,5,6,0,57,27,41,40,25,33,21,3,9,6,196,33,86,50,17,19,21,4,8,5,235,16,27,17,8,23,17,8,21,0,134,0,7,0,6,10,13,0,9,0,40,0,7,8,0,20,23,5,8,0,78,4,4,3,0,0,6,0,0,0,20,13,28,14,17,34,35,7,29,3,187,19,29,18,6,15,7,5,16,0,113,18,16,11,5,31,31,8,31,5,150,19,28,21,14,17,20,5,18,0,137,31,38,45,29,47,49,6,32,7,287,16,15,9,5,12,10,5,5,0,76
19799,0,0,0,0,0,0,0,0,0,0,0,0,0,0,0,0,0,0,0,0,0,0,0,0,0,0,0,0,0,0,0,0,0,0,0,0,0,0,0,0,0,0,0,0,0,0,0,0,0,0,0,0,0,0,0,0,0,0,0,0,0,0,0,0,0,0,0,0,0,0,0,0,0,0,0,0,0,0,0,0,0,0,0,0,0,0,0,0,0,0,0,0,0,0,0,0,0,0,0,0,0,0,0,0,0,0,0,0,0,0,0,0,0,0,0,0,0,0,0,0,0,0,0,0,0,0,0,0,0,0,0,0,0,0,0,0,0,0,0,0,0,0,0,0,0,0,0,0,0,0,0,0,0,0,0,0,0,0,0,0,0,0,0,0,0,0,0,0,0,0,0,0,0,0,0,0,0,0,0,0,0,0,0,0,0,0,0,0,0,0,0,0,0,0,0,0,0,0,0,0
2GMEL,2146,6940,5722,3318,9203,7097,1166,2162,8134,45889,73403,215989,184877,119090,243551,195616,46657,76879,16737,1172787,593,2152,1942,1386,3361,3263,828,2103,206,15845,283,207,190,159,486,1086,412,1437,57,4318,4277,12952,11689,8751,50544,45121,13091,20445,1115,167996,771,972,1230,1226,7558,8006,2075,3617,184,25636,6337,15497,16335,12733,40686,74703,18589,38363,3262,226505,2075,5160,5483,4093,20860,20778,5715,9116,388,73670,14665,60219,36851,18064,42295,31973,8488,14342,2152,229046,15536,57503,25988,9601,16325,11676,3158,7069,1861,148723,5608,11242,13725,7548,25340,29696,8792,16404,1747,120096,1965,3714,3089,2224,11479,12429,2905,5588,277,43676,3934,4611,7021,5710,27321,41291,8032,16205,670,114791,1424,3654,3683,2383,9431,9793,2607,5591,304,38863,6225,19587,19158,13982,50657,73184,16070,34406,1232,234512,4053,15307,13958,6408,16876,13505,2969,5467,896,79444,7162,8269,9967,8368,40651,34912,9443,13273,917,132958,9960,38162,28365,18881,45281,34185,13008,24926,1308,214082,17466,48518,57872,49556,66887,54170,11785,20957,2660,329874,6321,9826,5096,3142,7193,7008,1584,3479,368,44020
2RVIC,741,1942,1323,768,1444,1167,203,508,2494,10596,24741,74732,61525,42019,61873,45734,11848,22102,6119,350707,1623,5738,4763,3411,6006,9173,3044,16317,1223,51294,482,183,168,140,448,948,487,2102,73,5036,2061,4555,3400,2705,12869,14528,5200,6852,548,52711,493,422,545,491,2611,3151,914,1621,98,10355,2347,4797,4109,3826,12192,23805,6062,13101,1054,71289,566,1368,1116,882,3587,4224,1412,2328,145,15628,4159,19519,11057,6070,11791,8412,2428,4036,822,68301,5183,19462,7024,2890,4727,3470,863,3049,712,47383,1535,2727,2754,1645,4176,5558,2027,6127,485,27041,361,813,607,370,1537,1241,390,607,43,5979,695,862,1380,1017,3580,3397,882,1617,88,13519,311,816,692,530,1836,1574,424,1130,68,7384,1136,4187,3824,2721,6426,7452,2018,4319,226,32321,1256,5454,3121,1773,3531,2541,646,1228,317,19869,3128,3361,3793,2946,12180,12326,2894,4022,352,45006,3183,9952,9083,6521,13278,8872,3957,7607,473,62923,7981,17301,22334,19880,20655,16785,3613,6235,1033,115823,1151,2490,1336,869,1890,1448,337,871,121,10524
29499,8,3,9,5,7,3,0,0,7,44,85,190,111,71,129,98,29,43,16,771,6,8,12,7,8,20,6,15,0,76,0,0,0,0,0,5,0,7,0,6,3,8,5,9,37,23,13,18,4,120,0,5,5,0,7,4,0,3,0,22,5,13,25,8,33,60,14,21,8,190,0,5,4,0,15,10,6,9,0,39,16,36,16,8,20,21,4,5,7,126,28,70,32,16,18,10,3,12,0,202,14,25,8,4,19,21,7,11,0,108,0,4,0,0,5,7,0,4,0,25,5,0,0,0,17,22,5,8,0,53,0,5,0,0,0,3,0,4,0,23,6,10,13,9,22,23,4,11,5,99,9,20,10,0,13,10,0,8,4,74,3,7,10,6,25,36,15,18,3,115,4,27,12,9,17,13,0,3,0,97,24,36,40,34,32,28,6,6,3,205,0,20,7,0,10,8,4,0,0,46
29799,0,0,0,0,0,0,0,0,0,0,0,0,0,0,0,0,0,0,0,0,0,0,0,0,0,0,0,0,0,0,0,0,0,0,0,0,0,0,0,0,0,0,0,0,0,0,0,0,0,0,0,0,0,0,0,0,0,0,0,0,0,0,0,0,0,0,0,0,0,0,0,0,0,0,0,0,0,0,0,0,0,0,0,0,0,0,0,0,0,0,0,0,0,0,0,0,0,0,0,0,0,0,0,0,0,0,0,8,0,9,0,0,0,0,0,0,0,0,0,0,0,0,0,0,0,0,0,0,0,0,0,0,0,0,0,0,0,0,0,0,0,0,0,0,0,0,0,0,0,0,0,0,0,0,0,0,0,0,0,0,0,0,0,0,0,0,0,0,0,0,0,0,0,0,0,0,0,0,0,0,0,0,0,0,0,0,0,0,0,0,0,0,0,0,0,0,0,0,0,0
3GBRI,1345,3083,2496,1496,4166,3045,566,1159,3847,21215,59372,99941,88376,59076,135677,93871,23912,41174,8314,609709,435,1282,1223,928,1768,1880,606,2275,184,10574,1153,400,400,309,1716,3440,1262,5241,114,14023,2792,4793,4303,3507,22940,19660,6707,10587,619,75912,679,484,580,598,3432,5043,1295,2616,57,14786,4021,7222,6468,5525,17347,31391,9751,23856,1247,106826,1262,2081,2011,1567,9262,9010,2697,4482,194,32580,11643,25588,17092,9175,21327,14478,4289,6996,1042,111628,14713,29177,11372,4532,8182,5641,1711,3898,966,80190,4025,5463,6509,3851,14557,14687,5136,11630,833,66694,940,1256,1046,714,3744,3387,917,2041,84,14129,1614,1676,2754,2206,12660,10953,2876,5641,177,40564,999,2200,1868,1367,5043,5202,1484,3744,158,22081,3675,8729,8296,6183,22662,31351,7804,17061,443,106201,3330,7889,6222,3254,9260,6765,1588,3180,461,41954,5685,3590,5413,3752,28902,21137,5850,7823,618,82780,9410,18207,16470,9973,22383,16951,5572,12129,616,111714,14783,25009,29396,26407,45223,29344,6558,12597,1545,190854,4004,3374,1905,1116,3276,2688,632,1373,151,18517
3RQLD,1255,3586,2677,1635,3316,2502,463,1295,4503,21241,45016,107984,94995,65884,118566,80195,21563,46647,10331,591187,1366,4678,3938,3225,6100,8718,3006,19323,1192,51549,4170,982,1045,510,2667,5114,4268,21872,744,41370,2275,4716,3904,3124,15428,15725,6737,11740,586,64225,770,590,531,603,3244,4201,1243,2688,123,13985,4090,7869,7539,6630,18486,30241,10610,27909,1699,115085,943,1944,1655,1237,6116,6291,2173,4572,185,25111,8258,28348,18329,10694,21786,13627,4401,7940,1236,114629,10317,31516,14631,7344,12102,7936,2698,7285,1397,95231,3116,4934,5203,3084,8575,8870,3230,11259,723,48993,620,1037,904,541,2243,1873,455,1466,77,9217,950,1449,2141,1614,6097,5193,1342,2909,138,21829,849,2268,1935,1443,4685,4131,1360,3962,167,20801,2018,6647,6292,4578,12428,12971,3501,8947,364,57750,2483,8945,6012,3395,7460,5120,1493,4336,534,39781,4689,3794,4096,3259,21377,16905,5052,7555,715,67449,6342,15398,17117,11637,19363,15516,5738,12306,735,104157,12462,22925,29826,28190,41815,28659,6116,12519,1812,184318,3438,4012,2397,1451,3007,2463,539,1403,271,18976
39499,9,14,8,10,3,4,0,8,19,74,205,277,235,144,243,190,39,129,44,1512,6,18,25,20,63,56,32,74,3,300,14,3,0,0,11,9,3,35,0,89,11,18,14,8,40,40,8,14,0,147,0,0,7,0,4,8,3,14,3,44,25,30,23,21,44,68,26,72,15,319,4,3,3,0,10,11,5,11,0,48,31,46,30,22,35,25,5,12,6,216,62,107,83,41,58,24,7,33,7,434,22,10,17,14,41,20,6,50,0,181,3,6,0,4,7,7,0,7,0,37,5,3,6,6,8,9,7,0,0,41,4,5,5,7,12,8,5,5,0,43,15,39,22,5,17,48,12,10,0,171,16,40,27,16,34,24,3,22,11,194,27,11,16,12,38,16,5,8,3,134,30,32,19,16,21,18,4,4,5,149,48,47,59,33,57,69,7,21,3,340,6,12,13,4,7,0,0,3,3,54
39799,0,0,0,0,0,0,0,0,0,0,0,0,0,0,0,0,0,0,0,0,0,0,0,0,0,0,0,19,4,19,0,0,0,0,0,0,0,0,0,3,0,0,0,0,0,0,0,0,0,0,0,0,0,0,0,0,0,0,0,0,0,0,0,0,0,0,0,4,0,3,0,0,0,0,0,0,0,4,0,4,0,0,0,0,0,0,0,0,0,0,0,0,0,0,0,0,0,0,0,0,0,0,0,0,0,0,0,0,0,0,0,0,0,0,0,0,0,0,0,0,0,0,0,0,0,0,0,0,0,0,0,0,0,0,0,0,0,0,0,0,0,0,0,0,0,0,0,0,0,0,0,0,0,0,0,0,0,0,0,0,0,0,0,0,0,0,0,0,0,0,0,0,0,0,0,0,0,0,0,0,0,0,0,0,0,0,0,0,0,0,0,0,0,0,0,0,0,0,0,0
4GADE,367,1402,1136,686,1646,909,184,362,1516,8206,16811,63903,58696,39049,74175,40496,12186,18176,3715,327210,261,1111,1007,762,1554,1491,526,1286,129,8133,736,199,223,144,703,978,545,2718,67,6318,1218,3599,3361,2595,14497,10838,3897,5013,329,45352,279,360,387,420,2600,2658,791,1337,60,8886,1730,4055,4251,3493,11020,16617,4966,9631,626,56393,402,1205,1256,962,4927,3990,1362,1943,74,16127,2570,18935,11437,5720,12705,7327,2454,3431,562,65134,2228,17483,8168,3313,5106,3429,1413,2434,466,44044,1367,2676,3256,1816,5816,5759,2184,4486,337,27701,238,796,687,484,2337,1888,465,879,45,7808,758,1124,1858,1620,7297,4749,1420,2298,91,21223,301,956,906,592,2304,1747,602,1246,54,8695,1192,4656,4783,3481,11727,12119,3253,6111,211,47529,962,5580,4788,2522,5937,3228,888,1529,247,25678,2526,2107,3461,3378,16832,12073,3424,3819,293,47901,2672,10145,9301,5967,12624,9098,3938,6631,309,60687,6299,15903,21285,18430,28283,12921,3897,6772,856,114652,602,3004,1443,866,1790,1325,388,711,72,10185
4RSAU,154,443,304,152,296,171,47,140,586,2305,4508,17283,15069,9819,13775,9350,2896,6024,1577,80295,878,2459,1979,1533,2769,4721,1656,7039,440,23477,545,122,116,53,328,563,391,2433,75,4621,544,1179,1014,842,3759,3898,1718,1956,150,15055,88,107,112,104,443,532,166,351,20,1930,519,1012,964,818,2383,3505,1049,2723,211,13183,132,329,257,224,773,934,326,626,41,3634,676,4316,2883,1645,2662,1843,653,1084,229,15992,616,4302,1947,908,1136,879,349,983,245,11374,358,756,782,449,868,1180,461,1748,121,6729,29,126,95,59,211,140,37,71,5,780,92,192,282,193,447,340,109,222,8,1885,56,191,141,113,369,196,90,223,18,1401,161,702,605,384,920,832,233,566,47,4458,264,1657,954,532,1001,736,223,447,97,5910,501,507,583,617,2581,1932,425,681,70,7896,661,2032,2474,1484,2142,1720,898,1697,113,13215,1442,3505,4477,3731,4573,2544,688,1250,288,22497,88,427,248,152,227,180,79,131,26,1543
49499,0,3,0,0,0,0,0,0,6,11,42,68,37,32,56,32,10,24,10,311,0,0,0,8,3,4,4,3,0,30,7,3,0,4,0,0,0,6,0,19,6,3,0,5,13,6,0,7,0,37,0,0,0,0,0,4,0,4,0,11,4,9,0,4,13,12,0,23,3,69,0,0,0,5,4,0,0,0,0,8,4,16,9,0,13,3,4,5,0,54,3,27,9,7,6,3,3,6,4,62,7,7,4,9,3,9,0,13,0,51,0,0,0,0,0,0,0,0,0,4,0,0,0,0,0,3,0,5,0,11,0,0,0,0,0,0,0,4,0,12,0,9,5,0,10,13,6,4,0,46,6,15,16,6,12,0,0,7,0,62,7,0,3,0,12,0,0,0,0,36,8,4,5,8,4,6,0,9,0,28,9,16,16,14,20,15,3,3,3,99,0,0,3,0,0,0,0,0,0,7
49799,0,0,0,0,0,0,0,0,0,0,0,0,0,0,0,0,0,0,0,0,0,0,0,0,0,0,0,0,0,3,0,0,0,0,0,0,0,0,0,0,0,0,0,0,0,0,0,0,0,0,0,0,0,0,0,0,0,0,0,0,0,0,0,0,0,0,0,0,0,0,0,0,0,0,0,0,0,0,0,0,0,0,0,0,0,0,0,0,0,0,0,0,0,0,0,0,0,0,0,0,0,0,0,0,0,0,0,0,0,0,0,0,0,0,0,0,0,0,0,0,0,0,0,0,0,0,0,0,0,0,0,0,0,0,0,0,0,0,0,0,0,0,0,0,0,0,0,0,0,0,0,0,0,0,0,0,0,0,0,0,0,0,0,0,0,0,0,0,0,0,0,0,0,0,0,0,0,0,0,0,0,0,0,0,0,0,0,0,0,0,0,0,0,0,0,0,0,0,0,0
5GPER,651,3441,2642,1465,2837,2709,458,945,3091,18233,24617,102918,88434,53436,100019,76497,20400,35919,6812,509051,266,1115,919,708,1117,1516,455,1301,124,7522,6140,2057,2322,1431,6003,12634,6937,31609,990,70130,1608,4234,3813,2573,13557,14679,5557,9516,374,55904,458,471,581,560,3385,3105,1078,2020,89,11744,2863,6118,6219,5164,13363,27352,8620,23110,1114,93927,778,1926,1913,1359,6181,7507,2374,4763,155,26954,3373,27286,17170,7933,16076,11695,3675,6200,822,94230,2051,25448,12501,5329,7841,6489,2203,5686,784,68330,2311,4325,4856,3048,8021,11509,4124,8983,632,47803,298,1252,911,589,2140,2236,532,1001,63,9013,1089,1759,2462,1753,6451,7197,1743,3340,125,25917,418,1823,1658,1037,3087,3515,1186,2840,113,15691,2557,7917,7441,5326,16148,24065,6300,12554,366,82670,1234,7318,5747,2662,5739,5315,1406,3342,347,33115,3665,4375,4890,3636,19213,16512,4529,6172,409,63394,3791,17183,13822,9320,17505,15362,5756,10052,516,93309,7940,22869,26981,19923,34009,21368,5193,9880,1145,149312,716,5765,2657,1598,2989,2612,713,1442,139,18637
5RWAU,216,784,490,285,432,433,120,303,802,3865,6817,22353,18486,12154,19351,16252,5179,12305,2034,114926,986,2282,1829,1287,1605,3886,1581,8101,430,21982,2912,951,808,318,1305,3058,2743,15033,518,27636,583,988,785,598,2330,3184,1582,2624,123,12815,156,176,147,130,771,824,380,752,41,3371,964,1434,1241,1093,2405,4774,1820,6913,315,20959,212,400,339,213,673,1362,619,1389,47,5252,890,5176,3383,1949,3397,2608,953,1740,196,20299,693,5006,2570,1418,2059,1838,663,2141,274,16673,619,1100,1082,605,1192,2029,845,3539,176,11189,44,183,121,75,212,219,72,122,6,1058,122,253,300,200,493,524,133,274,9,2313,118,312,282,171,604,548,198,671,24,2929,307,1059,829,662,1217,1458,426,1328,72,7354,353,1657,1110,637,990,914,328,1019,102,7110,1018,1088,1008,749,3652,3789,962,1579,106,13956,1113,3181,3112,2355,3592,3558,1441,2507,173,21036,1909,4065,4694,3905,6078,4143,963,2056,281,28100,139,677,405,198,366,314,95,242,37,2475
59499,3,3,0,0,7,7,0,0,3,30,80,124,94,58,124,106,25,96,12,715,4,5,5,9,24,19,10,23,0,101,23,7,5,7,8,10,13,123,0,188,4,3,8,6,17,13,7,7,0,67,4,0,0,0,0,4,0,3,0,12,31,6,10,10,7,35,9,58,0,168,0,0,0,0,6,6,0,6,0,22,9,13,16,4,17,20,4,4,0,88,6,44,28,16,36,37,18,39,7,231,12,15,6,3,8,16,6,24,4,88,0,9,0,0,0,5,0,0,0,17,3,7,0,3,0,0,0,4,0,16,0,5,0,0,0,0,0,0,0,9,11,24,11,7,7,17,3,9,0,92,3,7,9,5,8,14,0,14,0,62,15,4,3,0,14,19,0,11,0,66,12,14,13,9,9,8,4,3,0,69,22,25,35,10,26,17,0,9,0,157,0,4,4,0,5,7,0,5,0,25
59799,0,0,0,0,0,0,0,0,0,5,4,3,0,0,0,0,0,16,0,29,0,0,0,0,0,4,0,36,5,41,4,0,0,0,5,0,4,62,0,74,0,0,0,0,0,0,0,3,0,4,0,0,0,0,0,0,0,9,0,5,0,0,0,0,0,0,0,34,0,38,0,0,0,0,0,0,0,0,0,3,0,0,0,0,0,0,0,0,0,0,0,0,0,0,0,0,0,8,0,6,0,4,0,0,0,0,0,31,0,33,0,0,0,0,0,0,0,0,0,0,0,0,0,0,0,0,0,0,0,3,0,0,0,0,0,0,0,0,0,0,0,0,0,0,0,0,0,0,0,3,0,0,0,0,0,0,0,5,0,4,0,0,0,0,0,0,0,0,0,0,0,0,0,0,0,0,0,0,0,0,0,0,0,0,0,0,0,0,0,0,0,0,0,0,0,0,0,0,0,0
6GHOB,53,196,189,90,171,110,27,51,318,1206,3269,11629,11062,7165,12862,6874,2122,3243,763,58995,93,282,234,195,516,508,143,373,44,2393,36,17,20,8,18,60,39,114,3,319,195,637,531,358,1475,1532,621,611,52,6006,102,81,127,155,1012,621,223,258,24,2608,258,625,701,667,2088,3568,705,1352,130,10083,57,208,208,113,572,500,115,194,10,1975,460,3093,2107,990,2124,1209,449,575,108,11120,326,3234,1789,750,1462,866,271,463,119,9275,262,457,510,284,761,774,277,572,50,3960,55,187,162,92,481,325,87,138,0,1532,112,157,252,206,915,535,146,250,14,2598,45,188,142,97,411,256,88,155,15,1394,234,914,913,690,2002,1582,435,815,33,7632,151,904,637,316,674,387,107,211,42,3422,753,642,1172,1066,4114,2265,713,1023,79,11826,544,2236,2199,1146,2672,1780,711,1110,71,12473,1236,2613,3702,3446,4419,2355,718,1346,157,19998,116,731,438,264,465,372,96,210,8,2695
6RTAS,101,350,191,127,175,122,26,65,370,1527,3751,14280,12682,7847,12174,7854,2184,4127,1060,65967,444,1191,1055,908,1780,2086,642,2641,262,11012,212,77,68,49,148,387,327,1038,33,2327,454,886,845,617,2657,2387,991,1212,127,10176,76,71,86,101,579,511,145,262,25,1855,351,842,769,695,2130,3910,1074,1765,161,11696,122,301,299,258,985,938,316,504,18,3748,608,3584,2264,1247,2482,1589,556,794,158,13277,478,3683,1771,807,1304,935,276,746,162,10161,438,656,707,389,1020,1121,486,1443,121,6379,47,157,112,70,290,201,49,92,3,1027,92,152,284,183,633,465,108,213,11,2149,62,200,160,115,375,238,91,176,9,1420,167,838,685,457,1179,1036,261,609,28,5259,194,1191,670,345,699,446,123,243,48,3963,465,573,695,603,2041,1304,384,583,57,6703,489,1992,2322,1023,2256,1709,622,1083,87,11575,1483,3053,4106,3528,4240,2887,740,1436,227,21692,108,496,289,180,358,222,69,178,20,1920
69499,0,0,0,0,0,0,0,0,0,3,15,30,23,14,29,13,7,0,0,133,0,3,0,3,0,3,0,3,0,20,0,0,0,0,0,0,4,6,0,5,0,0,0,3,4,3,4,4,0,19,0,0,0,0,5,0,0,0,0,5,8,0,0,0,8,17,0,4,0,35,0,0,0,0,3,4,0,0,0,3,0,9,5,0,10,0,0,0,0,34,3,10,3,4,8,0,3,0,0,28,0,7,3,0,4,3,0,0,0,22,0,0,0,0,0,0,0,0,0,0,0,0,0,0,0,0,0,0,0,5,0,0,0,0,0,0,0,0,0,0,0,0,0,5,3,4,0,0,0,13,0,0,10,0,0,3,0,0,0,15,0,3,5,0,4,4,0,0,0,18,0,0,3,0,0,0,0,0,0,12,4,5,9,7,5,0,0,4,0,37,4,0,0,0,0,0,0,0,0,10
69799,0,0,0,0,0,0,0,0,0,0,0,0,0,0,0,0,0,0,0,0,0,0,0,0,0,0,0,0,0,0,0,0,0,0,0,0,0,0,0,0,0,0,0,0,0,0,0,0,0,0,0,0,0,0,0,0,0,0,0,0,0,0,0,0,0,0,0,0,0,0,0,0,0,0,0,0,0,0,0,0,0,0,0,0,0,0,0,0,0,0,0,0,0,0,0,0,0,0,0,0,0,0,0,0,0,0,0,5,0,9,0,0,0,0,0,0,0,0,0,0,0,0,0,0,0,0,0,0,0,0,0,0,0,0,0,0,0,0,0,0,0,0,0,0,0,0,0,0,0,0,0,0,0,0,0,0,0,0,0,0,0,0,0,0,0,0,0,0,0,0,0,0,0,0,0,0,0,0,0,0,0,0,0,0,0,0,0,0,0,0,0,0,0,0,0,0,0,0,0,0
7GDAR,47,144,133,72,228,186,38,94,261,1201,2049,4252,4207,3226,9958,6743,1868,3564,599,36467,31,64,61,47,148,201,56,233,15,863,281,52,45,21,110,226,78,823,34,1670,58,127,103,113,483,542,147,329,19,1921,91,42,46,52,389,346,89,203,17,1273,204,325,331,348,1103,1791,627,1739,81,6556,41,44,61,63,374,321,122,223,12,1251,208,1068,860,506,1320,743,250,441,56,5449,138,1331,954,560,1155,748,191,557,85,5714,156,216,335,206,594,794,305,655,54,3310,19,44,47,30,189,138,41,68,7,586,49,55,40,64,234,236,45,103,8,835,29,78,81,39,235,232,79,194,6,979,155,293,357,318,997,1070,308,590,22,4116,78,375,328,203,500,388,100,288,37,2295,937,413,483,567,4223,3776,1295,2122,121,13939,269,711,670,492,1528,1175,404,906,55,6218,610,810,1030,1074,3157,2039,459,886,105,10171,61,224,167,93,328,359,58,157,19,1459
7RNTE,47,55,51,36,81,62,11,46,204,590,925,1650,1522,1268,4280,2882,843,2009,403,15781,34,104,60,43,196,184,105,762,39,1519,94,29,21,10,47,154,152,404,21,917,16,35,31,20,99,138,44,93,5,480,23,21,9,7,72,97,34,53,6,319,80,103,102,91,351,508,191,532,32,1997,18,19,14,11,84,79,28,93,8,351,91,390,304,149,483,378,159,268,34,2259,60,264,167,127,453,441,145,411,33,2113,50,59,73,55,212,196,73,217,23,963,3,16,11,8,60,30,7,38,3,180,12,12,17,13,39,35,6,14,0,151,4,15,14,18,60,59,15,36,0,216,38,85,74,68,242,256,92,168,14,1035,41,128,86,51,210,134,26,147,11,833,340,305,316,294,1752,1332,373,682,84,5470,181,369,378,333,952,721,257,550,39,3795,345,424,478,488,1958,1141,251,571,79,5731,49,153,110,69,268,166,45,96,22,976
79499,4,3,0,0,3,0,0,0,5,11,53,37,19,18,52,25,13,28,11,259,6,0,5,0,7,0,0,20,4,41,4,0,0,0,0,0,0,11,0,16,0,0,0,0,0,0,0,3,0,7,0,0,0,0,0,0,0,0,0,3,8,0,3,0,3,6,3,9,3,42,0,0,0,0,0,0,0,0,0,7,0,4,0,5,5,8,0,4,0,33,6,7,11,8,16,10,3,11,4,81,6,6,3,5,0,0,0,4,0,24,0,0,0,0,0,0,0,0,0,3,0,0,0,6,0,0,0,0,0,7,0,5,0,0,10,0,0,0,0,15,7,10,7,8,4,4,3,5,0,38,0,3,3,0,0,4,0,5,0,21,14,5,0,0,7,5,0,3,0,37,14,4,0,0,3,5,0,0,0,28,15,0,0,9,11,7,0,6,0,47,0,9,0,0,0,6,0,0,0,17
79799,0,0,0,0,0,0,0,0,0,0,0,0,0,0,0,0,0,4,0,3,0,4,0,0,0,3,0,11,3,20,0,0,0,0,0,0,0,5,0,5,0,0,0,0,0,0,0,0,0,0,0,0,0,0,0,0,0,0,0,0,0,0,0,0,0,0,0,3,0,3,0,0,0,0,0,0,0,0,0,0,0,0,0,0,0,0,0,0,0,0,0,0,0,0,0,0,0,0,0,0,0,0,0,0,0,0,0,14,0,15,0,0,0,0,0,0,0,0,0,0,0,0,0,0,0,0,0,0,0,0,0,0,0,0,0,0,0,0,0,0,0,0,0,0,0,0,0,0,0,0,0,0,0,0,0,0,0,0,0,0,0,0,0,0,0,0,0,0,0,0,0,0,0,0,0,0,0,0,0,0,0,0,0,0,0,0,0,0,0,0,0,0,0,0,0,0,0,0,0,0
8ACTE,69,273,220,129,392,252,46,88,438,1900,6861,17705,15867,10830,32354,22553,6441,9147,1076,122843,35,135,81,53,123,112,31,79,6,652,9,11,4,6,15,22,11,72,7,150,127,467,329,202,979,1144,304,544,18,4120,98,91,80,91,573,519,155,254,16,1878,488,926,1085,809,2573,5546,1674,3206,212,16523,50,145,130,117,523,536,159,288,10,1957,671,4580,2858,1207,3156,1806,622,983,133,16011,747,5659,2821,1024,2440,1566,506,844,148,15748,286,489,609,353,1084,1143,436,786,74,5252,106,303,252,210,1136,1002,277,411,11,3711,129,225,289,219,1091,904,241,407,11,3510,103,245,240,144,832,720,220,487,20,3012,754,1869,2053,1579,6459,8917,1991,3383,116,27120,238,1162,1061,493,1530,1245,243,454,55,6487,3959,2190,3829,4344,24980,20455,6075,7850,305,73991,1095,4277,2774,1709,5575,3750,1496,2584,93,23352,1485,3714,4303,3302,7524,4617,1132,2189,197,28459,220,1288,609,313,963,627,182,309,24,4533
89499,0,0,0,0,0,0,0,0,0,3,6,30,12,10,28,9,4,10,0,111,0,0,0,0,0,0,0,0,0,3,0,0,0,0,0,0,0,0,0,0,0,0,0,0,0,0,0,0,0,5,0,0,0,0,0,0,0,0,0,0,0,0,0,0,3,5,0,3,0,16,0,0,0,0,0,0,0,0,0,0,0,7,3,0,3,3,0,0,0,22,0,11,3,0,0,4,0,0,0,22,0,0,0,0,0,0,0,0,0,4,0,0,0,0,0,0,0,0,0,5,0,0,0,0,0,0,0,0,0,0,0,0,0,0,0,0,0,0,0,0,0,3,0,0,6,6,0,0,0,15,0,0,0,3,0,0,0,0,0,4,7,0,0,0,18,8,6,5,0,40,0,6,0,0,4,5,0,0,0,19,0,4,4,0,8,0,0,3,0,30,0,0,4,0,0,3,0,0,0,11
89799,0,0,0,0,0,0,0,0,0,0,0,0,0,0,0,0,0,0,0,0,0,0,0,0,0,0,0,0,0,0,0,0,0,0,0,0,0,0,0,0,0,0,0,0,0,0,0,0,0,0,0,0,0,0,0,0,0,0,0,0,0,0,0,0,0,0,0,0,0,0,0,0,0,0,0,0,0,0,0,0,0,0,0,0,0,0,0,0,0,0,0,0,0,0,0,0,0,0,0,0,0,0,0,0,0,0,0,0,0,0,0,0,0,0,0,0,0,0,0,0,0,0,0,0,0,0,0,0,0,0,0,0,0,0,0,0,0,0,0,0,0,0,0,0,0,0,0,0,0,0,0,0,0,0,0,0,0,0,0,0,0,0,0,0,0,0,0,0,0,0,0,0,0,0,0,0,0,0,0,0,0,0,0,0,0,0,0,0,0,0,0,0,0,0,0,0,0,0,0,0
9OTER,8,14,4,6,11,3,0,4,7,48,73,223,134,118,237,171,41,90,20,1105,0,11,0,7,6,4,3,8,0,30,3,4,0,0,26,12,14,37,3,93,0,5,0,5,4,4,0,4,0,32,10,3,0,0,15,10,4,8,3,50,3,15,17,18,60,57,7,32,0,209,3,3,3,3,7,4,0,0,0,20,4,44,35,15,40,22,14,18,0,200,26,64,29,19,45,29,4,24,10,257,3,21,10,9,19,17,10,15,0,104,0,3,0,0,0,8,0,0,0,15,0,4,3,4,3,4,0,5,0,26,0,8,6,0,9,3,4,0,0,24,8,11,5,10,3,7,4,7,0,61,17,22,12,21,42,25,6,6,0,151,18,27,16,13,132,117,25,74,4,419,7,16,20,26,30,26,15,22,0,161,10,26,24,11,29,34,3,10,0,150,7,18,6,0,21,10,4,6,0,66
99499,0,0,0,0,0,0,0,0,0,0,0,0,0,0,6,0,0,0,0,6,0,0,0,0,0,0,0,0,0,0,0,0,0,0,0,0,0,0,0,0,0,0,0,0,0,0,0,0,0,0,0,0,0,0,0,0,0,0,0,0,0,0,0,0,0,0,0,0,0,0,0,0,0,0,0,0,0,0,0,0,0,0,0,0,0,0,0,0,0,0,0,0,0,0,0,0,0,0,0,0,0,0,0,0,0,0,0,0,0,0,0,0,0,0,0,0,0,0,0,0,0,0,0,0,0,0,0,0,0,0,0,0,0,0,0,0,0,0,0,0,0,0,0,0,0,0,0,0,0,0,0,0,0,0,0,0,0,0,0,0,0,0,0,0,0,0,0,0,0,0,0,0,0,0,0,0,0,0,0,0,0,0,0,0,0,0,0,0,0,0,0,0,0,0,0,0,0,0,0,0
99799,0,0,0,0,0,0,0,0,0,0,0,0,0,0,0,0,0,0,0,0,0,0,0,0,0,0,0,0,0,0,0,0,0,0,0,0,0,0,0,0,0,0,0,0,0,0,0,0,0,0,0,0,0,0,0,0,0,0,0,0,0,0,0,0,0,0,0,0,0,0,0,0,0,0,0,0,0,0,0,0,0,0,0,0,0,0,0,0,0,0,0,0,0,0,0,0,0,0,0,0,0,0,0,0,0,0,0,0,0,0,0,0,0,0,0,0,0,0,0,0,0,0,0,0,0,0,0,0,0,0,0,0,0,0,0,0,0,0,0,0,0,0,0,0,0,0,0,0,0,0,0,0,0,0,0,0,0,0,0,0,0,0,0,0,0,0,0,0,0,0,0,0,0,0,0,0,0,0,0,0,0,0,0,0,0,0,0,0,0,0,0,0,0,0,0,0,0,0,0,0
